url,file_path,page_type,cluster,incoming_internal_links,outgoing_internal_links,inbound_bucket,crawl_depth,is_orphan
https://waterbalancetools.com/404,404.html,error,root,0,11,0,,true
https://waterbalancetools.com/about/,about/index.html,trust,about,461,25,5+,1,false
https://waterbalancetools.com/academy/equipment/automatic-chlorinators,academy/equipment/automatic-chlorinators.html,academy-article,academy/equipment,9,32,5+,3,false
https://waterbalancetools.com/academy/equipment/,academy/equipment/index.html,academy-article,academy/equipment,7,28,5+,2,false
https://waterbalancetools.com/academy/equipment/pool-filters,academy/equipment/pool-filters.html,academy-article,academy/equipment,16,34,5+,3,false
https://waterbalancetools.com/academy/equipment/pool-pumps,academy/equipment/pool-pumps.html,academy-article,academy/equipment,16,33,5+,3,false
https://waterbalancetools.com/academy/equipment/pool-skimmers,academy/equipment/pool-skimmers.html,academy-article,academy/equipment,8,32,5+,3,false
https://waterbalancetools.com/academy/equipment/salt-systems,academy/equipment/salt-systems.html,academy-article,academy/equipment,12,32,5+,3,false
https://waterbalancetools.com/academy/equipment/sand-vs-cartridge-filters,academy/equipment/sand-vs-cartridge-filters.html,academy-article,academy/equipment,14,31,5+,3,false
https://waterbalancetools.com/academy/fundamentals/how-temperature-changes-water-chemistry,academy/fundamentals/how-temperature-changes-water-chemistry.html,academy-article,academy/fundamentals,11,35,5+,3,false
https://waterbalancetools.com/academy/fundamentals/how-water-balance-works,academy/fundamentals/how-water-balance-works.html,academy-article,academy/fundamentals,16,37,5+,3,false
https://waterbalancetools.com/academy/fundamentals/,academy/fundamentals/index.html,academy-article,academy/fundamentals,8,29,5+,2,false
https://waterbalancetools.com/academy/fundamentals/indoor-pool-chemistry,academy/fundamentals/indoor-pool-chemistry.html,academy-article,academy/fundamentals,8,37,5+,3,false
https://waterbalancetools.com/academy/fundamentals/pool-vs-hot-tub-chemistry,academy/fundamentals/pool-vs-hot-tub-chemistry.html,academy-article,academy/fundamentals,13,37,5+,3,false
https://waterbalancetools.com/academy/fundamentals/the-four-core-water-tests,academy/fundamentals/the-four-core-water-tests.html,academy-article,academy/fundamentals,17,39,5+,3,false
https://waterbalancetools.com/academy/fundamentals/understanding-pool-water-chemistry,academy/fundamentals/understanding-pool-water-chemistry.html,academy-article,academy/fundamentals,18,40,5+,3,false
https://waterbalancetools.com/academy/fundamentals/why-water-testing-matters,academy/fundamentals/why-water-testing-matters.html,academy-article,academy/fundamentals,9,34,5+,3,false
https://waterbalancetools.com/academy/hot-tubs/daily-spa-maintenance,academy/hot-tubs/daily-spa-maintenance.html,academy-article,academy/hot-tubs,11,34,5+,3,false
https://waterbalancetools.com/academy/hot-tubs/,academy/hot-tubs/index.html,academy-article,academy/hot-tubs,7,28,5+,2,false
https://waterbalancetools.com/academy/hot-tubs/monthly-spa-maintenance,academy/hot-tubs/monthly-spa-maintenance.html,academy-article,academy/hot-tubs,8,31,5+,3,false
https://waterbalancetools.com/academy/hot-tubs/refilling-your-hot-tub,academy/hot-tubs/refilling-your-hot-tub.html,academy-article,academy/hot-tubs,14,36,5+,3,false
https://waterbalancetools.com/academy/hot-tubs/shock-after-heavy-use,academy/hot-tubs/shock-after-heavy-use.html,academy-article,academy/hot-tubs,9,32,5+,3,false
https://waterbalancetools.com/academy/hot-tubs/weekly-spa-maintenance,academy/hot-tubs/weekly-spa-maintenance.html,academy-article,academy/hot-tubs,11,34,5+,3,false
https://waterbalancetools.com/academy/hot-tubs/winter-spa-care,academy/hot-tubs/winter-spa-care.html,academy-article,academy/hot-tubs,12,31,5+,3,false
https://waterbalancetools.com/academy/,academy/index.html,academy-hub,academy,461,39,5+,1,false
https://waterbalancetools.com/academy/sanitizers/breakpoint-chlorination,academy/sanitizers/breakpoint-chlorination.html,academy-article,academy/sanitizers,17,40,5+,3,false
https://waterbalancetools.com/academy/sanitizers/bromine-vs-chlorine,academy/sanitizers/bromine-vs-chlorine.html,academy-article,academy/sanitizers,11,34,5+,3,false
https://waterbalancetools.com/academy/sanitizers/combined-chlorine-explained,academy/sanitizers/combined-chlorine-explained.html,academy-article,academy/sanitizers,16,34,5+,3,false
https://waterbalancetools.com/academy/sanitizers/,academy/sanitizers/index.html,academy-article,academy/sanitizers,7,28,5+,2,false
https://waterbalancetools.com/academy/sanitizers/liquid-chlorine-vs-tablets,academy/sanitizers/liquid-chlorine-vs-tablets.html,academy-article,academy/sanitizers,18,34,5+,3,false
https://waterbalancetools.com/academy/sanitizers/shock-treatments-explained,academy/sanitizers/shock-treatments-explained.html,academy-article,academy/sanitizers,30,34,5+,3,false
https://waterbalancetools.com/academy/sanitizers/understanding-free-chlorine,academy/sanitizers/understanding-free-chlorine.html,academy-article,academy/sanitizers,17,37,5+,3,false
https://waterbalancetools.com/academy/testing/common-testing-mistakes,academy/testing/common-testing-mistakes.html,academy-article,academy/testing,8,32,5+,3,false
https://waterbalancetools.com/academy/testing/digital-pool-testers,academy/testing/digital-pool-testers.html,academy-article,academy/testing,8,31,5+,3,false
https://waterbalancetools.com/academy/testing/how-often-to-test-water,academy/testing/how-often-to-test-water.html,academy-article,academy/testing,9,33,5+,3,false
https://waterbalancetools.com/academy/testing/,academy/testing/index.html,academy-article,academy/testing,7,28,5+,2,false
https://waterbalancetools.com/academy/testing/understanding-test-results,academy/testing/understanding-test-results.html,academy-article,academy/testing,11,36,5+,3,false
https://waterbalancetools.com/academy/testing/using-liquid-test-kits,academy/testing/using-liquid-test-kits.html,academy-article,academy/testing,14,32,5+,3,false
https://waterbalancetools.com/academy/testing/using-test-strips,academy/testing/using-test-strips.html,academy-article,academy/testing,8,32,5+,3,false
https://waterbalancetools.com/academy/troubleshooting/cloudy-water,academy/troubleshooting/cloudy-water.html,academy-article,academy/troubleshooting,12,46,5+,3,false
https://waterbalancetools.com/academy/troubleshooting/corrosion,academy/troubleshooting/corrosion.html,academy-article,academy/troubleshooting,18,41,5+,3,false
https://waterbalancetools.com/academy/troubleshooting/foaming-hot-tubs,academy/troubleshooting/foaming-hot-tubs.html,academy-article,academy/troubleshooting,8,32,5+,3,false
https://waterbalancetools.com/academy/troubleshooting/green-water,academy/troubleshooting/green-water.html,academy-article,academy/troubleshooting,20,44,5+,3,false
https://waterbalancetools.com/academy/troubleshooting/,academy/troubleshooting/index.html,academy-article,academy/troubleshooting,7,28,5+,2,false
https://waterbalancetools.com/academy/troubleshooting/scaling,academy/troubleshooting/scaling.html,academy-article,academy/troubleshooting,16,41,5+,3,false
https://waterbalancetools.com/academy/troubleshooting/strong-chlorine-smell,academy/troubleshooting/strong-chlorine-smell.html,academy-article,academy/troubleshooting,12,39,5+,3,false
https://waterbalancetools.com/academy/vacation-rentals/chemical-log-sheets,academy/vacation-rentals/chemical-log-sheets.html,academy-article,academy/vacation-rentals,10,34,5+,3,false
https://waterbalancetools.com/academy/vacation-rentals/emergency-water-recovery,academy/vacation-rentals/emergency-water-recovery.html,academy-article,academy/vacation-rentals,10,38,5+,3,false
https://waterbalancetools.com/academy/vacation-rentals/guest-safety,academy/vacation-rentals/guest-safety.html,academy-article,academy/vacation-rentals,11,35,5+,3,false
https://waterbalancetools.com/academy/vacation-rentals/,academy/vacation-rentals/index.html,academy-article,academy/vacation-rentals,7,28,5+,2,false
https://waterbalancetools.com/academy/vacation-rentals/maintenance-schedule,academy/vacation-rentals/maintenance-schedule.html,academy-article,academy/vacation-rentals,9,33,5+,3,false
https://waterbalancetools.com/academy/vacation-rentals/turnover-checklist,academy/vacation-rentals/turnover-checklist.html,academy-article,academy/vacation-rentals,9,36,5+,3,false
https://waterbalancetools.com/academy/vacation-rentals/weekly-inspection,academy/vacation-rentals/weekly-inspection.html,academy-article,academy/vacation-rentals,8,34,5+,3,false
https://waterbalancetools.com/academy/water-balance/,academy/water-balance/index.html,academy-article,academy/water-balance,7,28,5+,2,false
https://waterbalancetools.com/academy/water-balance/understanding-calcium-hardness,academy/water-balance/understanding-calcium-hardness.html,academy-article,academy/water-balance,17,32,5+,3,false
https://waterbalancetools.com/academy/water-balance/understanding-cyanuric-acid,academy/water-balance/understanding-cyanuric-acid.html,academy-article,academy/water-balance,20,34,5+,3,false
https://waterbalancetools.com/academy/water-balance/understanding-lsi,academy/water-balance/understanding-lsi.html,academy-article,academy/water-balance,17,32,5+,3,false
https://waterbalancetools.com/academy/water-balance/understanding-ph,academy/water-balance/understanding-ph.html,academy-article,academy/water-balance,24,37,5+,3,false
https://waterbalancetools.com/academy/water-balance/understanding-total-alkalinity,academy/water-balance/understanding-total-alkalinity.html,academy-article,academy/water-balance,15,34,5+,3,false
https://waterbalancetools.com/academy/water-balance/water-balance-order,academy/water-balance/water-balance-order.html,academy-article,academy/water-balance,16,37,5+,3,false
https://waterbalancetools.com/all-pages,all-pages.html,crawl-hub,root,468,186,5+,1,false
https://waterbalancetools.com/audit/google/authority-flow,audit/google/authority-flow.html,internal-dashboard,audit/google,1,0,1-2,,false
https://waterbalancetools.com/audit/google/crawl-depth,audit/google/crawl-depth.html,internal-dashboard,audit/google,1,0,1-2,,false
https://waterbalancetools.com/audit/google/freshness,audit/google/freshness.html,internal-dashboard,audit/google,1,0,1-2,,false
https://waterbalancetools.com/audit/google/,audit/google/index.html,internal-dashboard,audit/google,0,6,0,,true
https://waterbalancetools.com/audit/google/priority-report,audit/google/priority-report.html,internal-dashboard,audit/google,1,0,1-2,,false
https://waterbalancetools.com/audit/google/search-console-helper,audit/google/search-console-helper.html,internal-dashboard,audit/google,1,0,1-2,,false
https://waterbalancetools.com/audit/google/weak-pages,audit/google/weak-pages.html,internal-dashboard,audit/google,1,0,1-2,,false
https://waterbalancetools.com/calculators/chemical-calculator,calculators/chemical-calculator.html,calculator,calculators,466,71,5+,1,false
https://waterbalancetools.com/calculators/hot-tub-chlorine-calculator,calculators/hot-tub-chlorine-calculator.html,calculator,calculators,87,62,5+,1,false
https://waterbalancetools.com/calculators/hot-tub-ph-calculator,calculators/hot-tub-ph-calculator.html,calculator,calculators,87,61,5+,1,false
https://waterbalancetools.com/calculators/hot-tub-shock-calculator,calculators/hot-tub-shock-calculator.html,calculator,calculators,63,61,5+,1,false
https://waterbalancetools.com/calculators/,calculators/index.html,calculator-hub,calculators,36,87,5+,1,false
https://waterbalancetools.com/calculators/pool-alkalinity-calculator,calculators/pool-alkalinity-calculator.html,calculator,calculators,99,60,5+,1,false
https://waterbalancetools.com/calculators/pool-chlorine-calculator,calculators/pool-chlorine-calculator.html,calculator,calculators,470,62,5+,1,false
https://waterbalancetools.com/calculators/pool-cyanuric-acid-calculator,calculators/pool-cyanuric-acid-calculator.html,calculator,calculators,80,61,5+,1,false
https://waterbalancetools.com/calculators/pool-ph-calculator,calculators/pool-ph-calculator.html,calculator,calculators,469,62,5+,1,false
https://waterbalancetools.com/calculators/pool-shock-calculator,calculators/pool-shock-calculator.html,calculator,calculators,469,63,5+,1,false
https://waterbalancetools.com/calculators/pool-turnover-rate-calculator,calculators/pool-turnover-rate-calculator.html,calculator,calculators,33,61,5+,2,false
https://waterbalancetools.com/calculators/pool-volume-calculator,calculators/pool-volume-calculator.html,calculator,calculators,468,62,5+,1,false
https://waterbalancetools.com/calculators/saltwater-pool-salt-calculator,calculators/saltwater-pool-salt-calculator.html,calculator,calculators,33,61,5+,2,false
https://waterbalancetools.com/calculators/spa-volume-calculator,calculators/spa-volume-calculator.html,calculator,calculators,28,61,5+,2,false
https://waterbalancetools.com/calculators/volume-calculator,calculators/volume-calculator.html,calculator,calculators,1,63,1-2,2,false
https://waterbalancetools.com/charts/hot-tub-chemical-levels-chart,charts/hot-tub-chemical-levels-chart.html,chart,charts,3,29,3-4,3,false
https://waterbalancetools.com/charts/,charts/index.html,chart,charts,3,58,3-4,4,false
https://waterbalancetools.com/charts/pool-chemical-levels-chart,charts/pool-chemical-levels-chart.html,chart,charts,8,33,5+,3,false
https://waterbalancetools.com/charts/pool-water-balance-chart,charts/pool-water-balance-chart.html,chart,charts,12,29,5+,3,false
https://waterbalancetools.com/comparisons/chlorine-vs-bromine-hot-tub,comparisons/chlorine-vs-bromine-hot-tub.html,comparison,comparisons,11,34,5+,2,false
https://waterbalancetools.com/comparisons/chlorine-vs-bromine,comparisons/chlorine-vs-bromine.html,comparison,comparisons,8,32,5+,2,false
https://waterbalancetools.com/comparisons/free-chlorine-vs-total-chlorine,comparisons/free-chlorine-vs-total-chlorine.html,comparison,comparisons,5,32,5+,2,false
https://waterbalancetools.com/comparisons/,comparisons/index.html,comparison-hub,comparisons,8,74,5+,2,false
https://waterbalancetools.com/comparisons/liquid-chlorine-vs-tablets,comparisons/liquid-chlorine-vs-tablets.html,comparison,comparisons,6,33,5+,2,false
https://waterbalancetools.com/comparisons/pool-shock-vs-chlorine,comparisons/pool-shock-vs-chlorine.html,comparison,comparisons,10,33,5+,2,false
https://waterbalancetools.com/comparisons/salt-water-pool-vs-chlorine-pool,comparisons/salt-water-pool-vs-chlorine-pool.html,comparison,comparisons,10,33,5+,2,false
https://waterbalancetools.com/comparisons/saltwater-pool-vs-chlorine,comparisons/saltwater-pool-vs-chlorine.html,comparison,comparisons,9,36,5+,2,false
https://waterbalancetools.com/editorial/content-standards/,editorial/content-standards/index.html,editorial-policy,editorial/content-standards,1,4,1-2,5,false
https://waterbalancetools.com/editorial/correction-policy/,editorial/correction-policy/index.html,editorial-policy,editorial/correction-policy,2,4,1-2,3,false
https://waterbalancetools.com/editorial/editorial-policy/,editorial/editorial-policy/index.html,editorial-policy,editorial/editorial-policy,23,4,5+,3,false
https://waterbalancetools.com/editorial/,editorial/index.html,editorial-policy,editorial,5,7,5+,4,false
https://waterbalancetools.com/editorial/review-process/,editorial/review-process/index.html,editorial-policy,editorial/review-process,1,4,1-2,5,false
https://waterbalancetools.com/editorial/update-policy/,editorial/update-policy/index.html,editorial-policy,editorial/update-policy,2,4,1-2,3,false
https://waterbalancetools.com/entities/algae,entities/algae.html,entity,entities,33,47,5+,2,false
https://waterbalancetools.com/entities/alkalinity,entities/alkalinity.html,entity,entities,50,59,5+,2,false
https://waterbalancetools.com/entities/automatic-chlorinator,entities/automatic-chlorinator.html,entity,entities,24,35,5+,2,false
https://waterbalancetools.com/entities/backwashing,entities/backwashing.html,entity,entities,25,39,5+,2,false
https://waterbalancetools.com/entities/baking-soda,entities/baking-soda.html,entity,entities,20,35,5+,2,false
https://waterbalancetools.com/entities/balancing,entities/balancing.html,entity,entities,53,57,5+,2,false
https://waterbalancetools.com/entities/biguanide,entities/biguanide.html,entity,entities,22,25,5+,2,false
https://waterbalancetools.com/entities/breakpoint-chlorination,entities/breakpoint-chlorination.html,entity,entities,34,42,5+,2,false
https://waterbalancetools.com/entities/bromine,entities/bromine.html,entity,entities,21,39,5+,2,false
https://waterbalancetools.com/entities/calcium-chloride,entities/calcium-chloride.html,entity,entities,17,33,5+,2,false
https://waterbalancetools.com/entities/calcium-hardness,entities/calcium-hardness.html,entity,entities,30,62,5+,3,false
https://waterbalancetools.com/entities/calcium-hypochlorite,entities/calcium-hypochlorite.html,entity,entities,9,39,5+,3,false
https://waterbalancetools.com/entities/cartridge-filter,entities/cartridge-filter.html,entity,entities,9,37,5+,3,false
https://waterbalancetools.com/entities/cdc,entities/cdc.html,entity,entities,5,25,5+,3,false
https://waterbalancetools.com/entities/chemical-feeder,entities/chemical-feeder.html,entity,entities,1,28,1-2,3,false
https://waterbalancetools.com/entities/chemical-log,entities/chemical-log.html,entity,entities,3,31,3-4,3,false
https://waterbalancetools.com/entities/closing-checklist,entities/closing-checklist.html,entity,entities,2,28,1-2,3,false
https://waterbalancetools.com/entities/cloudy-water,entities/cloudy-water.html,entity,entities,6,48,5+,3,false
https://waterbalancetools.com/entities/combined-chlorine,entities/combined-chlorine.html,entity,entities,22,57,5+,3,false
https://waterbalancetools.com/entities/commercial-pool,entities/commercial-pool.html,entity,entities,1,39,1-2,3,false
https://waterbalancetools.com/entities/concrete-pool,entities/concrete-pool.html,entity,entities,7,37,5+,3,false
https://waterbalancetools.com/entities/copper,entities/copper.html,entity,entities,5,27,5+,3,false
https://waterbalancetools.com/entities/corrosion,entities/corrosion.html,entity,entities,18,48,5+,3,false
https://waterbalancetools.com/entities/cover,entities/cover.html,entity,entities,3,31,3-4,3,false
https://waterbalancetools.com/entities/cyanuric-acid,entities/cyanuric-acid.html,entity,entities,25,52,5+,3,false
https://waterbalancetools.com/entities/de-filter,entities/de-filter.html,entity,entities,11,40,5+,3,false
https://waterbalancetools.com/entities/emergency-reference,entities/emergency-reference.html,entity,entities,3,36,3-4,3,false
https://waterbalancetools.com/entities/epa,entities/epa.html,entity,entities,2,23,1-2,3,false
https://waterbalancetools.com/entities/eye-irritation,entities/eye-irritation.html,entity,entities,6,37,5+,3,false
https://waterbalancetools.com/entities/fiberglass-pool,entities/fiberglass-pool.html,entity,entities,3,30,3-4,3,false
https://waterbalancetools.com/entities/filtration,entities/filtration.html,entity,entities,23,51,5+,3,false
https://waterbalancetools.com/entities/flow-rate,entities/flow-rate.html,entity,entities,8,37,5+,3,false
https://waterbalancetools.com/entities/foaming,entities/foaming.html,entity,entities,1,28,1-2,3,false
https://waterbalancetools.com/entities/free-chlorine,entities/free-chlorine.html,entity,entities,66,81,5+,3,false
https://waterbalancetools.com/entities/gallons,entities/gallons.html,entity,entities,8,32,5+,3,false
https://waterbalancetools.com/entities/green-water,entities/green-water.html,entity,entities,10,47,5+,3,false
https://waterbalancetools.com/entities/heater,entities/heater.html,entity,entities,1,29,1-2,3,false
https://waterbalancetools.com/entities/high-chlorine,entities/high-chlorine.html,entity,entities,3,29,3-4,3,false
https://waterbalancetools.com/entities/high-ph,entities/high-ph.html,entity,entities,8,42,5+,3,false
https://waterbalancetools.com/entities/hot-tub,entities/hot-tub.html,entity,entities,22,58,5+,3,false
https://waterbalancetools.com/entities/hydrogen-peroxide,entities/hydrogen-peroxide.html,entity,entities,6,26,5+,3,false
https://waterbalancetools.com/entities/,entities/index.html,entity,entities,125,122,5+,2,false
https://waterbalancetools.com/entities/indoor-pool,entities/indoor-pool.html,entity,entities,3,32,3-4,3,false
https://waterbalancetools.com/entities/iron,entities/iron.html,entity,entities,5,25,5+,3,false
https://waterbalancetools.com/entities/lamotte,entities/lamotte.html,entity,entities,5,24,5+,3,false
https://waterbalancetools.com/entities/liquid-chlorine,entities/liquid-chlorine.html,entity,entities,9,38,5+,3,false
https://waterbalancetools.com/entities/liters,entities/liters.html,entity,entities,2,27,1-2,3,false
https://waterbalancetools.com/entities/low-chlorine,entities/low-chlorine.html,entity,entities,8,49,5+,3,false
https://waterbalancetools.com/entities/low-ph,entities/low-ph.html,entity,entities,6,40,5+,3,false
https://waterbalancetools.com/entities/lsi,entities/lsi.html,entity,entities,35,53,5+,3,false
https://waterbalancetools.com/entities/maintenance-checklist,entities/maintenance-checklist.html,entity,entities,3,35,3-4,3,false
https://waterbalancetools.com/entities/maintenance-log,entities/maintenance-log.html,entity,entities,2,32,1-2,3,false
https://waterbalancetools.com/entities/manganese,entities/manganese.html,entity,entities,1,25,1-2,3,false
https://waterbalancetools.com/entities/muriatic-acid,entities/muriatic-acid.html,entity,entities,11,45,5+,3,false
https://waterbalancetools.com/entities/nsf,entities/nsf.html,entity,entities,2,23,1-2,3,false
https://waterbalancetools.com/entities/opening-checklist,entities/opening-checklist.html,entity,entities,2,29,1-2,3,false
https://waterbalancetools.com/entities/orp,entities/orp.html,entity,entities,5,30,5+,3,false
https://waterbalancetools.com/entities/outdoor-pool,entities/outdoor-pool.html,entity,entities,4,39,3-4,3,false
https://waterbalancetools.com/entities/oxidation,entities/oxidation.html,entity,entities,7,32,5+,3,false
https://waterbalancetools.com/entities/ozone,entities/ozone.html,entity,entities,3,26,3-4,3,false
https://waterbalancetools.com/entities/ph,entities/ph.html,entity,entities,44,78,5+,3,false
https://waterbalancetools.com/entities/phosphate,entities/phosphate.html,entity,entities,5,28,5+,3,false
https://waterbalancetools.com/entities/phta,entities/phta.html,entity,entities,12,30,5+,3,false
https://waterbalancetools.com/entities/pool-opening,entities/pool-opening.html,entity,entities,5,34,5+,3,false
https://waterbalancetools.com/entities/pool-salt,entities/pool-salt.html,entity,entities,3,33,3-4,3,false
https://waterbalancetools.com/entities/ppm,entities/ppm.html,entity,entities,5,31,5+,3,false
https://waterbalancetools.com/entities/pump,entities/pump.html,entity,entities,17,47,5+,3,false
https://waterbalancetools.com/entities/salt-chlorinator,entities/salt-chlorinator.html,entity,entities,4,41,3-4,3,false
https://waterbalancetools.com/entities/salt,entities/salt.html,entity,entities,8,43,5+,3,false
https://waterbalancetools.com/entities/saltwater-pool,entities/saltwater-pool.html,entity,entities,5,45,5+,3,false
https://waterbalancetools.com/entities/sand-filter,entities/sand-filter.html,entity,entities,11,44,5+,3,false
https://waterbalancetools.com/entities/sanitizing,entities/sanitizing.html,entity,entities,17,51,5+,3,false
https://waterbalancetools.com/entities/scaling,entities/scaling.html,entity,entities,13,45,5+,3,false
https://waterbalancetools.com/entities/shock-treatment,entities/shock-treatment.html,entity,entities,26,58,5+,3,false
https://waterbalancetools.com/entities/skimmer,entities/skimmer.html,entity,entities,2,27,1-2,3,false
https://waterbalancetools.com/entities/skin-irritation,entities/skin-irritation.html,entity,entities,4,36,3-4,3,false
https://waterbalancetools.com/entities/soda-ash,entities/soda-ash.html,entity,entities,8,34,5+,3,false
https://waterbalancetools.com/entities/sodium-dichlor,entities/sodium-dichlor.html,entity,entities,3,31,3-4,3,false
https://waterbalancetools.com/entities/stabilizer,entities/stabilizer.html,entity,entities,3,33,3-4,3,false
https://waterbalancetools.com/entities/strong-chlorine-smell,entities/strong-chlorine-smell.html,entity,entities,5,38,5+,3,false
https://waterbalancetools.com/entities/swim-spa,entities/swim-spa.html,entity,entities,1,35,1-2,3,false
https://waterbalancetools.com/entities/swimming-pool,entities/swimming-pool.html,entity,entities,28,59,5+,3,false
https://waterbalancetools.com/entities/taylor-technologies,entities/taylor-technologies.html,entity,entities,5,26,5+,3,false
https://waterbalancetools.com/entities/temperature,entities/temperature.html,entity,entities,16,41,5+,3,false
https://waterbalancetools.com/entities/testing,entities/testing.html,entity,entities,25,59,5+,3,false
https://waterbalancetools.com/entities/total-chlorine,entities/total-chlorine.html,entity,entities,7,35,5+,3,false
https://waterbalancetools.com/entities/total-dissolved-solids,entities/total-dissolved-solids.html,entity,entities,5,31,5+,3,false
https://waterbalancetools.com/entities/trichlor-tablets,entities/trichlor-tablets.html,entity,entities,5,37,5+,3,false
https://waterbalancetools.com/entities/turnover-time,entities/turnover-time.html,entity,entities,12,38,5+,3,false
https://waterbalancetools.com/entities/unit-celsius,entities/unit-celsius.html,entity,entities,2,24,1-2,3,false
https://waterbalancetools.com/entities/unit-days,entities/unit-days.html,entity,entities,4,26,3-4,3,false
https://waterbalancetools.com/entities/unit-fahrenheit,entities/unit-fahrenheit.html,entity,entities,2,26,1-2,3,false
https://waterbalancetools.com/entities/unit-gallons,entities/unit-gallons.html,entity,entities,2,27,1-2,3,false
https://waterbalancetools.com/entities/unit-hours,entities/unit-hours.html,entity,entities,3,29,3-4,3,false
https://waterbalancetools.com/entities/unit-liters,entities/unit-liters.html,entity,entities,2,26,1-2,3,false
https://waterbalancetools.com/entities/unit-mg-l,entities/unit-mg-l.html,entity,entities,1,24,1-2,3,false
https://waterbalancetools.com/entities/unit-minutes,entities/unit-minutes.html,entity,entities,2,27,1-2,3,false
https://waterbalancetools.com/entities/unit-months,entities/unit-months.html,entity,entities,2,27,1-2,3,false
https://waterbalancetools.com/entities/unit-ppm,entities/unit-ppm.html,entity,entities,2,28,1-2,3,false
https://waterbalancetools.com/entities/unit-weeks,entities/unit-weeks.html,entity,entities,4,26,3-4,3,false
https://waterbalancetools.com/entities/vacation-rental-checklist,entities/vacation-rental-checklist.html,entity,entities,5,38,5+,3,false
https://waterbalancetools.com/entities/vinyl-pool,entities/vinyl-pool.html,entity,entities,3,30,3-4,3,false
https://waterbalancetools.com/entities/water-replacement,entities/water-replacement.html,entity,entities,11,39,5+,3,false
https://waterbalancetools.com/entities/water-test-sheet,entities/water-test-sheet.html,entity,entities,3,30,3-4,3,false
https://waterbalancetools.com/entities/winterization,entities/winterization.html,entity,entities,7,37,5+,3,false
https://waterbalancetools.com/formulas/alkalinity-formula,formulas/alkalinity-formula.html,formula-page,formulas,9,27,5+,3,false
https://waterbalancetools.com/formulas/cya-formula,formulas/cya-formula.html,formula-page,formulas,8,27,5+,3,false
https://waterbalancetools.com/formulas/,formulas/index.html,formula-hub,formulas,33,31,5+,2,false
https://waterbalancetools.com/formulas/liquid-chlorine-formula,formulas/liquid-chlorine-formula.html,formula-page,formulas,12,29,5+,3,false
https://waterbalancetools.com/formulas/lsi-formula,formulas/lsi-formula.html,formula-page,formulas,17,26,5+,3,false
https://waterbalancetools.com/formulas/ph-adjustment-formula,formulas/ph-adjustment-formula.html,formula-page,formulas,12,28,5+,3,false
https://waterbalancetools.com/formulas/pool-volume-formula,formulas/pool-volume-formula.html,formula-page,formulas,7,26,5+,3,false
https://waterbalancetools.com/formulas/salt-formula,formulas/salt-formula.html,formula-page,formulas,6,26,5+,3,false
https://waterbalancetools.com/formulas/shock-formula,formulas/shock-formula.html,formula-page,formulas,25,27,5+,3,false
https://waterbalancetools.com/formulas/turnover-formula,formulas/turnover-formula.html,formula-page,formulas,12,27,5+,3,false
https://waterbalancetools.com/glossary/aggressive-water,glossary/aggressive-water.html,glossary-term,glossary,2,22,1-2,3,false
https://waterbalancetools.com/glossary/algae-bloom,glossary/algae-bloom.html,glossary-term,glossary,1,22,1-2,3,false
https://waterbalancetools.com/glossary/algaecide,glossary/algaecide.html,glossary-term,glossary,1,20,1-2,3,false
https://waterbalancetools.com/glossary/ammonia,glossary/ammonia.html,glossary-term,glossary,1,20,1-2,3,false
https://waterbalancetools.com/glossary/backwashing,glossary/backwashing.html,glossary-term,glossary,4,26,3-4,3,false
https://waterbalancetools.com/glossary/bather-load,glossary/bather-load.html,glossary-term,glossary,1,20,1-2,3,false
https://waterbalancetools.com/glossary/bcdmh,glossary/bcdmh.html,glossary-term,glossary,2,27,1-2,3,false
https://waterbalancetools.com/glossary/bicarbonate-alkalinity,glossary/bicarbonate-alkalinity.html,glossary-term,glossary,1,30,1-2,3,false
https://waterbalancetools.com/glossary/biofilm,glossary/biofilm.html,glossary-term,glossary,2,20,1-2,3,false
https://waterbalancetools.com/glossary/black-algae,glossary/black-algae.html,glossary-term,glossary,3,22,3-4,3,false
https://waterbalancetools.com/glossary/breakpoint-chlorination,glossary/breakpoint-chlorination.html,glossary-term,glossary,3,28,3-4,3,false
https://waterbalancetools.com/glossary/breakpoint-dose,glossary/breakpoint-dose.html,glossary-term,glossary,1,22,1-2,3,false
https://waterbalancetools.com/glossary/bromine,glossary/bromine.html,glossary-term,glossary,2,28,1-2,3,false
https://waterbalancetools.com/glossary/calcium-hardness,glossary/calcium-hardness.html,glossary-term,glossary,3,31,3-4,3,false
https://waterbalancetools.com/glossary/calcium-hypochlorite,glossary/calcium-hypochlorite.html,glossary-term,glossary,3,29,3-4,3,false
https://waterbalancetools.com/glossary/carbon-dioxide,glossary/carbon-dioxide.html,glossary-term,glossary,1,20,1-2,3,false
https://waterbalancetools.com/glossary/cartridge-filter,glossary/cartridge-filter.html,glossary-term,glossary,2,26,1-2,3,false
https://waterbalancetools.com/glossary/chemical-compatibility,glossary/chemical-compatibility.html,glossary-term,glossary,2,20,1-2,3,false
https://waterbalancetools.com/glossary/chemical-log,glossary/chemical-log.html,glossary-term,glossary,2,26,1-2,3,false
https://waterbalancetools.com/glossary/chemical-storage,glossary/chemical-storage.html,glossary-term,glossary,1,20,1-2,3,false
https://waterbalancetools.com/glossary/chloramine,glossary/chloramine.html,glossary-term,glossary,6,31,5+,3,false
https://waterbalancetools.com/glossary/chlorine-demand,glossary/chlorine-demand.html,glossary-term,glossary,1,22,1-2,3,false
https://waterbalancetools.com/glossary/chlorine-stabilizer,glossary/chlorine-stabilizer.html,glossary-term,glossary,2,29,1-2,3,false
https://waterbalancetools.com/glossary/clarifier,glossary/clarifier.html,glossary-term,glossary,2,20,1-2,3,false
https://waterbalancetools.com/glossary/closing-chemical-kit,glossary/closing-chemical-kit.html,glossary-term,glossary,1,20,1-2,3,false
https://waterbalancetools.com/glossary/colorimetric-test,glossary/colorimetric-test.html,glossary-term,glossary,1,20,1-2,3,false
https://waterbalancetools.com/glossary/combined-chlorine,glossary/combined-chlorine.html,glossary-term,glossary,4,31,3-4,3,false
https://waterbalancetools.com/glossary/conductivity,glossary/conductivity.html,glossary-term,glossary,1,21,1-2,3,false
https://waterbalancetools.com/glossary/copper,glossary/copper.html,glossary-term,glossary,2,25,1-2,3,false
https://waterbalancetools.com/glossary/cyanuric-acid,glossary/cyanuric-acid.html,glossary-term,glossary,5,29,5+,3,false
https://waterbalancetools.com/glossary/de-filter,glossary/de-filter.html,glossary-term,glossary,2,27,1-2,3,false
https://waterbalancetools.com/glossary/dead-algae,glossary/dead-algae.html,glossary-term,glossary,1,20,1-2,3,false
https://waterbalancetools.com/glossary/dichlor,glossary/dichlor.html,glossary-term,glossary,3,28,3-4,3,false
https://waterbalancetools.com/glossary/dilution,glossary/dilution.html,glossary-term,glossary,1,21,1-2,3,false
https://waterbalancetools.com/glossary/dpd-test,glossary/dpd-test.html,glossary-term,glossary,1,20,1-2,3,false
https://waterbalancetools.com/glossary/evaporation,glossary/evaporation.html,glossary-term,glossary,2,20,1-2,3,false
https://waterbalancetools.com/glossary/filter-pressure,glossary/filter-pressure.html,glossary-term,glossary,5,20,5+,3,false
https://waterbalancetools.com/glossary/flocculant,glossary/flocculant.html,glossary-term,glossary,2,20,1-2,3,false
https://waterbalancetools.com/glossary/free-chlorine,glossary/free-chlorine.html,glossary-term,glossary,6,34,5+,3,false
https://waterbalancetools.com/glossary/gpm,glossary/gpm.html,glossary-term,glossary,3,29,3-4,3,false
https://waterbalancetools.com/glossary/green-algae,glossary/green-algae.html,glossary-term,glossary,3,22,3-4,3,false
https://waterbalancetools.com/glossary/hypochlorous-acid,glossary/hypochlorous-acid.html,glossary-term,glossary,1,22,1-2,3,false
https://waterbalancetools.com/glossary/,glossary/index.html,glossary-term,glossary,132,122,5+,2,false
https://waterbalancetools.com/glossary/iron,glossary/iron.html,glossary-term,glossary,2,24,1-2,3,false
https://waterbalancetools.com/glossary/langelier-saturation-index,glossary/langelier-saturation-index.html,glossary-term,glossary,3,31,3-4,3,false
https://waterbalancetools.com/glossary/main-drain,glossary/main-drain.html,glossary-term,glossary,1,20,1-2,3,false
https://waterbalancetools.com/glossary/metal-sequestrant,glossary/metal-sequestrant.html,glossary-term,glossary,2,20,1-2,3,false
https://waterbalancetools.com/glossary/multiport-valve,glossary/multiport-valve.html,glossary-term,glossary,2,20,1-2,3,false
https://waterbalancetools.com/glossary/muriatic-acid,glossary/muriatic-acid.html,glossary-term,glossary,2,30,1-2,3,false
https://waterbalancetools.com/glossary/mustard-algae,glossary/mustard-algae.html,glossary-term,glossary,2,21,1-2,3,false
https://waterbalancetools.com/glossary/opening-chemical-kit,glossary/opening-chemical-kit.html,glossary-term,glossary,1,21,1-2,3,false
https://waterbalancetools.com/glossary/orp,glossary/orp.html,glossary-term,glossary,2,25,1-2,3,false
https://waterbalancetools.com/glossary/oto-test,glossary/oto-test.html,glossary-term,glossary,2,20,1-2,3,false
https://waterbalancetools.com/glossary/oxidizer,glossary/oxidizer.html,glossary-term,glossary,2,21,1-2,3,false
https://waterbalancetools.com/glossary/ozone,glossary/ozone.html,glossary-term,glossary,1,24,1-2,3,false
https://waterbalancetools.com/glossary/partial-drain,glossary/partial-drain.html,glossary-term,glossary,2,21,1-2,3,false
https://waterbalancetools.com/glossary/parts-per-million,glossary/parts-per-million.html,glossary-term,glossary,2,28,1-2,3,false
https://waterbalancetools.com/glossary/ph-bounce,glossary/ph-bounce.html,glossary-term,glossary,2,22,1-2,3,false
https://waterbalancetools.com/glossary/ph-increaser,glossary/ph-increaser.html,glossary-term,glossary,1,28,1-2,3,false
https://waterbalancetools.com/glossary/ph,glossary/ph.html,glossary-term,glossary,6,34,5+,3,false
https://waterbalancetools.com/glossary/phosphates,glossary/phosphates.html,glossary-term,glossary,3,25,3-4,3,false
https://waterbalancetools.com/glossary/pink-slime,glossary/pink-slime.html,glossary-term,glossary,1,20,1-2,3,false
https://waterbalancetools.com/glossary/pool-chemistry-reference,glossary/pool-chemistry-reference.html,glossary-term,glossary,2,21,1-2,3,false
https://waterbalancetools.com/glossary/pool-maintenance-schedule,glossary/pool-maintenance-schedule.html,glossary-term,glossary,1,20,1-2,3,false
https://waterbalancetools.com/glossary/pool-pump,glossary/pool-pump.html,glossary-term,glossary,2,31,1-2,3,false
https://waterbalancetools.com/glossary/pool-safety-equipment,glossary/pool-safety-equipment.html,glossary-term,glossary,1,20,1-2,3,false
https://waterbalancetools.com/glossary/pool-shock-schedule,glossary/pool-shock-schedule.html,glossary-term,glossary,1,22,1-2,3,false
https://waterbalancetools.com/glossary/pool-turnover-rate,glossary/pool-turnover-rate.html,glossary-term,glossary,2,22,1-2,3,false
https://waterbalancetools.com/glossary/pool-volume-reference,glossary/pool-volume-reference.html,glossary-term,glossary,1,22,1-2,3,false
https://waterbalancetools.com/glossary/pool-volume,glossary/pool-volume.html,glossary-term,glossary,2,28,1-2,3,false
https://waterbalancetools.com/glossary/pressure-gauge,glossary/pressure-gauge.html,glossary-term,glossary,2,20,1-2,3,false
https://waterbalancetools.com/glossary/pump-turnover,glossary/pump-turnover.html,glossary-term,glossary,5,29,5+,3,false
https://waterbalancetools.com/glossary/reagent,glossary/reagent.html,glossary-term,glossary,2,20,1-2,3,false
https://waterbalancetools.com/glossary/return-jet,glossary/return-jet.html,glossary-term,glossary,1,20,1-2,3,false
https://waterbalancetools.com/glossary/salt-chlorination,glossary/salt-chlorination.html,glossary-term,glossary,5,22,5+,3,false
https://waterbalancetools.com/glossary/sand-filter,glossary/sand-filter.html,glossary-term,glossary,2,27,1-2,3,false
https://waterbalancetools.com/glossary/sanitizer,glossary/sanitizer.html,glossary-term,glossary,2,23,1-2,3,false
https://waterbalancetools.com/glossary/saturated-ph,glossary/saturated-ph.html,glossary-term,glossary,1,22,1-2,3,false
https://waterbalancetools.com/glossary/saturation-index,glossary/saturation-index.html,glossary-term,glossary,2,31,1-2,3,false
https://waterbalancetools.com/glossary/scale-inhibitor,glossary/scale-inhibitor.html,glossary-term,glossary,1,20,1-2,3,false
https://waterbalancetools.com/glossary/scaling-water,glossary/scaling-water.html,glossary-term,glossary,2,22,1-2,3,false
https://waterbalancetools.com/glossary/shock-dosage,glossary/shock-dosage.html,glossary-term,glossary,1,22,1-2,3,false
https://waterbalancetools.com/glossary/shock,glossary/shock.html,glossary-term,glossary,2,32,1-2,3,false
https://waterbalancetools.com/glossary/skimmer,glossary/skimmer.html,glossary-term,glossary,2,24,1-2,3,false
https://waterbalancetools.com/glossary/sodium-bicarbonate,glossary/sodium-bicarbonate.html,glossary-term,glossary,2,28,1-2,3,false
https://waterbalancetools.com/glossary/sodium-bisulfate,glossary/sodium-bisulfate.html,glossary-term,glossary,4,22,3-4,3,false
https://waterbalancetools.com/glossary/sodium-carbonate,glossary/sodium-carbonate.html,glossary-term,glossary,2,28,1-2,3,false
https://waterbalancetools.com/glossary/sodium-hypochlorite,glossary/sodium-hypochlorite.html,glossary-term,glossary,2,29,1-2,3,false
https://waterbalancetools.com/glossary/superchlorination,glossary/superchlorination.html,glossary-term,glossary,4,32,3-4,3,false
https://waterbalancetools.com/glossary/test-strip,glossary/test-strip.html,glossary-term,glossary,2,20,1-2,3,false
https://waterbalancetools.com/glossary/total-alkalinity,glossary/total-alkalinity.html,glossary-term,glossary,2,31,1-2,3,false
https://waterbalancetools.com/glossary/total-chlorine,glossary/total-chlorine.html,glossary-term,glossary,3,26,3-4,3,false
https://waterbalancetools.com/glossary/total-dissolved-solids,glossary/total-dissolved-solids.html,glossary-term,glossary,2,25,1-2,3,false
https://waterbalancetools.com/glossary/total-hardness,glossary/total-hardness.html,glossary-term,glossary,2,20,1-2,3,false
https://waterbalancetools.com/glossary/trichlor,glossary/trichlor.html,glossary-term,glossary,4,30,3-4,3,false
https://waterbalancetools.com/glossary/turbidity,glossary/turbidity.html,glossary-term,glossary,3,20,3-4,3,false
https://waterbalancetools.com/glossary/uv-sanitization,glossary/uv-sanitization.html,glossary-term,glossary,1,20,1-2,3,false
https://waterbalancetools.com/glossary/water-balance-checklist,glossary/water-balance-checklist.html,glossary-term,glossary,1,21,1-2,3,false
https://waterbalancetools.com/glossary/water-temperature,glossary/water-temperature.html,glossary-term,glossary,2,29,1-2,3,false
https://waterbalancetools.com/glossary/water-test-log,glossary/water-test-log.html,glossary-term,glossary,1,25,1-2,3,false
https://waterbalancetools.com/glossary/winterization,glossary/winterization.html,glossary-term,glossary,2,27,1-2,3,false
https://waterbalancetools.com/guides/advanced/chlorine-breakdown-sunlight,guides/advanced/chlorine-breakdown-sunlight.html,guide,guides/advanced,14,38,5+,2,false
https://waterbalancetools.com/guides/advanced/chlorine-vs-saltwater,guides/advanced/chlorine-vs-saltwater.html,guide,guides/advanced,12,38,5+,2,false
https://waterbalancetools.com/guides/advanced/cya-stabilizer-explained,guides/advanced/cya-stabilizer-explained.html,guide,guides/advanced,17,37,5+,2,false
https://waterbalancetools.com/guides/advanced/,guides/advanced/index.html,guide,guides/advanced,7,66,5+,2,false
https://waterbalancetools.com/guides/advanced/pool-chemistry-balance-explained,guides/advanced/pool-chemistry-balance-explained.html,guide,guides/advanced,7,38,5+,2,false
https://waterbalancetools.com/guides/alkalinity-guide,guides/alkalinity-guide.html,guide,guides,6,24,5+,2,false
https://waterbalancetools.com/guides/chlorine-guide,guides/chlorine-guide.html,guide,guides,52,45,5+,2,false
https://waterbalancetools.com/guides/chlorine/chlorine-too-high-after-shocking,guides/chlorine/chlorine-too-high-after-shocking.html,guide,guides/chlorine,15,32,5+,2,false
https://waterbalancetools.com/guides/chlorine/free-chlorine-vs-total-chlorine,guides/chlorine/free-chlorine-vs-total-chlorine.html,guide,guides/chlorine,17,32,5+,2,false
https://waterbalancetools.com/guides/chlorine/how-often-should-i-shock-my-pool,guides/chlorine/how-often-should-i-shock-my-pool.html,guide,guides/chlorine,13,32,5+,2,false
https://waterbalancetools.com/guides/chlorine/,guides/chlorine/index.html,guide,guides/chlorine,16,69,5+,2,false
https://waterbalancetools.com/guides/chlorine/why-pool-chlorine-disappears-overnight,guides/chlorine/why-pool-chlorine-disappears-overnight.html,guide,guides/chlorine,12,32,5+,2,false
https://waterbalancetools.com/guides/chlorine/why-pool-wont-hold-chlorine,guides/chlorine/why-pool-wont-hold-chlorine.html,guide,guides/chlorine,13,32,5+,2,false
https://waterbalancetools.com/guides/edge-cases/evaporation-effect-on-pool-chemistry,guides/edge-cases/evaporation-effect-on-pool-chemistry.html,guide,guides/edge-cases,3,31,3-4,2,false
https://waterbalancetools.com/guides/edge-cases/high-cya-chlorine-lock,guides/edge-cases/high-cya-chlorine-lock.html,guide,guides/edge-cases,17,32,5+,2,false
https://waterbalancetools.com/guides/edge-cases/,guides/edge-cases/index.html,guide,guides/edge-cases,10,72,5+,2,false
https://waterbalancetools.com/guides/edge-cases/over-shocking-pool-effects,guides/edge-cases/over-shocking-pool-effects.html,guide,guides/edge-cases,10,31,5+,2,false
https://waterbalancetools.com/guides/edge-cases/pool-temperature-effect-chlorine,guides/edge-cases/pool-temperature-effect-chlorine.html,guide,guides/edge-cases,10,31,5+,2,false
https://waterbalancetools.com/guides/edge-cases/rain-effect-on-pool-chemistry,guides/edge-cases/rain-effect-on-pool-chemistry.html,guide,guides/edge-cases,7,31,5+,2,false
https://waterbalancetools.com/guides/edge-cases/swimming-after-shocking-pool,guides/edge-cases/swimming-after-shocking-pool.html,guide,guides/edge-cases,10,32,5+,2,false
https://waterbalancetools.com/guides/hot-tub-chemistry,guides/hot-tub-chemistry.html,guide,guides,18,29,5+,2,false
https://waterbalancetools.com/guides/hot-tub-maintenance,guides/hot-tub-maintenance.html,guide,guides,5,21,5+,2,false
https://waterbalancetools.com/guides/hot-tub/hot-tub-alkalinity-too-high,guides/hot-tub/hot-tub-alkalinity-too-high.html,guide,guides/hot-tub,11,31,5+,2,false
https://waterbalancetools.com/guides/hot-tub/hot-tub-chlorine-too-high,guides/hot-tub/hot-tub-chlorine-too-high.html,guide,guides/hot-tub,8,31,5+,2,false
https://waterbalancetools.com/guides/hot-tub/hot-tub-chlorine-too-low,guides/hot-tub/hot-tub-chlorine-too-low.html,guide,guides/hot-tub,5,31,5+,2,false
https://waterbalancetools.com/guides/hot-tub/hot-tub-ph-too-low,guides/hot-tub/hot-tub-ph-too-low.html,guide,guides/hot-tub,11,31,5+,2,false
https://waterbalancetools.com/guides/hot-tub/how-often-to-shock-a-hot-tub,guides/hot-tub/how-often-to-shock-a-hot-tub.html,guide,guides/hot-tub,12,31,5+,2,false
https://waterbalancetools.com/guides/hot-tub/,guides/hot-tub/index.html,guide,guides/hot-tub,13,69,5+,2,false
https://waterbalancetools.com/guides/,guides/index.html,guide-hub,guides,49,87,5+,2,false
https://waterbalancetools.com/guides/ph-guide,guides/ph-guide.html,guide,guides,14,29,5+,2,false
https://waterbalancetools.com/guides/ph/can-you-swim-in-high-ph-water,guides/ph/can-you-swim-in-high-ph-water.html,guide,guides/ph,28,33,5+,2,false
https://waterbalancetools.com/guides/ph/does-rain-lower-pool-ph,guides/ph/does-rain-lower-pool-ph.html,guide,guides/ph,22,33,5+,2,false
https://waterbalancetools.com/guides/ph/how-to-lower-pool-ph,guides/ph/how-to-lower-pool-ph.html,guide,guides/ph,11,33,5+,2,false
https://waterbalancetools.com/guides/ph/,guides/ph/index.html,guide,guides/ph,8,69,5+,2,false
https://waterbalancetools.com/guides/ph/what-causes-high-pool-ph,guides/ph/what-causes-high-pool-ph.html,guide,guides/ph,7,33,5+,2,false
https://waterbalancetools.com/guides/ph/why-pool-ph-keeps-rising,guides/ph/why-pool-ph-keeps-rising.html,guide,guides/ph,11,33,5+,2,false
https://waterbalancetools.com/guides/pool-chemistry-basics,guides/pool-chemistry-basics.html,guide,guides,468,20,5+,1,false
https://waterbalancetools.com/guides/questions/can-rain-affect-pool-chemistry,guides/questions/can-rain-affect-pool-chemistry.html,question-page,guides/questions,2,30,1-2,2,false
https://waterbalancetools.com/guides/questions/can-you-swim-after-shocking-a-pool,guides/questions/can-you-swim-after-shocking-a-pool.html,question-page,guides/questions,6,30,5+,2,false
https://waterbalancetools.com/guides/questions/,guides/questions/index.html,question-page,guides/questions,7,72,5+,2,false
https://waterbalancetools.com/guides/questions/why-does-hot-tub-water-smell,guides/questions/why-does-hot-tub-water-smell.html,question-page,guides/questions,9,30,5+,2,false
https://waterbalancetools.com/guides/questions/why-does-pool-water-turn-cloudy,guides/questions/why-does-pool-water-turn-cloudy.html,question-page,guides/questions,4,31,3-4,2,false
https://waterbalancetools.com/guides/questions/why-is-my-hot-tub-foamy,guides/questions/why-is-my-hot-tub-foamy.html,question-page,guides/questions,11,30,5+,2,false
https://waterbalancetools.com/guides/questions/why-is-my-pool-green-but-chlorine-is-high,guides/questions/why-is-my-pool-green-but-chlorine-is-high.html,question-page,guides/questions,7,31,5+,2,false
https://waterbalancetools.com/guides/seasonal/closing-pool-chemistry-winter,guides/seasonal/closing-pool-chemistry-winter.html,guide,guides/seasonal,4,34,3-4,2,false
https://waterbalancetools.com/guides/seasonal/,guides/seasonal/index.html,guide,guides/seasonal,6,66,5+,2,false
https://waterbalancetools.com/guides/seasonal/opening-pool-chemistry-checklist,guides/seasonal/opening-pool-chemistry-checklist.html,guide,guides/seasonal,5,34,5+,2,false
https://waterbalancetools.com/guides/seasonal/summer-high-chlorine-demand,guides/seasonal/summer-high-chlorine-demand.html,guide,guides/seasonal,7,35,5+,2,false
https://waterbalancetools.com/guides/seasonal/winter-pool-maintenance-chemistry,guides/seasonal/winter-pool-maintenance-chemistry.html,guide,guides/seasonal,5,35,5+,2,false
https://waterbalancetools.com/hot-tub-chemical-levels-chart,hot-tub-chemical-levels-chart.html,chart,root,10,24,5+,2,false
https://waterbalancetools.com/hot-tub-chlorine-levels-chart,hot-tub-chlorine-levels-chart.html,chart,root,4,24,3-4,2,false
https://waterbalancetools.com/,index.html,homepage,root,497,44,5+,0,false
https://waterbalancetools.com/legal/,legal/index.html,legal,legal,2,59,1-2,2,false
https://waterbalancetools.com/legal/legal,legal/legal.html,legal,legal,467,19,5+,1,false
https://waterbalancetools.com/legal/ownership,legal/ownership.html,legal,legal,467,19,5+,1,false
https://waterbalancetools.com/maintenance/how-often-add-chlorine-pool,maintenance/how-often-add-chlorine-pool.html,maintenance-guide,maintenance,3,25,3-4,3,false
https://waterbalancetools.com/maintenance/how-to-balance-pool-water,maintenance/how-to-balance-pool-water.html,maintenance-guide,maintenance,7,30,5+,3,false
https://waterbalancetools.com/maintenance/how-to-fix-cloudy-hot-tub,maintenance/how-to-fix-cloudy-hot-tub.html,maintenance-guide,maintenance,3,26,3-4,4,false
https://waterbalancetools.com/maintenance/,maintenance/index.html,maintenance-hub,maintenance,3,62,3-4,4,false
https://waterbalancetools.com/methodology/calculation-assumptions/,methodology/calculation-assumptions/index.html,methodology,methodology/calculation-assumptions,24,6,5+,2,false
https://waterbalancetools.com/methodology/calculation-methodology/,methodology/calculation-methodology/index.html,methodology,methodology/calculation-methodology,30,6,5+,2,false
https://waterbalancetools.com/methodology/confidence-system/,methodology/confidence-system/index.html,methodology,methodology/confidence-system,1,6,1-2,3,false
https://waterbalancetools.com/methodology/formula-selection/,methodology/formula-selection/index.html,methodology,methodology/formula-selection,24,6,5+,2,false
https://waterbalancetools.com/methodology/,methodology/index.html,methodology,methodology,8,9,5+,2,false
https://waterbalancetools.com/methodology/known-limitations/,methodology/known-limitations/index.html,methodology,methodology/known-limitations,15,6,5+,2,false
https://waterbalancetools.com/methodology/precision-policy/,methodology/precision-policy/index.html,methodology,methodology/precision-policy,1,6,1-2,3,false
https://waterbalancetools.com/methodology/rounding-policy/,methodology/rounding-policy/index.html,methodology,methodology/rounding-policy,15,6,5+,2,false
https://waterbalancetools.com/pool-alkalinity-levels-chart,pool-alkalinity-levels-chart.html,chart,root,3,24,3-4,2,false
https://waterbalancetools.com/pool-chemical-levels-chart,pool-chemical-levels-chart.html,chart,root,468,24,5+,1,false
https://waterbalancetools.com/pool-chemistry-system,pool-chemistry-system.html,chart,root,1,57,1-2,2,false
https://waterbalancetools.com/pool-chlorine-levels-chart,pool-chlorine-levels-chart.html,chart,root,29,24,5+,1,false
https://waterbalancetools.com/pool-cya-levels-chart,pool-cya-levels-chart.html,chart,root,4,24,3-4,2,false
https://waterbalancetools.com/pool-ph-levels-chart,pool-ph-levels-chart.html,chart,root,25,24,5+,1,false
https://waterbalancetools.com/printable/maintenance-checklist,printable/maintenance-checklist.html,printable,printable,1,14,1-2,3,false
https://waterbalancetools.com/printables/airbnb-pool-turnover-checklist,printables/airbnb-pool-turnover-checklist.html,printable,printables,1,17,1-2,,false
https://waterbalancetools.com/printables/hot-tub-maintenance-log,printables/hot-tub-maintenance-log.html,printable,printables,1,15,1-2,,false
https://waterbalancetools.com/printables/pool-maintenance-checklist,printables/pool-maintenance-checklist.html,printable,printables,2,17,1-2,,false
https://waterbalancetools.com/programmatic/behavior/how-often-to-shock-pool,programmatic/behavior/how-often-to-shock-pool.html,programmatic-longtail,programmatic/behavior,8,32,5+,2,false
https://waterbalancetools.com/programmatic/behavior/how-often-to-test-pool-water,programmatic/behavior/how-often-to-test-pool-water.html,programmatic-longtail,programmatic/behavior,10,32,5+,2,false
https://waterbalancetools.com/programmatic/behavior/,programmatic/behavior/index.html,programmatic-subhub,programmatic/behavior,10,63,5+,2,false
https://waterbalancetools.com/programmatic/behavior/when-to-add-chlorine,programmatic/behavior/when-to-add-chlorine.html,programmatic-longtail,programmatic/behavior,14,32,5+,2,false
https://waterbalancetools.com/programmatic/chlorine/how-much-chlorine-for-10000-gallon-pool,programmatic/chlorine/how-much-chlorine-for-10000-gallon-pool.html,programmatic-longtail,programmatic/chlorine,23,38,5+,2,false
https://waterbalancetools.com/programmatic/chlorine/how-much-chlorine-for-12000-gallon-pool,programmatic/chlorine/how-much-chlorine-for-12000-gallon-pool.html,programmatic-longtail,programmatic/chlorine,17,38,5+,2,false
https://waterbalancetools.com/programmatic/chlorine/how-much-chlorine-for-15000-gallon-pool,programmatic/chlorine/how-much-chlorine-for-15000-gallon-pool.html,programmatic-longtail,programmatic/chlorine,19,38,5+,2,false
https://waterbalancetools.com/programmatic/chlorine/how-much-chlorine-for-18000-gallon-pool,programmatic/chlorine/how-much-chlorine-for-18000-gallon-pool.html,programmatic-longtail,programmatic/chlorine,17,38,5+,2,false
https://waterbalancetools.com/programmatic/chlorine/how-much-chlorine-for-20000-gallon-pool,programmatic/chlorine/how-much-chlorine-for-20000-gallon-pool.html,programmatic-longtail,programmatic/chlorine,15,38,5+,2,false
https://waterbalancetools.com/programmatic/chlorine/how-much-chlorine-for-25000-gallon-pool,programmatic/chlorine/how-much-chlorine-for-25000-gallon-pool.html,programmatic-longtail,programmatic/chlorine,13,38,5+,2,false
https://waterbalancetools.com/programmatic/chlorine/how-much-chlorine-for-30000-gallon-pool,programmatic/chlorine/how-much-chlorine-for-30000-gallon-pool.html,programmatic-longtail,programmatic/chlorine,11,38,5+,2,false
https://waterbalancetools.com/programmatic/chlorine/how-much-chlorine-for-5000-gallon-pool,programmatic/chlorine/how-much-chlorine-for-5000-gallon-pool.html,programmatic-longtail,programmatic/chlorine,13,38,5+,2,false
https://waterbalancetools.com/programmatic/chlorine/how-much-chlorine-for-7000-gallon-pool,programmatic/chlorine/how-much-chlorine-for-7000-gallon-pool.html,programmatic-longtail,programmatic/chlorine,13,38,5+,2,false
https://waterbalancetools.com/programmatic/chlorine/how-much-chlorine-for-8000-gallon-pool,programmatic/chlorine/how-much-chlorine-for-8000-gallon-pool.html,programmatic-longtail,programmatic/chlorine,15,38,5+,2,false
https://waterbalancetools.com/programmatic/chlorine/how-much-chlorine-for-9000-gallon-pool,programmatic/chlorine/how-much-chlorine-for-9000-gallon-pool.html,programmatic-longtail,programmatic/chlorine,14,38,5+,2,false
https://waterbalancetools.com/programmatic/chlorine/,programmatic/chlorine/index.html,programmatic-subhub,programmatic/chlorine,16,80,5+,2,false
https://waterbalancetools.com/programmatic/explanations/,programmatic/explanations/index.html,programmatic-subhub,programmatic/explanations,9,63,5+,2,false
https://waterbalancetools.com/programmatic/explanations/what-is-pool-alkalinity,programmatic/explanations/what-is-pool-alkalinity.html,programmatic-longtail,programmatic/explanations,27,31,5+,2,false
https://waterbalancetools.com/programmatic/explanations/why-ph-affects-chlorine,programmatic/explanations/why-ph-affects-chlorine.html,programmatic-longtail,programmatic/explanations,11,33,5+,2,false
https://waterbalancetools.com/programmatic/explanations/why-shower-before-pool,programmatic/explanations/why-shower-before-pool.html,programmatic-longtail,programmatic/explanations,5,33,5+,2,false
https://waterbalancetools.com/programmatic/hot-tubs/hot-tub-chemicals-for-200-gallons,programmatic/hot-tubs/hot-tub-chemicals-for-200-gallons.html,programmatic-longtail,programmatic/hot-tubs,11,37,5+,2,false
https://waterbalancetools.com/programmatic/hot-tubs/hot-tub-chemicals-for-300-gallons,programmatic/hot-tubs/hot-tub-chemicals-for-300-gallons.html,programmatic-longtail,programmatic/hot-tubs,12,37,5+,2,false
https://waterbalancetools.com/programmatic/hot-tubs/hot-tub-chemicals-for-400-gallons,programmatic/hot-tubs/hot-tub-chemicals-for-400-gallons.html,programmatic-longtail,programmatic/hot-tubs,14,37,5+,2,false
https://waterbalancetools.com/programmatic/hot-tubs/hot-tub-chemicals-for-500-gallons,programmatic/hot-tubs/hot-tub-chemicals-for-500-gallons.html,programmatic-longtail,programmatic/hot-tubs,10,37,5+,2,false
https://waterbalancetools.com/programmatic/hot-tubs/hot-tub-chemicals-for-600-gallons,programmatic/hot-tubs/hot-tub-chemicals-for-600-gallons.html,programmatic-longtail,programmatic/hot-tubs,11,37,5+,2,false
https://waterbalancetools.com/programmatic/hot-tubs/,programmatic/hot-tubs/index.html,programmatic-subhub,programmatic/hot-tubs,10,69,5+,2,false
https://waterbalancetools.com/programmatic/,programmatic/index.html,programmatic-hub,programmatic,44,78,5+,3,false
https://waterbalancetools.com/programmatic/ph/how-to-adjust-ph-from-6-8-to-7-2,programmatic/ph/how-to-adjust-ph-from-6-8-to-7-2.html,programmatic-longtail,programmatic/ph,10,36,5+,2,false
https://waterbalancetools.com/programmatic/ph/how-to-adjust-ph-from-7-8-to-7-4,programmatic/ph/how-to-adjust-ph-from-7-8-to-7-4.html,programmatic-longtail,programmatic/ph,11,36,5+,2,false
https://waterbalancetools.com/programmatic/ph/how-to-adjust-ph-from-7-to-7-4,programmatic/ph/how-to-adjust-ph-from-7-to-7-4.html,programmatic-longtail,programmatic/ph,12,36,5+,2,false
https://waterbalancetools.com/programmatic/ph/how-to-adjust-ph-from-8-to-7-5,programmatic/ph/how-to-adjust-ph-from-8-to-7-5.html,programmatic-longtail,programmatic/ph,15,36,5+,2,false
https://waterbalancetools.com/programmatic/ph/,programmatic/ph/index.html,programmatic-subhub,programmatic/ph,8,66,5+,2,false
https://waterbalancetools.com/programmatic/problems/cloudy-pool-fix,programmatic/problems/cloudy-pool-fix.html,programmatic-longtail,programmatic/problems,16,33,5+,2,false
https://waterbalancetools.com/programmatic/problems/green-pool-how-much-chlorine,programmatic/problems/green-pool-how-much-chlorine.html,programmatic-longtail,programmatic/problems,22,33,5+,2,false
https://waterbalancetools.com/programmatic/problems/high-chlorine-how-to-lower,programmatic/problems/high-chlorine-how-to-lower.html,programmatic-longtail,programmatic/problems,16,33,5+,2,false
https://waterbalancetools.com/programmatic/problems/,programmatic/problems/index.html,programmatic-subhub,programmatic/problems,7,66,5+,2,false
https://waterbalancetools.com/programmatic/problems/low-alkalinity-symptoms,programmatic/problems/low-alkalinity-symptoms.html,programmatic-longtail,programmatic/problems,20,31,5+,2,false
https://waterbalancetools.com/programmatic/shock/how-much-shock-for-10000-gallon-pool,programmatic/shock/how-much-shock-for-10000-gallon-pool.html,programmatic-longtail,programmatic/shock,23,38,5+,2,false
https://waterbalancetools.com/programmatic/shock/how-much-shock-for-15000-gallon-pool,programmatic/shock/how-much-shock-for-15000-gallon-pool.html,programmatic-longtail,programmatic/shock,15,38,5+,2,false
https://waterbalancetools.com/programmatic/shock/how-much-shock-for-20000-gallon-pool,programmatic/shock/how-much-shock-for-20000-gallon-pool.html,programmatic-longtail,programmatic/shock,14,38,5+,2,false
https://waterbalancetools.com/programmatic/shock/how-much-shock-for-25000-gallon-pool,programmatic/shock/how-much-shock-for-25000-gallon-pool.html,programmatic-longtail,programmatic/shock,15,38,5+,2,false
https://waterbalancetools.com/programmatic/shock/how-much-shock-for-30000-gallon-pool,programmatic/shock/how-much-shock-for-30000-gallon-pool.html,programmatic-longtail,programmatic/shock,14,38,5+,2,false
https://waterbalancetools.com/programmatic/shock/how-much-shock-for-5000-gallon-pool,programmatic/shock/how-much-shock-for-5000-gallon-pool.html,programmatic-longtail,programmatic/shock,13,38,5+,2,false
https://waterbalancetools.com/programmatic/shock/,programmatic/shock/index.html,programmatic-subhub,programmatic/shock,10,72,5+,2,false
https://waterbalancetools.com/provenance/,provenance/index.html,provenance,provenance,15,17,5+,3,false
https://waterbalancetools.com/qa/certification,qa/certification.html,qa-internal,qa,3,0,3-4,,false
https://waterbalancetools.com/qa/,qa/index.html,qa-internal,qa,15,13,5+,,false
https://waterbalancetools.com/reference/alkalinity-table,reference/alkalinity-table.html,reference-page,reference,35,20,5+,2,false
https://waterbalancetools.com/reference/calcium-hardness-explained,reference/calcium-hardness-explained.html,reference-page,reference,3,32,3-4,2,false
https://waterbalancetools.com/reference/calculator-directory,reference/calculator-directory.html,reference-page,reference,3,20,3-4,2,false
https://waterbalancetools.com/reference/chemical-compatibility,reference/chemical-compatibility.html,reference-page,reference,9,19,5+,2,false
https://waterbalancetools.com/reference/chemical-conversion-tables,reference/chemical-conversion-tables.html,reference-page,reference,13,20,5+,2,false
https://waterbalancetools.com/reference/chemical-safety,reference/chemical-safety.html,reference-page,reference,6,19,5+,2,false
https://waterbalancetools.com/reference/chemical-storage-guide,reference/chemical-storage-guide.html,reference-page,reference,5,19,5+,2,false
https://waterbalancetools.com/reference/chlorine-effectiveness-chart,reference/chlorine-effectiveness-chart.html,reference-page,reference,6,21,5+,2,false
https://waterbalancetools.com/reference/chlorine-explained,reference/chlorine-explained.html,reference-page,reference,10,35,5+,2,false
https://waterbalancetools.com/reference/combined-chlorine-explained,reference/combined-chlorine-explained.html,reference-page,reference,7,34,5+,2,false
https://waterbalancetools.com/reference/common-pool-chemistry-mistakes,reference/common-pool-chemistry-mistakes.html,reference-page,reference,6,38,5+,2,false
https://waterbalancetools.com/reference/cya-matrix,reference/cya-matrix.html,reference-page,reference,8,21,5+,2,false
https://waterbalancetools.com/reference/cyanuric-acid-explained,reference/cyanuric-acid-explained.html,reference-page,reference,6,35,5+,2,false
https://waterbalancetools.com/reference/datasets/chemical-properties/,reference/datasets/chemical-properties/index.html,dataset-page,reference/datasets,6,7,5+,3,false
https://waterbalancetools.com/reference/datasets/chemical-ranges/,reference/datasets/chemical-ranges/index.html,dataset-page,reference/datasets,22,17,5+,2,false
https://waterbalancetools.com/reference/datasets/compatibility/,reference/datasets/compatibility/index.html,dataset-page,reference/datasets,6,7,5+,3,false
https://waterbalancetools.com/reference/datasets/confidence-levels/,reference/datasets/confidence-levels/index.html,dataset-page,reference/datasets,6,7,5+,3,false
https://waterbalancetools.com/reference/datasets/conversion-factors/,reference/datasets/conversion-factors/index.html,dataset-page,reference/datasets,13,12,5+,2,false
https://waterbalancetools.com/reference/datasets/dosage-matrices/,reference/datasets/dosage-matrices/index.html,dataset-page,reference/datasets,19,17,5+,2,false
https://waterbalancetools.com/reference/datasets/hot-tub-ranges/,reference/datasets/hot-tub-ranges/index.html,dataset-page,reference/datasets,4,7,3-4,2,false
https://waterbalancetools.com/reference/datasets/,reference/datasets/index.html,dataset-page,reference/datasets,25,18,5+,2,false
https://waterbalancetools.com/reference/datasets/maintenance-schedules/,reference/datasets/maintenance-schedules/index.html,dataset-page,reference/datasets,3,7,3-4,2,false
https://waterbalancetools.com/reference/datasets/pool-types/,reference/datasets/pool-types/index.html,dataset-page,reference/datasets,3,7,3-4,2,false
https://waterbalancetools.com/reference/datasets/temperature-guidelines/,reference/datasets/temperature-guidelines/index.html,dataset-page,reference/datasets,2,7,1-2,3,false
https://waterbalancetools.com/reference/datasets/testing-frequency/,reference/datasets/testing-frequency/index.html,dataset-page,reference/datasets,2,7,1-2,3,false
https://waterbalancetools.com/reference/datasets/units/,reference/datasets/units/index.html,dataset-page,reference/datasets,4,8,3-4,3,false
https://waterbalancetools.com/reference/datasets/version/,reference/datasets/version/index.html,dataset-page,reference/datasets,2,7,1-2,3,false
https://waterbalancetools.com/reference/datasets/water-balance/,reference/datasets/water-balance/index.html,dataset-page,reference/datasets,4,8,3-4,2,false
https://waterbalancetools.com/reference/datasets/water-problems/,reference/datasets/water-problems/index.html,dataset-page,reference/datasets,2,7,1-2,3,false
https://waterbalancetools.com/reference/emergency-recovery,reference/emergency-recovery.html,reference-page,reference,5,21,5+,2,false
https://waterbalancetools.com/reference/filter-comparison,reference/filter-comparison.html,reference-page,reference,7,20,5+,2,false
https://waterbalancetools.com/reference/free-chlorine-explained,reference/free-chlorine-explained.html,reference-page,reference,7,36,5+,2,false
https://waterbalancetools.com/reference/ideal-pool-levels,reference/ideal-pool-levels.html,reference-page,reference,24,20,5+,2,false
https://waterbalancetools.com/reference/ideal-spa-levels,reference/ideal-spa-levels.html,reference-page,reference,13,21,5+,2,false
https://waterbalancetools.com/reference/,reference/index.html,reference-hub,reference,77,91,5+,2,false
https://waterbalancetools.com/reference/ph-table,reference/ph-table.html,reference-page,reference,14,20,5+,2,false
https://waterbalancetools.com/reference/pool-chemical-timeline,reference/pool-chemical-timeline.html,reference-page,reference,7,20,5+,2,false
https://waterbalancetools.com/reference/pool-chemicals-explained,reference/pool-chemicals-explained.html,reference-page,reference,7,38,5+,2,false
https://waterbalancetools.com/reference/pool-chemistry-reference,reference/pool-chemistry-reference.html,reference-page,reference,11,57,5+,1,false
https://waterbalancetools.com/reference/pool-shape-guide,reference/pool-shape-guide.html,reference-page,reference,5,20,5+,2,false
https://waterbalancetools.com/reference/pool-volume-reference,reference/pool-volume-reference.html,reference-page,reference,7,21,5+,2,false
https://waterbalancetools.com/reference/printable-resources-index,reference/printable-resources-index.html,reference-page,reference,5,19,5+,2,false
https://waterbalancetools.com/reference/pump-sizing,reference/pump-sizing.html,reference-page,reference,9,20,5+,2,false
https://waterbalancetools.com/reference/recommended-water-temperature,reference/recommended-water-temperature.html,reference-page,reference,8,20,5+,2,false
https://waterbalancetools.com/reference/salt-matrix,reference/salt-matrix.html,reference-page,reference,8,20,5+,2,false
https://waterbalancetools.com/reference/salt-water-generator-explained,reference/salt-water-generator-explained.html,reference-page,reference,6,34,5+,2,false
https://waterbalancetools.com/reference/shock-dosage-matrix,reference/shock-dosage-matrix.html,reference-page,reference,7,20,5+,2,false
https://waterbalancetools.com/reference/shock-treatment-explained,reference/shock-treatment-explained.html,reference-page,reference,4,35,3-4,2,false
https://waterbalancetools.com/reference/testing-frequency,reference/testing-frequency.html,reference-page,reference,10,20,5+,2,false
https://waterbalancetools.com/reference/total-alkalinity-explained,reference/total-alkalinity-explained.html,reference-page,reference,25,34,5+,2,false
https://waterbalancetools.com/reference/vacation-rental-maintenance-schedule,reference/vacation-rental-maintenance-schedule.html,reference-page,reference,4,20,3-4,2,false
https://waterbalancetools.com/reference/water-balance-checklist,reference/water-balance-checklist.html,reference-page,reference,6,20,5+,2,false
https://waterbalancetools.com/reference/water-replacement-guidelines,reference/water-replacement-guidelines.html,reference-page,reference,7,21,5+,2,false
https://waterbalancetools.com/releases/1.0.0,releases/1.0.0.html,release-notes,releases,1,12,1-2,,false
https://waterbalancetools.com/releases/1.1.0,releases/1.1.0.html,release-notes,releases,1,12,1-2,,false
https://waterbalancetools.com/releases/compatibility,releases/compatibility.html,release-notes,releases,3,3,3-4,,false
https://waterbalancetools.com/releases/,releases/index.html,release-notes,releases,3,14,3-4,,false
https://waterbalancetools.com/reports/accessibility,reports/accessibility.html,internal-dashboard,reports,1,1,1-2,,false
https://waterbalancetools.com/reports/ai-readiness,reports/ai-readiness.html,internal-dashboard,reports,1,1,1-2,,false
https://waterbalancetools.com/reports/architecture,reports/architecture.html,internal-dashboard,reports,1,1,1-2,,false
https://waterbalancetools.com/reports/calculators,reports/calculators.html,internal-dashboard,reports,1,1,1-2,,false
https://waterbalancetools.com/reports/content,reports/content.html,internal-dashboard,reports,1,1,1-2,,false
https://waterbalancetools.com/reports/datasets,reports/datasets.html,internal-dashboard,reports,1,1,1-2,,false
https://waterbalancetools.com/reports/entities,reports/entities.html,internal-dashboard,reports,1,1,1-2,,false
https://waterbalancetools.com/reports/indexing-intelligence,reports/indexing-intelligence.html,internal-dashboard,reports,1,1,1-2,,false
https://waterbalancetools.com/reports/links,reports/links.html,internal-dashboard,reports,1,1,1-2,,false
https://waterbalancetools.com/reports/mobile,reports/mobile.html,internal-dashboard,reports,1,1,1-2,,false
https://waterbalancetools.com/reports/performance,reports/performance.html,internal-dashboard,reports,1,1,1-2,,false
https://waterbalancetools.com/reports/schema,reports/schema.html,internal-dashboard,reports,1,1,1-2,,false
https://waterbalancetools.com/reports/seo,reports/seo.html,internal-dashboard,reports,1,1,1-2,,false
https://waterbalancetools.com/resources/airbnb-pool-turnover-checklist,resources/airbnb-pool-turnover-checklist.html,resource,resources,43,27,5+,1,false
https://waterbalancetools.com/resources/hot-tub-maintenance-log,resources/hot-tub-maintenance-log.html,resource,resources,50,27,5+,1,false
https://waterbalancetools.com/resources/,resources/index.html,resource-hub,resources,461,39,5+,1,false
https://waterbalancetools.com/resources/pool-chemical-log-sheet,resources/pool-chemical-log-sheet.html,resource,resources,46,28,5+,1,false
https://waterbalancetools.com/resources/pool-closing-checklist,resources/pool-closing-checklist.html,resource,resources,27,27,5+,1,false
https://waterbalancetools.com/resources/pool-maintenance-checklist,resources/pool-maintenance-checklist.html,resource,resources,73,27,5+,1,false
https://waterbalancetools.com/resources/pool-opening-checklist,resources/pool-opening-checklist.html,resource,resources,26,27,5+,1,false
https://waterbalancetools.com/resources/pool-shock-log,resources/pool-shock-log.html,resource,resources,33,27,5+,1,false
https://waterbalancetools.com/resources/water-test-log,resources/water-test-log.html,resource,resources,49,27,5+,1,false
https://waterbalancetools.com/revisions/,revisions/index.html,revision-log,revisions,24,3,5+,2,false
https://waterbalancetools.com/salt-water-pool-chemical-levels-chart,salt-water-pool-chemical-levels-chart.html,chart,root,4,25,3-4,2,false
https://waterbalancetools.com/search/,search/index.html,utility,search,461,18,5+,1,false
https://waterbalancetools.com/tools/,tools/index.html,utility,tools,3,87,3-4,,false
