page_a,page_b,shared_intent,page_a_type,page_b_type,similarity,risk,current_differentiation,recommended_action
https://waterbalancetools.com/calculators/pool-turnover-rate-calculator,https://waterbalancetools.com/calculators/pool-volume-calculator,calculator hub (exhaustive pairwise),calculator,calculator,0.434,MEDIUM,same format,STRENGTHEN DIFFERENTIATION
https://waterbalancetools.com/calculators/pool-volume-calculator,https://waterbalancetools.com/calculators/spa-volume-calculator,calculator hub (exhaustive pairwise),calculator,calculator,0.416,MEDIUM,same format,STRENGTHEN DIFFERENTIATION
https://waterbalancetools.com/calculators/pool-cyanuric-acid-calculator,https://waterbalancetools.com/calculators/saltwater-pool-salt-calculator,calculator hub (exhaustive pairwise),calculator,calculator,0.391,MEDIUM,same format,STRENGTHEN DIFFERENTIATION
https://waterbalancetools.com/calculators/pool-turnover-rate-calculator,https://waterbalancetools.com/calculators/spa-volume-calculator,calculator hub (exhaustive pairwise),calculator,calculator,0.388,MEDIUM,same format,STRENGTHEN DIFFERENTIATION
https://waterbalancetools.com/calculators/hot-tub-ph-calculator,https://waterbalancetools.com/calculators/pool-alkalinity-calculator,calculator hub (exhaustive pairwise),calculator,calculator,0.387,MEDIUM,same format,STRENGTHEN DIFFERENTIATION
https://waterbalancetools.com/calculators/hot-tub-ph-calculator,https://waterbalancetools.com/calculators/pool-cyanuric-acid-calculator,calculator hub (exhaustive pairwise),calculator,calculator,0.382,MEDIUM,same format,STRENGTHEN DIFFERENTIATION
https://waterbalancetools.com/calculators/pool-alkalinity-calculator,https://waterbalancetools.com/calculators/saltwater-pool-salt-calculator,calculator hub (exhaustive pairwise),calculator,calculator,0.382,MEDIUM,same format,STRENGTHEN DIFFERENTIATION
https://waterbalancetools.com/calculators/hot-tub-shock-calculator,https://waterbalancetools.com/calculators/pool-alkalinity-calculator,calculator hub (exhaustive pairwise),calculator,calculator,0.381,MEDIUM,same format,STRENGTHEN DIFFERENTIATION
https://waterbalancetools.com/calculators/pool-alkalinity-calculator,https://waterbalancetools.com/calculators/pool-cyanuric-acid-calculator,calculator hub (exhaustive pairwise),calculator,calculator,0.376,MEDIUM,same format,STRENGTHEN DIFFERENTIATION
https://waterbalancetools.com/calculators/hot-tub-shock-calculator,https://waterbalancetools.com/calculators/spa-volume-calculator,calculator hub (exhaustive pairwise),calculator,calculator,0.374,MEDIUM,same format,STRENGTHEN DIFFERENTIATION
https://waterbalancetools.com/calculators/hot-tub-ph-calculator,https://waterbalancetools.com/calculators/spa-volume-calculator,calculator hub (exhaustive pairwise),calculator,calculator,0.373,MEDIUM,same format,STRENGTHEN DIFFERENTIATION
https://waterbalancetools.com/calculators/hot-tub-ph-calculator,https://waterbalancetools.com/calculators/pool-turnover-rate-calculator,calculator hub (exhaustive pairwise),calculator,calculator,0.365,MEDIUM,same format,STRENGTHEN DIFFERENTIATION
https://waterbalancetools.com/calculators/pool-turnover-rate-calculator,https://waterbalancetools.com/calculators/volume-calculator,calculator hub (exhaustive pairwise),calculator,calculator,0.365,MEDIUM,same format,STRENGTHEN DIFFERENTIATION
https://waterbalancetools.com/calculators/spa-volume-calculator,https://waterbalancetools.com/calculators/volume-calculator,calculator hub (exhaustive pairwise),calculator,calculator,0.364,MEDIUM,same format,STRENGTHEN DIFFERENTIATION
https://waterbalancetools.com/calculators/hot-tub-ph-calculator,https://waterbalancetools.com/calculators/hot-tub-shock-calculator,calculator hub (exhaustive pairwise),calculator,calculator,0.363,MEDIUM,same format,STRENGTHEN DIFFERENTIATION
https://waterbalancetools.com/calculators/hot-tub-ph-calculator,https://waterbalancetools.com/calculators/saltwater-pool-salt-calculator,calculator hub (exhaustive pairwise),calculator,calculator,0.358,MEDIUM,same format,STRENGTHEN DIFFERENTIATION
https://waterbalancetools.com/calculators/pool-alkalinity-calculator,https://waterbalancetools.com/calculators/spa-volume-calculator,calculator hub (exhaustive pairwise),calculator,calculator,0.356,MEDIUM,same format,STRENGTHEN DIFFERENTIATION
https://waterbalancetools.com/calculators/pool-turnover-rate-calculator,https://waterbalancetools.com/calculators/saltwater-pool-salt-calculator,calculator hub (exhaustive pairwise),calculator,calculator,0.356,MEDIUM,same format,STRENGTHEN DIFFERENTIATION
https://waterbalancetools.com/calculators/hot-tub-shock-calculator,https://waterbalancetools.com/calculators/saltwater-pool-salt-calculator,calculator hub (exhaustive pairwise),calculator,calculator,0.355,MEDIUM,same format,STRENGTHEN DIFFERENTIATION
https://waterbalancetools.com/calculators/pool-volume-calculator,https://waterbalancetools.com/calculators/saltwater-pool-salt-calculator,calculator hub (exhaustive pairwise),calculator,calculator,0.355,MEDIUM,same format,STRENGTHEN DIFFERENTIATION
https://waterbalancetools.com/calculators/hot-tub-shock-calculator,https://waterbalancetools.com/calculators/pool-cyanuric-acid-calculator,calculator hub (exhaustive pairwise),calculator,calculator,0.353,MEDIUM,same format,STRENGTHEN DIFFERENTIATION
https://waterbalancetools.com/calculators/hot-tub-ph-calculator,https://waterbalancetools.com/calculators/pool-volume-calculator,calculator hub (exhaustive pairwise),calculator,calculator,0.352,MEDIUM,same format,STRENGTHEN DIFFERENTIATION
https://waterbalancetools.com/calculators/pool-alkalinity-calculator,https://waterbalancetools.com/calculators/pool-turnover-rate-calculator,calculator hub (exhaustive pairwise),calculator,calculator,0.346,MEDIUM,same format,STRENGTHEN DIFFERENTIATION
https://waterbalancetools.com/calculators/saltwater-pool-salt-calculator,https://waterbalancetools.com/calculators/spa-volume-calculator,calculator hub (exhaustive pairwise),calculator,calculator,0.344,MEDIUM,same format,STRENGTHEN DIFFERENTIATION
https://waterbalancetools.com/calculators/hot-tub-shock-calculator,https://waterbalancetools.com/calculators/pool-turnover-rate-calculator,calculator hub (exhaustive pairwise),calculator,calculator,0.342,MEDIUM,same format,STRENGTHEN DIFFERENTIATION
https://waterbalancetools.com/calculators/pool-cyanuric-acid-calculator,https://waterbalancetools.com/calculators/pool-volume-calculator,calculator hub (exhaustive pairwise),calculator,calculator,0.34,MEDIUM,same format,STRENGTHEN DIFFERENTIATION
https://waterbalancetools.com/calculators/pool-cyanuric-acid-calculator,https://waterbalancetools.com/calculators/pool-turnover-rate-calculator,calculator hub (exhaustive pairwise),calculator,calculator,0.338,MEDIUM,same format,STRENGTHEN DIFFERENTIATION
https://waterbalancetools.com/calculators/pool-cyanuric-acid-calculator,https://waterbalancetools.com/calculators/spa-volume-calculator,calculator hub (exhaustive pairwise),calculator,calculator,0.337,MEDIUM,same format,STRENGTHEN DIFFERENTIATION
https://waterbalancetools.com/calculators/pool-alkalinity-calculator,https://waterbalancetools.com/calculators/pool-volume-calculator,calculator hub (exhaustive pairwise),calculator,calculator,0.334,MEDIUM,same format,STRENGTHEN DIFFERENTIATION
https://waterbalancetools.com/calculators/hot-tub-ph-calculator,https://waterbalancetools.com/calculators/volume-calculator,calculator hub (exhaustive pairwise),calculator,calculator,0.325,MEDIUM,same format,STRENGTHEN DIFFERENTIATION
https://waterbalancetools.com/calculators/saltwater-pool-salt-calculator,https://waterbalancetools.com/calculators/volume-calculator,calculator hub (exhaustive pairwise),calculator,calculator,0.323,MEDIUM,same format,STRENGTHEN DIFFERENTIATION
https://waterbalancetools.com/calculators/hot-tub-shock-calculator,https://waterbalancetools.com/calculators/pool-volume-calculator,calculator hub (exhaustive pairwise),calculator,calculator,0.315,MEDIUM,same format,STRENGTHEN DIFFERENTIATION
https://waterbalancetools.com/calculators/pool-alkalinity-calculator,https://waterbalancetools.com/calculators/volume-calculator,calculator hub (exhaustive pairwise),calculator,calculator,0.308,MEDIUM,same format,STRENGTHEN DIFFERENTIATION
https://waterbalancetools.com/calculators/pool-alkalinity-calculator,https://waterbalancetools.com/calculators/pool-chlorine-calculator,calculator hub (exhaustive pairwise),calculator,calculator,0.303,MEDIUM,same format,STRENGTHEN DIFFERENTIATION
https://waterbalancetools.com/calculators/pool-volume-calculator,https://waterbalancetools.com/calculators/volume-calculator,calculator hub (exhaustive pairwise),calculator,calculator,0.473,LOW,RESOLVED -- one URL is noindex + 301-redirected to the other; only one remains indexable,UNCHANGED
https://waterbalancetools.com/calculators/pool-cyanuric-acid-calculator,https://waterbalancetools.com/calculators/volume-calculator,calculator hub (exhaustive pairwise),calculator,calculator,0.3,LOW,same format,KEEP SEPARATE
https://waterbalancetools.com/calculators/pool-chlorine-calculator,https://waterbalancetools.com/calculators/pool-cyanuric-acid-calculator,calculator hub (exhaustive pairwise),calculator,calculator,0.297,LOW,same format,KEEP SEPARATE
https://waterbalancetools.com/calculators/pool-chlorine-calculator,https://waterbalancetools.com/calculators/saltwater-pool-salt-calculator,calculator hub (exhaustive pairwise),calculator,calculator,0.294,LOW,same format,KEEP SEPARATE
https://waterbalancetools.com/calculators/pool-chlorine-calculator,https://waterbalancetools.com/calculators/pool-turnover-rate-calculator,calculator hub (exhaustive pairwise),calculator,calculator,0.291,LOW,same format,KEEP SEPARATE
https://waterbalancetools.com/calculators/hot-tub-shock-calculator,https://waterbalancetools.com/calculators/volume-calculator,calculator hub (exhaustive pairwise),calculator,calculator,0.288,LOW,same format,KEEP SEPARATE
https://waterbalancetools.com/calculators/hot-tub-shock-calculator,https://waterbalancetools.com/calculators/pool-chlorine-calculator,calculator hub (exhaustive pairwise),calculator,calculator,0.287,LOW,same format,KEEP SEPARATE
https://waterbalancetools.com/calculators/hot-tub-chlorine-calculator,https://waterbalancetools.com/calculators/pool-chlorine-calculator,calculator hub (exhaustive pairwise),calculator,calculator,0.279,LOW,same format,KEEP SEPARATE
https://waterbalancetools.com/calculators/hot-tub-ph-calculator,https://waterbalancetools.com/calculators/pool-chlorine-calculator,calculator hub (exhaustive pairwise),calculator,calculator,0.277,LOW,same format,KEEP SEPARATE
https://waterbalancetools.com/calculators/hot-tub-ph-calculator,https://waterbalancetools.com/calculators/pool-ph-calculator,calculator hub (exhaustive pairwise),calculator,calculator,0.276,LOW,same format,KEEP SEPARATE
https://waterbalancetools.com/calculators/pool-chlorine-calculator,https://waterbalancetools.com/calculators/spa-volume-calculator,calculator hub (exhaustive pairwise),calculator,calculator,0.271,LOW,same format,KEEP SEPARATE
https://waterbalancetools.com/calculators/pool-chlorine-calculator,https://waterbalancetools.com/calculators/pool-volume-calculator,calculator hub (exhaustive pairwise),calculator,calculator,0.263,LOW,same format,KEEP SEPARATE
https://waterbalancetools.com/calculators/hot-tub-shock-calculator,https://waterbalancetools.com/calculators/pool-shock-calculator,calculator hub (exhaustive pairwise),calculator,calculator,0.243,LOW,same format,KEEP SEPARATE
https://waterbalancetools.com/calculators/pool-chlorine-calculator,https://waterbalancetools.com/calculators/volume-calculator,calculator hub (exhaustive pairwise),calculator,calculator,0.236,LOW,same format,KEEP SEPARATE
https://waterbalancetools.com/calculators/pool-alkalinity-calculator,https://waterbalancetools.com/calculators/pool-shock-calculator,calculator hub (exhaustive pairwise),calculator,calculator,0.229,LOW,same format,KEEP SEPARATE
https://waterbalancetools.com/calculators/chemical-calculator,https://waterbalancetools.com/calculators/pool-chlorine-calculator,calculator hub (exhaustive pairwise),calculator,calculator,0.222,LOW,same format,KEEP SEPARATE
https://waterbalancetools.com/calculators/hot-tub-chlorine-calculator,https://waterbalancetools.com/calculators/pool-alkalinity-calculator,calculator hub (exhaustive pairwise),calculator,calculator,0.214,LOW,same format,KEEP SEPARATE
https://waterbalancetools.com/calculators/hot-tub-chlorine-calculator,https://waterbalancetools.com/calculators/hot-tub-shock-calculator,calculator hub (exhaustive pairwise),calculator,calculator,0.212,LOW,same format,KEEP SEPARATE
https://waterbalancetools.com/calculators/pool-shock-calculator,https://waterbalancetools.com/calculators/saltwater-pool-salt-calculator,calculator hub (exhaustive pairwise),calculator,calculator,0.211,LOW,same format,KEEP SEPARATE
https://waterbalancetools.com/calculators/pool-alkalinity-calculator,https://waterbalancetools.com/calculators/pool-ph-calculator,calculator hub (exhaustive pairwise),calculator,calculator,0.208,LOW,same format,KEEP SEPARATE
https://waterbalancetools.com/calculators/pool-cyanuric-acid-calculator,https://waterbalancetools.com/calculators/pool-shock-calculator,calculator hub (exhaustive pairwise),calculator,calculator,0.208,LOW,same format,KEEP SEPARATE
https://waterbalancetools.com/calculators/hot-tub-ph-calculator,https://waterbalancetools.com/calculators/pool-shock-calculator,calculator hub (exhaustive pairwise),calculator,calculator,0.206,LOW,same format,KEEP SEPARATE
https://waterbalancetools.com/calculators/hot-tub-chlorine-calculator,https://waterbalancetools.com/calculators/saltwater-pool-salt-calculator,calculator hub (exhaustive pairwise),calculator,calculator,0.199,LOW,same format,KEEP SEPARATE
https://waterbalancetools.com/calculators/pool-cyanuric-acid-calculator,https://waterbalancetools.com/calculators/pool-ph-calculator,calculator hub (exhaustive pairwise),calculator,calculator,0.199,LOW,same format,KEEP SEPARATE
https://waterbalancetools.com/calculators/pool-shock-calculator,https://waterbalancetools.com/calculators/spa-volume-calculator,calculator hub (exhaustive pairwise),calculator,calculator,0.198,LOW,same format,KEEP SEPARATE
https://waterbalancetools.com/calculators/pool-ph-calculator,https://waterbalancetools.com/calculators/pool-turnover-rate-calculator,calculator hub (exhaustive pairwise),calculator,calculator,0.197,LOW,same format,KEEP SEPARATE
https://waterbalancetools.com/calculators/pool-ph-calculator,https://waterbalancetools.com/calculators/saltwater-pool-salt-calculator,calculator hub (exhaustive pairwise),calculator,calculator,0.196,LOW,same format,KEEP SEPARATE
https://waterbalancetools.com/calculators/hot-tub-shock-calculator,https://waterbalancetools.com/calculators/pool-ph-calculator,calculator hub (exhaustive pairwise),calculator,calculator,0.195,LOW,same format,KEEP SEPARATE
https://waterbalancetools.com/calculators/pool-ph-calculator,https://waterbalancetools.com/calculators/spa-volume-calculator,calculator hub (exhaustive pairwise),calculator,calculator,0.195,LOW,same format,KEEP SEPARATE
https://waterbalancetools.com/calculators/hot-tub-chlorine-calculator,https://waterbalancetools.com/calculators/hot-tub-ph-calculator,calculator hub (exhaustive pairwise),calculator,calculator,0.193,LOW,same format,KEEP SEPARATE
https://waterbalancetools.com/calculators/hot-tub-chlorine-calculator,https://waterbalancetools.com/calculators/pool-cyanuric-acid-calculator,calculator hub (exhaustive pairwise),calculator,calculator,0.193,LOW,same format,KEEP SEPARATE
https://waterbalancetools.com/calculators/pool-ph-calculator,https://waterbalancetools.com/calculators/pool-volume-calculator,calculator hub (exhaustive pairwise),calculator,calculator,0.192,LOW,same format,KEEP SEPARATE
https://waterbalancetools.com/calculators/pool-chlorine-calculator,https://waterbalancetools.com/calculators/pool-ph-calculator,calculator hub (exhaustive pairwise),calculator,calculator,0.191,LOW,same format,KEEP SEPARATE
https://waterbalancetools.com/calculators/hot-tub-chlorine-calculator,https://waterbalancetools.com/calculators/spa-volume-calculator,calculator hub (exhaustive pairwise),calculator,calculator,0.19,LOW,same format,KEEP SEPARATE
https://waterbalancetools.com/calculators/hot-tub-chlorine-calculator,https://waterbalancetools.com/calculators/pool-volume-calculator,calculator hub (exhaustive pairwise),calculator,calculator,0.189,LOW,same format,KEEP SEPARATE
https://waterbalancetools.com/calculators/pool-shock-calculator,https://waterbalancetools.com/calculators/pool-turnover-rate-calculator,calculator hub (exhaustive pairwise),calculator,calculator,0.189,LOW,same format,KEEP SEPARATE
https://waterbalancetools.com/calculators/pool-shock-calculator,https://waterbalancetools.com/calculators/pool-volume-calculator,calculator hub (exhaustive pairwise),calculator,calculator,0.185,LOW,same format,KEEP SEPARATE
https://waterbalancetools.com/calculators/pool-chlorine-calculator,https://waterbalancetools.com/calculators/pool-shock-calculator,calculator hub (exhaustive pairwise),calculator,calculator,0.184,LOW,same format,KEEP SEPARATE
https://waterbalancetools.com/calculators/pool-ph-calculator,https://waterbalancetools.com/calculators/volume-calculator,calculator hub (exhaustive pairwise),calculator,calculator,0.184,LOW,same format,KEEP SEPARATE
https://waterbalancetools.com/calculators/hot-tub-chlorine-calculator,https://waterbalancetools.com/calculators/pool-turnover-rate-calculator,calculator hub (exhaustive pairwise),calculator,calculator,0.182,LOW,same format,KEEP SEPARATE
https://waterbalancetools.com/calculators/hot-tub-chlorine-calculator,https://waterbalancetools.com/calculators/volume-calculator,calculator hub (exhaustive pairwise),calculator,calculator,0.181,LOW,same format,KEEP SEPARATE
https://waterbalancetools.com/calculators/pool-shock-calculator,https://waterbalancetools.com/calculators/volume-calculator,calculator hub (exhaustive pairwise),calculator,calculator,0.174,LOW,same format,KEEP SEPARATE
https://waterbalancetools.com/calculators/chemical-calculator,https://waterbalancetools.com/calculators/hot-tub-shock-calculator,calculator hub (exhaustive pairwise),calculator,calculator,0.173,LOW,same format,KEEP SEPARATE
https://waterbalancetools.com/calculators/chemical-calculator,https://waterbalancetools.com/calculators/pool-turnover-rate-calculator,calculator hub (exhaustive pairwise),calculator,calculator,0.17,LOW,same format,KEEP SEPARATE
https://waterbalancetools.com/calculators/chemical-calculator,https://waterbalancetools.com/calculators/pool-alkalinity-calculator,calculator hub (exhaustive pairwise),calculator,calculator,0.168,LOW,same format,KEEP SEPARATE
https://waterbalancetools.com/calculators/chemical-calculator,https://waterbalancetools.com/calculators/saltwater-pool-salt-calculator,calculator hub (exhaustive pairwise),calculator,calculator,0.166,LOW,same format,KEEP SEPARATE
https://waterbalancetools.com/calculators/chemical-calculator,https://waterbalancetools.com/calculators/pool-cyanuric-acid-calculator,calculator hub (exhaustive pairwise),calculator,calculator,0.164,LOW,same format,KEEP SEPARATE
https://waterbalancetools.com/calculators/chemical-calculator,https://waterbalancetools.com/calculators/pool-volume-calculator,calculator hub (exhaustive pairwise),calculator,calculator,0.162,LOW,same format,KEEP SEPARATE
https://waterbalancetools.com/calculators/hot-tub-chlorine-calculator,https://waterbalancetools.com/calculators/pool-ph-calculator,calculator hub (exhaustive pairwise),calculator,calculator,0.162,LOW,same format,KEEP SEPARATE
https://waterbalancetools.com/calculators/chemical-calculator,https://waterbalancetools.com/calculators/hot-tub-chlorine-calculator,calculator hub (exhaustive pairwise),calculator,calculator,0.155,LOW,same format,KEEP SEPARATE
https://waterbalancetools.com/calculators/chemical-calculator,https://waterbalancetools.com/calculators/hot-tub-ph-calculator,calculator hub (exhaustive pairwise),calculator,calculator,0.153,LOW,same format,KEEP SEPARATE
https://waterbalancetools.com/calculators/chemical-calculator,https://waterbalancetools.com/calculators/spa-volume-calculator,calculator hub (exhaustive pairwise),calculator,calculator,0.152,LOW,same format,KEEP SEPARATE
https://waterbalancetools.com/calculators/hot-tub-chlorine-calculator,https://waterbalancetools.com/calculators/pool-shock-calculator,calculator hub (exhaustive pairwise),calculator,calculator,0.15,LOW,same format,KEEP SEPARATE
https://waterbalancetools.com/calculators/chemical-calculator,https://waterbalancetools.com/calculators/volume-calculator,calculator hub (exhaustive pairwise),calculator,calculator,0.147,LOW,same format,KEEP SEPARATE
https://waterbalancetools.com/calculators/pool-ph-calculator,https://waterbalancetools.com/calculators/pool-shock-calculator,calculator hub (exhaustive pairwise),calculator,calculator,0.146,LOW,same format,KEEP SEPARATE
https://waterbalancetools.com/calculators/chemical-calculator,https://waterbalancetools.com/calculators/pool-ph-calculator,calculator hub (exhaustive pairwise),calculator,calculator,0.138,LOW,same format,KEEP SEPARATE
https://waterbalancetools.com/calculators/chemical-calculator,https://waterbalancetools.com/calculators/pool-shock-calculator,calculator hub (exhaustive pairwise),calculator,calculator,0.131,LOW,same format,KEEP SEPARATE
https://waterbalancetools.com/calculators/pool-alkalinity-calculator,https://waterbalancetools.com/guides/alkalinity-guide,pool alkalinity,calculator,guide,0.084,LOW,different formats (calculator vs guide),KEEP SEPARATE
https://waterbalancetools.com/charts/pool-chemical-levels-chart,https://waterbalancetools.com/charts/pool-water-balance-chart,chart hub (exhaustive pairwise),chart,chart,0.079,LOW,same format,KEEP SEPARATE
https://waterbalancetools.com/guides/chlorine-guide,https://waterbalancetools.com/guides/chlorine/why-pool-chlorine-disappears-overnight,pool chlorine,guide,guide,0.078,LOW,"same format, different cluster",KEEP SEPARATE
https://waterbalancetools.com/calculators/hot-tub-chlorine-calculator,https://waterbalancetools.com/guides/hot-tub/hot-tub-chlorine-too-high,hot tub chlorine,calculator,guide,0.069,LOW,different formats (calculator vs guide),KEEP SEPARATE
https://waterbalancetools.com/guides/ph-guide,https://waterbalancetools.com/guides/ph/how-to-lower-pool-ph,pool ph,guide,guide,0.066,LOW,"same format, different cluster",KEEP SEPARATE
https://waterbalancetools.com/guides/ph-guide,https://waterbalancetools.com/guides/ph/why-pool-ph-keeps-rising,pool ph,guide,guide,0.066,LOW,"same format, different cluster",KEEP SEPARATE
https://waterbalancetools.com/calculators/pool-cyanuric-acid-calculator,https://waterbalancetools.com/guides/advanced/cya-stabilizer-explained,cyanuric acid,calculator,guide,0.066,LOW,different formats (calculator vs guide),KEEP SEPARATE
https://waterbalancetools.com/calculators/hot-tub-ph-calculator,https://waterbalancetools.com/guides/hot-tub/hot-tub-ph-too-low,hot tub ph,calculator,guide,0.065,LOW,different formats (calculator vs guide),KEEP SEPARATE
https://waterbalancetools.com/guides/ph-guide,https://waterbalancetools.com/guides/ph/does-rain-lower-pool-ph,pool ph,guide,guide,0.061,LOW,"same format, different cluster",KEEP SEPARATE
https://waterbalancetools.com/guides/ph/does-rain-lower-pool-ph,https://waterbalancetools.com/programmatic/ph/how-to-adjust-ph-from-7-to-7-4,pool ph,guide,programmatic-longtail,0.061,LOW,different formats (guide vs programmatic-longtail),KEEP SEPARATE
https://waterbalancetools.com/charts/pool-water-balance-chart,https://waterbalancetools.com/pool-ph-levels-chart,chart hub (exhaustive pairwise),chart,chart,0.06,LOW,same format,KEEP SEPARATE
https://waterbalancetools.com/guides/ph-guide,https://waterbalancetools.com/guides/ph/what-causes-high-pool-ph,pool ph,guide,guide,0.059,LOW,"same format, different cluster",KEEP SEPARATE
https://waterbalancetools.com/calculators/hot-tub-chlorine-calculator,https://waterbalancetools.com/guides/hot-tub/hot-tub-chlorine-too-low,hot tub chlorine,calculator,guide,0.059,LOW,different formats (calculator vs guide),KEEP SEPARATE
https://waterbalancetools.com/charts/pool-chemical-levels-chart,https://waterbalancetools.com/pool-chemical-levels-chart,pool chemical,chart,chart,0.057,LOW,"same format, different cluster",KEEP SEPARATE
https://waterbalancetools.com/charts/pool-chemical-levels-chart,https://waterbalancetools.com/pool-ph-levels-chart,chart hub (exhaustive pairwise),chart,chart,0.056,LOW,same format,KEEP SEPARATE
https://waterbalancetools.com/charts/pool-water-balance-chart,https://waterbalancetools.com/pool-chemical-levels-chart,chart hub (exhaustive pairwise),chart,chart,0.056,LOW,same format,KEEP SEPARATE
https://waterbalancetools.com/guides/ph/does-rain-lower-pool-ph,https://waterbalancetools.com/programmatic/ph/how-to-adjust-ph-from-7-8-to-7-4,pool ph,guide,programmatic-longtail,0.055,LOW,different formats (guide vs programmatic-longtail),KEEP SEPARATE
https://waterbalancetools.com/guides/ph-guide,https://waterbalancetools.com/programmatic/ph/how-to-adjust-ph-from-7-8-to-7-4,pool ph,guide,programmatic-longtail,0.054,LOW,different formats (guide vs programmatic-longtail),KEEP SEPARATE
https://waterbalancetools.com/guides/ph/what-causes-high-pool-ph,https://waterbalancetools.com/programmatic/ph/how-to-adjust-ph-from-7-to-7-4,pool ph,guide,programmatic-longtail,0.054,LOW,different formats (guide vs programmatic-longtail),KEEP SEPARATE
https://waterbalancetools.com/calculators/pool-chlorine-calculator,https://waterbalancetools.com/guides/chlorine/why-pool-chlorine-disappears-overnight,pool chlorine,calculator,guide,0.053,LOW,different formats (calculator vs guide),KEEP SEPARATE
https://waterbalancetools.com/calculators/pool-ph-calculator,https://waterbalancetools.com/guides/ph-guide,pool ph,calculator,guide,0.053,LOW,different formats (calculator vs guide),KEEP SEPARATE
https://waterbalancetools.com/calculators/pool-ph-calculator,https://waterbalancetools.com/guides/ph/what-causes-high-pool-ph,pool ph,calculator,guide,0.053,LOW,different formats (calculator vs guide),KEEP SEPARATE
https://waterbalancetools.com/guides/ph-guide,https://waterbalancetools.com/programmatic/ph/how-to-adjust-ph-from-6-8-to-7-2,pool ph,guide,programmatic-longtail,0.053,LOW,different formats (guide vs programmatic-longtail),KEEP SEPARATE
https://waterbalancetools.com/guides/ph/does-rain-lower-pool-ph,https://waterbalancetools.com/programmatic/ph/how-to-adjust-ph-from-6-8-to-7-2,pool ph,guide,programmatic-longtail,0.053,LOW,different formats (guide vs programmatic-longtail),KEEP SEPARATE
https://waterbalancetools.com/guides/ph/why-pool-ph-keeps-rising,https://waterbalancetools.com/programmatic/ph/how-to-adjust-ph-from-7-8-to-7-4,pool ph,guide,programmatic-longtail,0.052,LOW,different formats (guide vs programmatic-longtail),KEEP SEPARATE
https://waterbalancetools.com/guides/ph-guide,https://waterbalancetools.com/programmatic/ph/how-to-adjust-ph-from-7-to-7-4,pool ph,guide,programmatic-longtail,0.051,LOW,different formats (guide vs programmatic-longtail),KEEP SEPARATE
https://waterbalancetools.com/guides/ph/how-to-lower-pool-ph,https://waterbalancetools.com/programmatic/ph/how-to-adjust-ph-from-6-8-to-7-2,pool ph,guide,programmatic-longtail,0.051,LOW,different formats (guide vs programmatic-longtail),KEEP SEPARATE
https://waterbalancetools.com/guides/ph/does-rain-lower-pool-ph,https://waterbalancetools.com/programmatic/ph/how-to-adjust-ph-from-8-to-7-5,pool ph,guide,programmatic-longtail,0.05,LOW,different formats (guide vs programmatic-longtail),KEEP SEPARATE
https://waterbalancetools.com/guides/ph/what-causes-high-pool-ph,https://waterbalancetools.com/programmatic/ph/how-to-adjust-ph-from-7-8-to-7-4,pool ph,guide,programmatic-longtail,0.05,LOW,different formats (guide vs programmatic-longtail),KEEP SEPARATE
https://waterbalancetools.com/academy/fundamentals/how-water-balance-works,https://waterbalancetools.com/academy/water-balance/,water balance,academy-article,academy-article,0.039,LOW,"same format, different cluster",KEEP SEPARATE
https://waterbalancetools.com/academy/fundamentals/how-water-balance-works,https://waterbalancetools.com/academy/water-balance/water-balance-order,water balance,academy-article,academy-article,0.023,LOW,"same format, different cluster",KEEP SEPARATE
https://waterbalancetools.com/charts/hot-tub-chemical-levels-chart,https://waterbalancetools.com/hot-tub-chemical-levels-chart,hot tub chemical,chart,chart,0.005,LOW,"same format, different cluster",KEEP SEPARATE
https://waterbalancetools.com/academy/equipment/pool-pumps,https://waterbalancetools.com/academy/vacation-rentals/turnover-checklist,turnover,academy-article,academy-article,0.004,LOW,"same format, different cluster",KEEP SEPARATE
https://waterbalancetools.com/charts/pool-chemical-levels-chart,https://waterbalancetools.com/salt-water-pool-chemical-levels-chart,pool chemical,chart,chart,0.003,LOW,"same format, different cluster",KEEP SEPARATE
