url,file_path,title,title_length,meta_description_length,h1_count,og_title_present,issues
https://waterbalancetools.com/404,404.html,Page Not Found | WaterBalanceTools,34,130,1,true,none
https://waterbalancetools.com/about/,about/index.html,About WaterBalanceTools | Albor Digital LLC | WaterBalanceTools,63,120,1,true,none
https://waterbalancetools.com/academy/equipment/automatic-chlorinators,academy/equipment/automatic-chlorinators.html,Automatic Chlorinators | Academy | WaterBalanceTools,52,153,1,true,none
https://waterbalancetools.com/academy/equipment/,academy/equipment/index.html,Equipment | Academy | WaterBalanceTools,39,58,1,true,none
https://waterbalancetools.com/academy/equipment/pool-filters,academy/equipment/pool-filters.html,Pool Filters: How They Work | Academy | WaterBalanceTools,57,122,1,true,none
https://waterbalancetools.com/academy/equipment/pool-pumps,academy/equipment/pool-pumps.html,Pool Pumps: Sizing and Turnover | Academy | WaterBalanceTools,61,148,1,true,none
https://waterbalancetools.com/academy/equipment/pool-skimmers,academy/equipment/pool-skimmers.html,Pool Skimmers | Academy | WaterBalanceTools,43,117,1,true,none
https://waterbalancetools.com/academy/equipment/salt-systems,academy/equipment/salt-systems.html,Salt Chlorinator Systems | Academy | WaterBalanceTools,54,155,1,true,none
https://waterbalancetools.com/academy/equipment/sand-vs-cartridge-filters,academy/equipment/sand-vs-cartridge-filters.html,Sand Filters vs. Cartridge Filters | Academy | WaterBalanceTools,64,147,1,true,none
https://waterbalancetools.com/academy/fundamentals/how-temperature-changes-water-chemistry,academy/fundamentals/how-temperature-changes-water-chemistry.html,How Temperature Changes Water Chemistry | Academy | WaterBalanceTools,69,129,1,true,TITLE_TOO_LONG
https://waterbalancetools.com/academy/fundamentals/how-water-balance-works,academy/fundamentals/how-water-balance-works.html,How Water Balance Works | Academy | WaterBalanceTools,53,143,1,true,none
https://waterbalancetools.com/academy/fundamentals/,academy/fundamentals/index.html,Fundamentals | Academy | WaterBalanceTools,42,67,1,true,none
https://waterbalancetools.com/academy/fundamentals/indoor-pool-chemistry,academy/fundamentals/indoor-pool-chemistry.html,Indoor Pool Chemistry | Academy | WaterBalanceTools,51,149,1,true,none
https://waterbalancetools.com/academy/fundamentals/pool-vs-hot-tub-chemistry,academy/fundamentals/pool-vs-hot-tub-chemistry.html,Pool vs. Hot Tub Chemistry | Academy | WaterBalanceTools,56,145,1,true,none
https://waterbalancetools.com/academy/fundamentals/the-four-core-water-tests,academy/fundamentals/the-four-core-water-tests.html,The Four Core Water Tests | Academy | WaterBalanceTools,55,121,1,true,none
https://waterbalancetools.com/academy/fundamentals/understanding-pool-water-chemistry,academy/fundamentals/understanding-pool-water-chemistry.html,Understanding Pool Water Chemistry | Academy | WaterBalanceTools,64,105,1,true,none
https://waterbalancetools.com/academy/fundamentals/why-water-testing-matters,academy/fundamentals/why-water-testing-matters.html,Why Water Testing Matters | Academy | WaterBalanceTools,55,128,1,true,none
https://waterbalancetools.com/academy/hot-tubs/daily-spa-maintenance,academy/hot-tubs/daily-spa-maintenance.html,Daily Spa Maintenance | Academy | WaterBalanceTools,51,129,1,true,none
https://waterbalancetools.com/academy/hot-tubs/,academy/hot-tubs/index.html,Hot Tubs &amp; Spas | Academy | WaterBalanceTools,49,57,1,true,none
https://waterbalancetools.com/academy/hot-tubs/monthly-spa-maintenance,academy/hot-tubs/monthly-spa-maintenance.html,Monthly Spa Maintenance | Academy | WaterBalanceTools,53,150,1,true,none
https://waterbalancetools.com/academy/hot-tubs/refilling-your-hot-tub,academy/hot-tubs/refilling-your-hot-tub.html,Refilling Your Hot Tub | Academy | WaterBalanceTools,52,128,1,true,none
https://waterbalancetools.com/academy/hot-tubs/shock-after-heavy-use,academy/hot-tubs/shock-after-heavy-use.html,Shocking a Hot Tub After Heavy Use | Academy | WaterBalanceTools,64,148,1,true,none
https://waterbalancetools.com/academy/hot-tubs/weekly-spa-maintenance,academy/hot-tubs/weekly-spa-maintenance.html,Weekly Spa Maintenance | Academy | WaterBalanceTools,52,121,1,true,none
https://waterbalancetools.com/academy/hot-tubs/winter-spa-care,academy/hot-tubs/winter-spa-care.html,Winter Spa Care | Academy | WaterBalanceTools,45,145,1,true,none
https://waterbalancetools.com/academy/,academy/index.html,Pool &amp; Hot Tub Chemistry Academy | WaterBalanceTools,56,123,1,true,none
https://waterbalancetools.com/academy/sanitizers/breakpoint-chlorination,academy/sanitizers/breakpoint-chlorination.html,Breakpoint Chlorination | Academy | WaterBalanceTools,53,134,1,true,none
https://waterbalancetools.com/academy/sanitizers/bromine-vs-chlorine,academy/sanitizers/bromine-vs-chlorine.html,Bromine vs. Chlorine | Academy | WaterBalanceTools,50,139,1,true,none
https://waterbalancetools.com/academy/sanitizers/combined-chlorine-explained,academy/sanitizers/combined-chlorine-explained.html,Combined Chlorine Explained | Academy | WaterBalanceTools,57,160,1,true,none
https://waterbalancetools.com/academy/sanitizers/,academy/sanitizers/index.html,Sanitizers | Academy | WaterBalanceTools,40,62,1,true,none
https://waterbalancetools.com/academy/sanitizers/liquid-chlorine-vs-tablets,academy/sanitizers/liquid-chlorine-vs-tablets.html,Liquid Chlorine vs. Tablets | Academy | WaterBalanceTools,57,125,1,true,none
https://waterbalancetools.com/academy/sanitizers/shock-treatments-explained,academy/sanitizers/shock-treatments-explained.html,Shock Treatments Explained | Academy | WaterBalanceTools,56,106,1,true,none
https://waterbalancetools.com/academy/sanitizers/understanding-free-chlorine,academy/sanitizers/understanding-free-chlorine.html,Understanding Free Chlorine | Academy | WaterBalanceTools,57,137,1,true,none
https://waterbalancetools.com/academy/testing/common-testing-mistakes,academy/testing/common-testing-mistakes.html,Common Pool Water Testing Mistakes | Academy | WaterBalanceTools,64,143,1,true,none
https://waterbalancetools.com/academy/testing/digital-pool-testers,academy/testing/digital-pool-testers.html,Digital Pool Testers | Academy | WaterBalanceTools,50,152,1,true,none
https://waterbalancetools.com/academy/testing/how-often-to-test-water,academy/testing/how-often-to-test-water.html,How Often to Test Pool Water | Academy | WaterBalanceTools,58,140,1,true,none
https://waterbalancetools.com/academy/testing/,academy/testing/index.html,Testing | Academy | WaterBalanceTools,37,56,1,true,none
https://waterbalancetools.com/academy/testing/understanding-test-results,academy/testing/understanding-test-results.html,Understanding Test Results | Academy | WaterBalanceTools,56,143,1,true,none
https://waterbalancetools.com/academy/testing/using-liquid-test-kits,academy/testing/using-liquid-test-kits.html,Using Liquid Test Kits | Academy | WaterBalanceTools,52,130,1,true,none
https://waterbalancetools.com/academy/testing/using-test-strips,academy/testing/using-test-strips.html,Using Test Strips | Academy | WaterBalanceTools,47,127,1,true,none
https://waterbalancetools.com/academy/troubleshooting/cloudy-water,academy/troubleshooting/cloudy-water.html,Cloudy Pool Water: Causes and Solutions | Academy | WaterBalanceTools,69,112,1,true,TITLE_TOO_LONG
https://waterbalancetools.com/academy/troubleshooting/corrosion,academy/troubleshooting/corrosion.html,Pool Corrosion: Causes and Prevention | Academy | WaterBalanceTools,67,120,1,true,TITLE_TOO_LONG
https://waterbalancetools.com/academy/troubleshooting/foaming-hot-tubs,academy/troubleshooting/foaming-hot-tubs.html,Foaming Hot Tubs: Causes and Solutions | Academy | WaterBalanceTools,68,126,1,true,TITLE_TOO_LONG
https://waterbalancetools.com/academy/troubleshooting/green-water,academy/troubleshooting/green-water.html,Green Pool Water: How to Fix It | Academy | WaterBalanceTools,61,139,1,true,none
https://waterbalancetools.com/academy/troubleshooting/,academy/troubleshooting/index.html,Troubleshooting | Academy | WaterBalanceTools,45,62,1,true,none
https://waterbalancetools.com/academy/troubleshooting/scaling,academy/troubleshooting/scaling.html,Pool Scaling: Causes and Prevention | Academy | WaterBalanceTools,65,130,1,true,none
https://waterbalancetools.com/academy/troubleshooting/strong-chlorine-smell,academy/troubleshooting/strong-chlorine-smell.html,Strong Chlorine Smell: What It Really Means | Academy | WaterBalanceTools,73,147,1,true,TITLE_TOO_LONG
https://waterbalancetools.com/academy/vacation-rentals/chemical-log-sheets,academy/vacation-rentals/chemical-log-sheets.html,Chemical Log Sheets for Vacation Rentals | Academy | WaterBalanceTools,70,143,1,true,TITLE_TOO_LONG
https://waterbalancetools.com/academy/vacation-rentals/emergency-water-recovery,academy/vacation-rentals/emergency-water-recovery.html,Emergency Water Recovery for Vacation Rentals | Academy | WaterBalanceTools,75,133,1,true,TITLE_TOO_LONG
https://waterbalancetools.com/academy/vacation-rentals/guest-safety,academy/vacation-rentals/guest-safety.html,Pool Guest Safety for Vacation Rentals | Academy | WaterBalanceTools,68,137,1,true,TITLE_TOO_LONG
https://waterbalancetools.com/academy/vacation-rentals/,academy/vacation-rentals/index.html,Vacation Rentals | Academy | WaterBalanceTools,46,62,1,true,none
https://waterbalancetools.com/academy/vacation-rentals/maintenance-schedule,academy/vacation-rentals/maintenance-schedule.html,Pool Maintenance Schedule for Vacation Rentals | Academy | WaterBalanceTools,76,152,1,true,TITLE_TOO_LONG
https://waterbalancetools.com/academy/vacation-rentals/turnover-checklist,academy/vacation-rentals/turnover-checklist.html,Pool Turnover Checklist for Vacation Rentals | Academy | WaterBalanceTools,74,113,1,true,TITLE_TOO_LONG
https://waterbalancetools.com/academy/vacation-rentals/weekly-inspection,academy/vacation-rentals/weekly-inspection.html,Weekly Pool Inspection for Vacation Rentals | Academy | WaterBalanceTools,73,160,1,true,TITLE_TOO_LONG
https://waterbalancetools.com/academy/water-balance/,academy/water-balance/index.html,Water Balance | Academy | WaterBalanceTools,43,67,1,true,none
https://waterbalancetools.com/academy/water-balance/understanding-calcium-hardness,academy/water-balance/understanding-calcium-hardness.html,Understanding Calcium Hardness | Academy | WaterBalanceTools,60,111,1,true,none
https://waterbalancetools.com/academy/water-balance/understanding-cyanuric-acid,academy/water-balance/understanding-cyanuric-acid.html,Understanding Cyanuric Acid | Academy | WaterBalanceTools,57,108,1,true,none
https://waterbalancetools.com/academy/water-balance/understanding-lsi,academy/water-balance/understanding-lsi.html,Understanding the Langelier Saturation Index | Academy | WaterBalanceTools,74,158,1,true,TITLE_TOO_LONG
https://waterbalancetools.com/academy/water-balance/understanding-ph,academy/water-balance/understanding-ph.html,Understanding pH in Pool Water | Academy | WaterBalanceTools,60,110,1,true,none
https://waterbalancetools.com/academy/water-balance/understanding-total-alkalinity,academy/water-balance/understanding-total-alkalinity.html,Understanding Total Alkalinity | Academy | WaterBalanceTools,60,110,1,true,none
https://waterbalancetools.com/academy/water-balance/water-balance-order,academy/water-balance/water-balance-order.html,Water Balance Order: The Correct Sequence | Academy | WaterBalanceTools,71,155,1,true,TITLE_TOO_LONG
https://waterbalancetools.com/all-pages,all-pages.html,All Pool Chemistry Pages | WaterBalanceTools,44,102,1,true,none
https://waterbalancetools.com/audit/google/authority-flow,audit/google/authority-flow.html,Authority Flow | WaterBalanceTools,34,71,1,true,none
https://waterbalancetools.com/audit/google/crawl-depth,audit/google/crawl-depth.html,Crawl Depth Audit | WaterBalanceTools,37,85,1,true,none
https://waterbalancetools.com/audit/google/freshness,audit/google/freshness.html,Freshness | WaterBalanceTools,29,10,1,true,META_DESCRIPTION_TOO_SHORT
https://waterbalancetools.com/audit/google/,audit/google/index.html,Google Indexing Dashboard | WaterBalanceTools,45,26,1,true,META_DESCRIPTION_TOO_SHORT
https://waterbalancetools.com/audit/google/priority-report,audit/google/priority-report.html,Priority Report | WaterBalanceTools,35,60,1,true,none
https://waterbalancetools.com/audit/google/search-console-helper,audit/google/search-console-helper.html,Search Console Helper | WaterBalanceTools,41,61,1,true,none
https://waterbalancetools.com/audit/google/weak-pages,audit/google/weak-pages.html,Weak Pages | WaterBalanceTools,30,62,1,true,none
https://waterbalancetools.com/calculators/chemical-calculator,calculators/chemical-calculator.html,Pool Chemical Calculator (Exact Levels Fast) | WaterBalanceTools,64,156,1,true,none
https://waterbalancetools.com/calculators/hot-tub-chlorine-calculator,calculators/hot-tub-chlorine-calculator.html,Hot Tub Chlorine Calculator (30-Second Check) | WaterBalanceTools,65,154,1,true,none
https://waterbalancetools.com/calculators/hot-tub-ph-calculator,calculators/hot-tub-ph-calculator.html,Hot Tub pH Calculator | WaterBalanceTools,41,109,1,true,none
https://waterbalancetools.com/calculators/hot-tub-shock-calculator,calculators/hot-tub-shock-calculator.html,Hot Tub Shock Calculator | WaterBalanceTools,44,94,1,true,none
https://waterbalancetools.com/calculators/,calculators/index.html,Calculators Hub | WaterBalanceTools,35,80,1,true,none
https://waterbalancetools.com/calculators/pool-alkalinity-calculator,calculators/pool-alkalinity-calculator.html,Pool Alkalinity Calculator | WaterBalanceTools,46,120,1,true,none
https://waterbalancetools.com/calculators/pool-chlorine-calculator,calculators/pool-chlorine-calculator.html,Pool Chlorine Calculator (Oz by Volume) | WaterBalanceTools,59,160,1,true,none
https://waterbalancetools.com/calculators/pool-cyanuric-acid-calculator,calculators/pool-cyanuric-acid-calculator.html,Pool Cyanuric Acid Calculator | WaterBalanceTools,49,112,1,true,none
https://waterbalancetools.com/calculators/pool-ph-calculator,calculators/pool-ph-calculator.html,Pool pH Calculator (Target 7.2–7.6) | WaterBalanceTools,55,153,1,true,none
https://waterbalancetools.com/calculators/pool-shock-calculator,calculators/pool-shock-calculator.html,Pool Shock Calculator (10–30 ppm Dose) | WaterBalanceTools,58,160,1,true,none
https://waterbalancetools.com/calculators/pool-turnover-rate-calculator,calculators/pool-turnover-rate-calculator.html,Pool Turnover Rate Calculator | WaterBalanceTools,49,114,1,true,none
https://waterbalancetools.com/calculators/pool-volume-calculator,calculators/pool-volume-calculator.html,Pool Volume Calculator (calculators) | WaterBalanceTools,56,102,1,true,none
https://waterbalancetools.com/calculators/saltwater-pool-salt-calculator,calculators/saltwater-pool-salt-calculator.html,Saltwater Pool Salt Calculator | WaterBalanceTools,50,120,1,true,none
https://waterbalancetools.com/calculators/spa-volume-calculator,calculators/spa-volume-calculator.html,Spa Volume Calculator | WaterBalanceTools,41,96,1,true,none
https://waterbalancetools.com/calculators/volume-calculator,calculators/volume-calculator.html,Pool Volume Calculator (calculators) (calculators) | WaterBalanceTools,70,91,1,true,TITLE_TOO_LONG;CANONICAL_MISMATCH
https://waterbalancetools.com/charts/hot-tub-chemical-levels-chart,charts/hot-tub-chemical-levels-chart.html,Hot Tub Chemical Levels Chart | WaterBalanceTools,49,85,1,true,CANONICAL_MISMATCH
https://waterbalancetools.com/charts/,charts/index.html,Charts Hub | WaterBalanceTools,30,80,1,true,none
https://waterbalancetools.com/charts/pool-chemical-levels-chart,charts/pool-chemical-levels-chart.html,Pool Chemical Levels Chart | WaterBalanceTools,46,123,1,true,CANONICAL_MISMATCH
https://waterbalancetools.com/charts/pool-water-balance-chart,charts/pool-water-balance-chart.html,Pool Water Balance Chart | WaterBalanceTools,44,101,1,true,none
https://waterbalancetools.com/comparisons/chlorine-vs-bromine-hot-tub,comparisons/chlorine-vs-bromine-hot-tub.html,Chlorine vs Bromine for Hot Tubs | WaterBalanceTools,52,106,1,true,none
https://waterbalancetools.com/comparisons/chlorine-vs-bromine,comparisons/chlorine-vs-bromine.html,Chlorine vs Bromine: Which Is Better for Your Pool? | WaterBalanceTools,71,139,1,true,TITLE_TOO_LONG
https://waterbalancetools.com/comparisons/free-chlorine-vs-total-chlorine,comparisons/free-chlorine-vs-total-chlorine.html,Free Chlorine vs Total Chlorine: What's the Difference? | WaterBalanceTools,75,158,1,true,TITLE_TOO_LONG
https://waterbalancetools.com/comparisons/,comparisons/index.html,Comparisons Hub | WaterBalanceTools,35,75,1,true,none
https://waterbalancetools.com/comparisons/liquid-chlorine-vs-tablets,comparisons/liquid-chlorine-vs-tablets.html,Liquid Chlorine vs Chlorine Tablets: Which Is Better? | WaterBalanceTools,73,124,1,true,TITLE_TOO_LONG
https://waterbalancetools.com/comparisons/pool-shock-vs-chlorine,comparisons/pool-shock-vs-chlorine.html,Pool Shock vs Chlorine: What's the Difference? | WaterBalanceTools,66,148,1,true,TITLE_TOO_LONG
https://waterbalancetools.com/comparisons/salt-water-pool-vs-chlorine-pool,comparisons/salt-water-pool-vs-chlorine-pool.html,Salt Water Pool vs Chlorine Pool: Full Comparison | WaterBalanceTools,69,160,1,true,TITLE_TOO_LONG
https://waterbalancetools.com/comparisons/saltwater-pool-vs-chlorine,comparisons/saltwater-pool-vs-chlorine.html,Saltwater Pool vs Chlorine Pool | WaterBalanceTools,51,75,1,true,none
https://waterbalancetools.com/editorial/content-standards/,editorial/content-standards/index.html,Content Standards | WaterBalanceTools,37,91,1,true,none
https://waterbalancetools.com/editorial/correction-policy/,editorial/correction-policy/index.html,Correction Policy | WaterBalanceTools,37,80,1,true,none
https://waterbalancetools.com/editorial/editorial-policy/,editorial/editorial-policy/index.html,Editorial Policy | WaterBalanceTools,36,109,1,true,none
https://waterbalancetools.com/editorial/,editorial/index.html,Editorial Framework | WaterBalanceTools,39,141,1,true,none
https://waterbalancetools.com/editorial/review-process/,editorial/review-process/index.html,Review Process | WaterBalanceTools,34,103,1,true,none
https://waterbalancetools.com/editorial/update-policy/,editorial/update-policy/index.html,Update Policy | WaterBalanceTools,33,79,1,true,none
https://waterbalancetools.com/entities/algae,entities/algae.html,Algae | WaterBalanceTools,25,80,1,true,none
https://waterbalancetools.com/entities/alkalinity,entities/alkalinity.html,Total Alkalinity | WaterBalanceTools,36,57,1,true,none
https://waterbalancetools.com/entities/automatic-chlorinator,entities/automatic-chlorinator.html,Automatic Chlorinator | WaterBalanceTools,41,99,1,true,none
https://waterbalancetools.com/entities/backwashing,entities/backwashing.html,Backwashing | WaterBalanceTools,31,82,1,true,none
https://waterbalancetools.com/entities/baking-soda,entities/baking-soda.html,Baking Soda | WaterBalanceTools,31,85,1,true,none
https://waterbalancetools.com/entities/balancing,entities/balancing.html,Water Balancing | WaterBalanceTools,35,102,1,true,none
https://waterbalancetools.com/entities/biguanide,entities/biguanide.html,Biguanide | WaterBalanceTools,29,102,1,true,none
https://waterbalancetools.com/entities/breakpoint-chlorination,entities/breakpoint-chlorination.html,Breakpoint Chlorination | WaterBalanceTools,43,78,1,true,none
https://waterbalancetools.com/entities/bromine,entities/bromine.html,Bromine | WaterBalanceTools,27,99,1,true,none
https://waterbalancetools.com/entities/calcium-chloride,entities/calcium-chloride.html,Calcium Chloride | WaterBalanceTools,36,86,1,true,none
https://waterbalancetools.com/entities/calcium-hardness,entities/calcium-hardness.html,Calcium Hardness | WaterBalanceTools,36,95,1,true,none
https://waterbalancetools.com/entities/calcium-hypochlorite,entities/calcium-hypochlorite.html,Calcium Hypochlorite | WaterBalanceTools,40,84,1,true,none
https://waterbalancetools.com/entities/cartridge-filter,entities/cartridge-filter.html,Cartridge Filter | WaterBalanceTools,36,104,1,true,none
https://waterbalancetools.com/entities/cdc,entities/cdc.html,CDC | WaterBalanceTools,23,112,1,true,none
https://waterbalancetools.com/entities/chemical-feeder,entities/chemical-feeder.html,Chemical Feeder | WaterBalanceTools,35,74,1,true,none
https://waterbalancetools.com/entities/chemical-log,entities/chemical-log.html,Pool Chemical Log Sheet | WaterBalanceTools,43,85,1,true,none
https://waterbalancetools.com/entities/closing-checklist,entities/closing-checklist.html,Pool Closing Checklist | WaterBalanceTools,42,58,1,true,none
https://waterbalancetools.com/entities/cloudy-water,entities/cloudy-water.html,Cloudy Water | WaterBalanceTools,32,94,1,true,none
https://waterbalancetools.com/entities/combined-chlorine,entities/combined-chlorine.html,Combined Chlorine | WaterBalanceTools,37,88,1,true,none
https://waterbalancetools.com/entities/commercial-pool,entities/commercial-pool.html,Commercial Pool | WaterBalanceTools,35,85,1,true,none
https://waterbalancetools.com/entities/concrete-pool,entities/concrete-pool.html,Concrete Pool | WaterBalanceTools,33,85,1,true,none
https://waterbalancetools.com/entities/copper,entities/copper.html,Copper | WaterBalanceTools,26,107,1,true,none
https://waterbalancetools.com/entities/corrosion,entities/corrosion.html,Corrosion | WaterBalanceTools,29,80,1,true,none
https://waterbalancetools.com/entities/cover,entities/cover.html,Pool Cover | WaterBalanceTools,30,91,1,true,none
https://waterbalancetools.com/entities/cyanuric-acid,entities/cyanuric-acid.html,Cyanuric Acid | WaterBalanceTools,33,82,1,true,none
https://waterbalancetools.com/entities/de-filter,entities/de-filter.html,DE Filter | WaterBalanceTools,29,97,1,true,none
https://waterbalancetools.com/entities/emergency-reference,entities/emergency-reference.html,Emergency Recovery Reference | WaterBalanceTools,48,74,1,true,none
https://waterbalancetools.com/entities/epa,entities/epa.html,EPA | WaterBalanceTools,23,88,1,true,none
https://waterbalancetools.com/entities/eye-irritation,entities/eye-irritation.html,Eye Irritation | WaterBalanceTools,34,61,1,true,none
https://waterbalancetools.com/entities/fiberglass-pool,entities/fiberglass-pool.html,Fiberglass Pool | WaterBalanceTools,35,85,1,true,none
https://waterbalancetools.com/entities/filtration,entities/filtration.html,Filtration | WaterBalanceTools,30,73,1,true,none
https://waterbalancetools.com/entities/flow-rate,entities/flow-rate.html,Flow Rate | WaterBalanceTools,29,78,1,true,none
https://waterbalancetools.com/entities/foaming,entities/foaming.html,Foaming | WaterBalanceTools,27,91,1,true,none
https://waterbalancetools.com/entities/free-chlorine,entities/free-chlorine.html,Free Chlorine | WaterBalanceTools,33,66,1,true,none
https://waterbalancetools.com/entities/gallons,entities/gallons.html,Gallons | WaterBalanceTools,27,64,1,true,none
https://waterbalancetools.com/entities/green-water,entities/green-water.html,Green Water | WaterBalanceTools,31,77,1,true,none
https://waterbalancetools.com/entities/heater,entities/heater.html,Pool Heater | WaterBalanceTools,31,86,1,true,none
https://waterbalancetools.com/entities/high-chlorine,entities/high-chlorine.html,High Chlorine | WaterBalanceTools,33,89,1,true,none
https://waterbalancetools.com/entities/high-ph,entities/high-ph.html,High pH | WaterBalanceTools,27,87,1,true,none
https://waterbalancetools.com/entities/hot-tub,entities/hot-tub.html,Hot Tub | WaterBalanceTools,27,75,1,true,none
https://waterbalancetools.com/entities/hydrogen-peroxide,entities/hydrogen-peroxide.html,Hydrogen Peroxide | WaterBalanceTools,37,87,1,true,none
https://waterbalancetools.com/entities/,entities/index.html,Entity Graph — Pool Chemistry Knowledge Base | WaterBalanceTools,64,160,1,true,none
https://waterbalancetools.com/entities/indoor-pool,entities/indoor-pool.html,Indoor Pool | WaterBalanceTools,31,77,1,true,none
https://waterbalancetools.com/entities/iron,entities/iron.html,Iron | WaterBalanceTools,24,78,1,true,none
https://waterbalancetools.com/entities/lamotte,entities/lamotte.html,LaMotte | WaterBalanceTools,27,92,1,true,none
https://waterbalancetools.com/entities/liquid-chlorine,entities/liquid-chlorine.html,Liquid Chlorine | WaterBalanceTools,35,87,1,true,none
https://waterbalancetools.com/entities/liters,entities/liters.html,Liters | WaterBalanceTools,26,66,1,true,none
https://waterbalancetools.com/entities/low-chlorine,entities/low-chlorine.html,Low Chlorine | WaterBalanceTools,32,82,1,true,none
https://waterbalancetools.com/entities/low-ph,entities/low-ph.html,Low pH | WaterBalanceTools,26,81,1,true,none
https://waterbalancetools.com/entities/lsi,entities/lsi.html,Langelier Saturation Index | WaterBalanceTools,46,84,1,true,none
https://waterbalancetools.com/entities/maintenance-checklist,entities/maintenance-checklist.html,Pool Maintenance Checklist | WaterBalanceTools,46,97,1,true,none
https://waterbalancetools.com/entities/maintenance-log,entities/maintenance-log.html,Hot Tub Maintenance Log | WaterBalanceTools,43,97,1,true,none
https://waterbalancetools.com/entities/manganese,entities/manganese.html,Manganese | WaterBalanceTools,29,69,1,true,none
https://waterbalancetools.com/entities/muriatic-acid,entities/muriatic-acid.html,Muriatic Acid | WaterBalanceTools,33,79,1,true,none
https://waterbalancetools.com/entities/nsf,entities/nsf.html,NSF International | WaterBalanceTools,37,87,1,true,none
https://waterbalancetools.com/entities/opening-checklist,entities/opening-checklist.html,Pool Opening Checklist | WaterBalanceTools,42,59,1,true,none
https://waterbalancetools.com/entities/orp,entities/orp.html,ORP | WaterBalanceTools,23,89,1,true,none
https://waterbalancetools.com/entities/outdoor-pool,entities/outdoor-pool.html,Outdoor Pool | WaterBalanceTools,32,87,1,true,none
https://waterbalancetools.com/entities/oxidation,entities/oxidation.html,Oxidation | WaterBalanceTools,29,97,1,true,none
https://waterbalancetools.com/entities/ozone,entities/ozone.html,Ozone | WaterBalanceTools,25,95,1,true,none
https://waterbalancetools.com/entities/ph,entities/ph.html,pH | WaterBalanceTools,22,89,1,true,none
https://waterbalancetools.com/entities/phosphate,entities/phosphate.html,Phosphate | WaterBalanceTools,29,61,1,true,none
https://waterbalancetools.com/entities/phta,entities/phta.html,PHTA | WaterBalanceTools,24,100,1,true,none
https://waterbalancetools.com/entities/pool-opening,entities/pool-opening.html,Pool Opening | WaterBalanceTools,32,70,1,true,none
https://waterbalancetools.com/entities/pool-salt,entities/pool-salt.html,Pool Salt | WaterBalanceTools,29,71,1,true,none
https://waterbalancetools.com/entities/ppm,entities/ppm.html,Parts Per Million | WaterBalanceTools,37,70,1,true,none
https://waterbalancetools.com/entities/pump,entities/pump.html,Pool Pump | WaterBalanceTools,29,107,1,true,none
https://waterbalancetools.com/entities/salt-chlorinator,entities/salt-chlorinator.html,Salt Chlorinator | WaterBalanceTools,36,96,1,true,none
https://waterbalancetools.com/entities/salt,entities/salt.html,Salt | WaterBalanceTools,24,92,1,true,none
https://waterbalancetools.com/entities/saltwater-pool,entities/saltwater-pool.html,Saltwater Pool | WaterBalanceTools,34,96,1,true,none
https://waterbalancetools.com/entities/sand-filter,entities/sand-filter.html,Sand Filter | WaterBalanceTools,31,67,1,true,none
https://waterbalancetools.com/entities/sanitizing,entities/sanitizing.html,Sanitizing | WaterBalanceTools,30,81,1,true,none
https://waterbalancetools.com/entities/scaling,entities/scaling.html,Scaling | WaterBalanceTools,27,93,1,true,none
https://waterbalancetools.com/entities/shock-treatment,entities/shock-treatment.html,Shock Treatment | WaterBalanceTools,35,111,1,true,none
https://waterbalancetools.com/entities/skimmer,entities/skimmer.html,Skimmer | WaterBalanceTools,27,89,1,true,none
https://waterbalancetools.com/entities/skin-irritation,entities/skin-irritation.html,Skin Irritation | WaterBalanceTools,35,89,1,true,none
https://waterbalancetools.com/entities/soda-ash,entities/soda-ash.html,Soda Ash | WaterBalanceTools,28,50,1,true,none
https://waterbalancetools.com/entities/sodium-dichlor,entities/sodium-dichlor.html,Dichlor | WaterBalanceTools,27,88,1,true,none
https://waterbalancetools.com/entities/stabilizer,entities/stabilizer.html,Stabilizer / CYA Granules | WaterBalanceTools,45,80,1,true,none
https://waterbalancetools.com/entities/strong-chlorine-smell,entities/strong-chlorine-smell.html,Strong Chlorine Smell | WaterBalanceTools,41,67,1,true,none
https://waterbalancetools.com/entities/swim-spa,entities/swim-spa.html,Swim Spa | WaterBalanceTools,28,73,1,true,none
https://waterbalancetools.com/entities/swimming-pool,entities/swimming-pool.html,Swimming Pool | WaterBalanceTools,33,77,1,true,none
https://waterbalancetools.com/entities/taylor-technologies,entities/taylor-technologies.html,Taylor Technologies | WaterBalanceTools,39,125,1,true,none
https://waterbalancetools.com/entities/temperature,entities/temperature.html,Temperature | WaterBalanceTools,31,90,1,true,none
https://waterbalancetools.com/entities/testing,entities/testing.html,Water Testing | WaterBalanceTools,33,93,1,true,none
https://waterbalancetools.com/entities/total-chlorine,entities/total-chlorine.html,Total Chlorine | WaterBalanceTools,34,61,1,true,none
https://waterbalancetools.com/entities/total-dissolved-solids,entities/total-dissolved-solids.html,Total Dissolved Solids | WaterBalanceTools,42,67,1,true,none
https://waterbalancetools.com/entities/trichlor-tablets,entities/trichlor-tablets.html,Trichlor Tablets | WaterBalanceTools,36,100,1,true,none
https://waterbalancetools.com/entities/turnover-time,entities/turnover-time.html,Turnover Time | WaterBalanceTools,33,91,1,true,none
https://waterbalancetools.com/entities/unit-celsius,entities/unit-celsius.html,°C | WaterBalanceTools,22,67,1,true,none
https://waterbalancetools.com/entities/unit-days,entities/unit-days.html,Days | WaterBalanceTools,24,79,1,true,none
https://waterbalancetools.com/entities/unit-fahrenheit,entities/unit-fahrenheit.html,°F | WaterBalanceTools,22,97,1,true,none
https://waterbalancetools.com/entities/unit-gallons,entities/unit-gallons.html,US Gallons | WaterBalanceTools,30,82,1,true,none
https://waterbalancetools.com/entities/unit-hours,entities/unit-hours.html,Hours | WaterBalanceTools,25,69,1,true,none
https://waterbalancetools.com/entities/unit-liters,entities/unit-liters.html,Metric Liters | WaterBalanceTools,33,157,1,true,none
https://waterbalancetools.com/entities/unit-mg-l,entities/unit-mg-l.html,mg/L | WaterBalanceTools,24,73,1,true,none
https://waterbalancetools.com/entities/unit-minutes,entities/unit-minutes.html,Minutes | WaterBalanceTools,27,90,1,true,none
https://waterbalancetools.com/entities/unit-months,entities/unit-months.html,Months | WaterBalanceTools,26,90,1,true,none
https://waterbalancetools.com/entities/unit-ppm,entities/unit-ppm.html,ppm | WaterBalanceTools,23,71,1,true,none
https://waterbalancetools.com/entities/unit-weeks,entities/unit-weeks.html,Weeks | WaterBalanceTools,25,78,1,true,none
https://waterbalancetools.com/entities/vacation-rental-checklist,entities/vacation-rental-checklist.html,Airbnb Pool Turnover Checklist | WaterBalanceTools,50,109,1,true,none
https://waterbalancetools.com/entities/vinyl-pool,entities/vinyl-pool.html,Vinyl Pool | WaterBalanceTools,30,75,1,true,none
https://waterbalancetools.com/entities/water-replacement,entities/water-replacement.html,Water Replacement | WaterBalanceTools,37,101,1,true,none
https://waterbalancetools.com/entities/water-test-sheet,entities/water-test-sheet.html,Water Test Log | WaterBalanceTools,34,85,1,true,none
https://waterbalancetools.com/entities/winterization,entities/winterization.html,Winterization | WaterBalanceTools,33,81,1,true,none
https://waterbalancetools.com/formulas/alkalinity-formula,formulas/alkalinity-formula.html,Total Alkalinity Adjustment Formula | Formula Library | WaterBalanceTools,73,122,1,true,TITLE_TOO_LONG
https://waterbalancetools.com/formulas/cya-formula,formulas/cya-formula.html,CYA (Cyanuric Acid) Dose Formula | Formula Library | WaterBalanceTools,70,108,1,true,TITLE_TOO_LONG
https://waterbalancetools.com/formulas/,formulas/index.html,Pool Chemistry Formula Library | WaterBalanceTools,50,160,1,true,none
https://waterbalancetools.com/formulas/liquid-chlorine-formula,formulas/liquid-chlorine-formula.html,Liquid Chlorine Dose Formula | Formula Library | WaterBalanceTools,66,116,1,true,TITLE_TOO_LONG
https://waterbalancetools.com/formulas/lsi-formula,formulas/lsi-formula.html,Langelier Saturation Index (LSI) Formula | Formula Library | WaterBalanceTools,78,136,1,true,TITLE_TOO_LONG
https://waterbalancetools.com/formulas/ph-adjustment-formula,formulas/ph-adjustment-formula.html,pH Adjustment Formula | Formula Library | WaterBalanceTools,59,101,1,true,none
https://waterbalancetools.com/formulas/pool-volume-formula,formulas/pool-volume-formula.html,Pool Volume Formula | Formula Library | WaterBalanceTools,57,135,1,true,none
https://waterbalancetools.com/formulas/salt-formula,formulas/salt-formula.html,Salt Pool Formula | Formula Library | WaterBalanceTools,55,112,1,true,none
https://waterbalancetools.com/formulas/shock-formula,formulas/shock-formula.html,Pool Shock Formula | Formula Library | WaterBalanceTools,56,132,1,true,none
https://waterbalancetools.com/formulas/turnover-formula,formulas/turnover-formula.html,Pool Turnover Rate Formula | Formula Library | WaterBalanceTools,64,125,1,true,none
https://waterbalancetools.com/glossary/aggressive-water,glossary/aggressive-water.html,Aggressive Water | Glossary | WaterBalanceTools,47,132,1,true,none
https://waterbalancetools.com/glossary/algae-bloom,glossary/algae-bloom.html,Algae Bloom | Glossary | WaterBalanceTools,42,160,1,true,none
https://waterbalancetools.com/glossary/algaecide,glossary/algaecide.html,Algaecide | Glossary | WaterBalanceTools,40,160,1,true,none
https://waterbalancetools.com/glossary/ammonia,glossary/ammonia.html,Ammonia (Pool Water) | Glossary | WaterBalanceTools,51,160,1,true,none
https://waterbalancetools.com/glossary/backwashing,glossary/backwashing.html,Backwashing | Glossary | WaterBalanceTools,42,160,1,true,none
https://waterbalancetools.com/glossary/bather-load,glossary/bather-load.html,Bather Load | Glossary | WaterBalanceTools,42,160,1,true,none
https://waterbalancetools.com/glossary/bcdmh,glossary/bcdmh.html,BCDMH | Glossary | WaterBalanceTools,36,160,1,true,none
https://waterbalancetools.com/glossary/bicarbonate-alkalinity,glossary/bicarbonate-alkalinity.html,Bicarbonate Alkalinity | Glossary | WaterBalanceTools,53,160,1,true,none
https://waterbalancetools.com/glossary/biofilm,glossary/biofilm.html,Biofilm | Glossary | WaterBalanceTools,38,160,1,true,none
https://waterbalancetools.com/glossary/black-algae,glossary/black-algae.html,Black Algae | Glossary | WaterBalanceTools,42,160,1,true,none
https://waterbalancetools.com/glossary/breakpoint-chlorination,glossary/breakpoint-chlorination.html,Breakpoint Chlorination | Glossary | WaterBalanceTools,54,160,1,true,none
https://waterbalancetools.com/glossary/breakpoint-dose,glossary/breakpoint-dose.html,Breakpoint Dose | Glossary | WaterBalanceTools,46,160,1,true,none
https://waterbalancetools.com/glossary/bromine,glossary/bromine.html,Bromine | Glossary | WaterBalanceTools,38,160,1,true,none
https://waterbalancetools.com/glossary/calcium-hardness,glossary/calcium-hardness.html,Calcium Hardness | Glossary | WaterBalanceTools,47,160,1,true,none
https://waterbalancetools.com/glossary/calcium-hypochlorite,glossary/calcium-hypochlorite.html,Calcium Hypochlorite | Glossary | WaterBalanceTools,51,160,1,true,none
https://waterbalancetools.com/glossary/carbon-dioxide,glossary/carbon-dioxide.html,Carbon Dioxide | Glossary | WaterBalanceTools,45,160,1,true,none
https://waterbalancetools.com/glossary/cartridge-filter,glossary/cartridge-filter.html,Cartridge Filter | Glossary | WaterBalanceTools,47,160,1,true,none
https://waterbalancetools.com/glossary/chemical-compatibility,glossary/chemical-compatibility.html,Chemical Compatibility | Glossary | WaterBalanceTools,53,160,1,true,none
https://waterbalancetools.com/glossary/chemical-log,glossary/chemical-log.html,Chemical Log | Glossary | WaterBalanceTools,43,160,1,true,none
https://waterbalancetools.com/glossary/chemical-storage,glossary/chemical-storage.html,Chemical Storage | Glossary | WaterBalanceTools,47,160,1,true,none
https://waterbalancetools.com/glossary/chloramine,glossary/chloramine.html,Chloramine | Glossary | WaterBalanceTools,41,160,1,true,none
https://waterbalancetools.com/glossary/chlorine-demand,glossary/chlorine-demand.html,Chlorine Demand | Glossary | WaterBalanceTools,46,160,1,true,none
https://waterbalancetools.com/glossary/chlorine-stabilizer,glossary/chlorine-stabilizer.html,Chlorine Stabilizer | Glossary | WaterBalanceTools,50,160,1,true,none
https://waterbalancetools.com/glossary/clarifier,glossary/clarifier.html,Clarifier | Glossary | WaterBalanceTools,40,160,1,true,none
https://waterbalancetools.com/glossary/closing-chemical-kit,glossary/closing-chemical-kit.html,Closing Chemical Kit | Glossary | WaterBalanceTools,51,160,1,true,none
https://waterbalancetools.com/glossary/colorimetric-test,glossary/colorimetric-test.html,Colorimetric Test | Glossary | WaterBalanceTools,48,160,1,true,none
https://waterbalancetools.com/glossary/combined-chlorine,glossary/combined-chlorine.html,Combined Chlorine | Glossary | WaterBalanceTools,48,160,1,true,none
https://waterbalancetools.com/glossary/conductivity,glossary/conductivity.html,Conductivity | Glossary | WaterBalanceTools,43,160,1,true,none
https://waterbalancetools.com/glossary/copper,glossary/copper.html,Copper (Pool Water) | Glossary | WaterBalanceTools,50,160,1,true,none
https://waterbalancetools.com/glossary/cyanuric-acid,glossary/cyanuric-acid.html,Cyanuric Acid | Glossary | WaterBalanceTools,44,160,1,true,none
https://waterbalancetools.com/glossary/de-filter,glossary/de-filter.html,DE Filter | Glossary | WaterBalanceTools,40,160,1,true,none
https://waterbalancetools.com/glossary/dead-algae,glossary/dead-algae.html,Dead Algae | Glossary | WaterBalanceTools,41,160,1,true,none
https://waterbalancetools.com/glossary/dichlor,glossary/dichlor.html,Dichlor | Glossary | WaterBalanceTools,38,160,1,true,none
https://waterbalancetools.com/glossary/dilution,glossary/dilution.html,Dilution | Glossary | WaterBalanceTools,39,160,1,true,none
https://waterbalancetools.com/glossary/dpd-test,glossary/dpd-test.html,DPD Test | Glossary | WaterBalanceTools,39,160,1,true,none
https://waterbalancetools.com/glossary/evaporation,glossary/evaporation.html,Evaporation | Glossary | WaterBalanceTools,42,160,1,true,none
https://waterbalancetools.com/glossary/filter-pressure,glossary/filter-pressure.html,Filter Pressure | Glossary | WaterBalanceTools,46,160,1,true,none
https://waterbalancetools.com/glossary/flocculant,glossary/flocculant.html,Flocculant | Glossary | WaterBalanceTools,41,160,1,true,none
https://waterbalancetools.com/glossary/free-chlorine,glossary/free-chlorine.html,Free Chlorine | Glossary | WaterBalanceTools,44,160,1,true,none
https://waterbalancetools.com/glossary/gpm,glossary/gpm.html,GPM (Gallons Per Minute) | Glossary | WaterBalanceTools,55,160,1,true,none
https://waterbalancetools.com/glossary/green-algae,glossary/green-algae.html,Green Algae | Glossary | WaterBalanceTools,42,160,1,true,none
https://waterbalancetools.com/glossary/hypochlorous-acid,glossary/hypochlorous-acid.html,Hypochlorous Acid | Glossary | WaterBalanceTools,48,160,1,true,none
https://waterbalancetools.com/glossary/,glossary/index.html,Pool Chemistry Glossary | WaterBalanceTools,43,131,1,true,none
https://waterbalancetools.com/glossary/iron,glossary/iron.html,Iron (Pool Water) | Glossary | WaterBalanceTools,48,160,1,true,none
https://waterbalancetools.com/glossary/langelier-saturation-index,glossary/langelier-saturation-index.html,Langelier Saturation Index | Glossary | WaterBalanceTools,57,160,1,true,none
https://waterbalancetools.com/glossary/main-drain,glossary/main-drain.html,Main Drain | Glossary | WaterBalanceTools,41,160,1,true,none
https://waterbalancetools.com/glossary/metal-sequestrant,glossary/metal-sequestrant.html,Metal Sequestrant | Glossary | WaterBalanceTools,48,160,1,true,none
https://waterbalancetools.com/glossary/multiport-valve,glossary/multiport-valve.html,Multiport Valve | Glossary | WaterBalanceTools,46,160,1,true,none
https://waterbalancetools.com/glossary/muriatic-acid,glossary/muriatic-acid.html,Muriatic Acid | Glossary | WaterBalanceTools,44,160,1,true,none
https://waterbalancetools.com/glossary/mustard-algae,glossary/mustard-algae.html,Mustard Algae | Glossary | WaterBalanceTools,44,160,1,true,none
https://waterbalancetools.com/glossary/opening-chemical-kit,glossary/opening-chemical-kit.html,Opening Chemical Kit | Glossary | WaterBalanceTools,51,160,1,true,none
https://waterbalancetools.com/glossary/orp,glossary/orp.html,ORP (Oxidation-Reduction Potential) | WaterBalanceTools,55,160,1,true,none
https://waterbalancetools.com/glossary/oto-test,glossary/oto-test.html,OTO Test | Glossary | WaterBalanceTools,39,160,1,true,none
https://waterbalancetools.com/glossary/oxidizer,glossary/oxidizer.html,Oxidizer | Glossary | WaterBalanceTools,39,160,1,true,none
https://waterbalancetools.com/glossary/ozone,glossary/ozone.html,Ozone | Glossary | WaterBalanceTools,36,160,1,true,none
https://waterbalancetools.com/glossary/partial-drain,glossary/partial-drain.html,Partial Drain | Glossary | WaterBalanceTools,44,160,1,true,none
https://waterbalancetools.com/glossary/parts-per-million,glossary/parts-per-million.html,Parts Per Million | Glossary | WaterBalanceTools,48,160,1,true,none
https://waterbalancetools.com/glossary/ph-bounce,glossary/ph-bounce.html,pH Bounce | Glossary | WaterBalanceTools,40,160,1,true,none
https://waterbalancetools.com/glossary/ph-increaser,glossary/ph-increaser.html,pH Increaser | Glossary | WaterBalanceTools,43,160,1,true,none
https://waterbalancetools.com/glossary/ph,glossary/ph.html,pH | Glossary | WaterBalanceTools,33,160,1,true,none
https://waterbalancetools.com/glossary/phosphates,glossary/phosphates.html,Phosphates | Glossary | WaterBalanceTools,41,160,1,true,none
https://waterbalancetools.com/glossary/pink-slime,glossary/pink-slime.html,Pink Slime | Glossary | WaterBalanceTools,41,160,1,true,none
https://waterbalancetools.com/glossary/pool-chemistry-reference,glossary/pool-chemistry-reference.html,Pool Chemistry Reference | Glossary | WaterBalanceTools,55,160,1,true,none
https://waterbalancetools.com/glossary/pool-maintenance-schedule,glossary/pool-maintenance-schedule.html,Pool Maintenance Schedule | Glossary | WaterBalanceTools,56,160,1,true,none
https://waterbalancetools.com/glossary/pool-pump,glossary/pool-pump.html,Pool Pump | Glossary | WaterBalanceTools,40,160,1,true,none
https://waterbalancetools.com/glossary/pool-safety-equipment,glossary/pool-safety-equipment.html,Pool Safety Equipment | Glossary | WaterBalanceTools,52,160,1,true,none
https://waterbalancetools.com/glossary/pool-shock-schedule,glossary/pool-shock-schedule.html,Pool Shock Schedule | Glossary | WaterBalanceTools,50,160,1,true,none
https://waterbalancetools.com/glossary/pool-turnover-rate,glossary/pool-turnover-rate.html,Pool Turnover Rate | Glossary | WaterBalanceTools,49,160,1,true,none
https://waterbalancetools.com/glossary/pool-volume-reference,glossary/pool-volume-reference.html,Pool Volume Reference | Glossary | WaterBalanceTools,52,160,1,true,none
https://waterbalancetools.com/glossary/pool-volume,glossary/pool-volume.html,Pool Volume | Glossary | WaterBalanceTools,42,160,1,true,none
https://waterbalancetools.com/glossary/pressure-gauge,glossary/pressure-gauge.html,Pressure Gauge | Glossary | WaterBalanceTools,45,160,1,true,none
https://waterbalancetools.com/glossary/pump-turnover,glossary/pump-turnover.html,Pump Turnover | Glossary | WaterBalanceTools,44,160,1,true,none
https://waterbalancetools.com/glossary/reagent,glossary/reagent.html,Reagent | Glossary | WaterBalanceTools,38,160,1,true,none
https://waterbalancetools.com/glossary/return-jet,glossary/return-jet.html,Return Jet | Glossary | WaterBalanceTools,41,160,1,true,none
https://waterbalancetools.com/glossary/salt-chlorination,glossary/salt-chlorination.html,Salt Chlorination | Glossary | WaterBalanceTools,48,160,1,true,none
https://waterbalancetools.com/glossary/sand-filter,glossary/sand-filter.html,Sand Filter | Glossary | WaterBalanceTools,42,160,1,true,none
https://waterbalancetools.com/glossary/sanitizer,glossary/sanitizer.html,Sanitizer | Glossary | WaterBalanceTools,40,160,1,true,none
https://waterbalancetools.com/glossary/saturated-ph,glossary/saturated-ph.html,Saturated pH | Glossary | WaterBalanceTools,43,160,1,true,none
https://waterbalancetools.com/glossary/saturation-index,glossary/saturation-index.html,Saturation Index | Glossary | WaterBalanceTools,47,160,1,true,none
https://waterbalancetools.com/glossary/scale-inhibitor,glossary/scale-inhibitor.html,Scale Inhibitor | Glossary | WaterBalanceTools,46,160,1,true,none
https://waterbalancetools.com/glossary/scaling-water,glossary/scaling-water.html,Scaling Water | Glossary | WaterBalanceTools,44,117,1,true,none
https://waterbalancetools.com/glossary/shock-dosage,glossary/shock-dosage.html,Shock Dosage | Glossary | WaterBalanceTools,43,160,1,true,none
https://waterbalancetools.com/glossary/shock,glossary/shock.html,Shock | Glossary | WaterBalanceTools,36,160,1,true,none
https://waterbalancetools.com/glossary/skimmer,glossary/skimmer.html,Skimmer | Glossary | WaterBalanceTools,38,160,1,true,none
https://waterbalancetools.com/glossary/sodium-bicarbonate,glossary/sodium-bicarbonate.html,Sodium Bicarbonate | Glossary | WaterBalanceTools,49,160,1,true,none
https://waterbalancetools.com/glossary/sodium-bisulfate,glossary/sodium-bisulfate.html,Sodium Bisulfate | Glossary | WaterBalanceTools,47,160,1,true,none
https://waterbalancetools.com/glossary/sodium-carbonate,glossary/sodium-carbonate.html,Sodium Carbonate | Glossary | WaterBalanceTools,47,160,1,true,none
https://waterbalancetools.com/glossary/sodium-hypochlorite,glossary/sodium-hypochlorite.html,Sodium Hypochlorite | Glossary | WaterBalanceTools,50,160,1,true,none
https://waterbalancetools.com/glossary/superchlorination,glossary/superchlorination.html,Superchlorination | Glossary | WaterBalanceTools,48,160,1,true,none
https://waterbalancetools.com/glossary/test-strip,glossary/test-strip.html,Test Strip | Glossary | WaterBalanceTools,41,160,1,true,none
https://waterbalancetools.com/glossary/total-alkalinity,glossary/total-alkalinity.html,Total Alkalinity | Glossary | WaterBalanceTools,47,160,1,true,none
https://waterbalancetools.com/glossary/total-chlorine,glossary/total-chlorine.html,Total Chlorine | Glossary | WaterBalanceTools,45,160,1,true,none
https://waterbalancetools.com/glossary/total-dissolved-solids,glossary/total-dissolved-solids.html,Total Dissolved Solids | Glossary | WaterBalanceTools,53,160,1,true,none
https://waterbalancetools.com/glossary/total-hardness,glossary/total-hardness.html,Total Hardness | Glossary | WaterBalanceTools,45,160,1,true,none
https://waterbalancetools.com/glossary/trichlor,glossary/trichlor.html,Trichlor | Glossary | WaterBalanceTools,39,160,1,true,none
https://waterbalancetools.com/glossary/turbidity,glossary/turbidity.html,Turbidity | Glossary | WaterBalanceTools,40,160,1,true,none
https://waterbalancetools.com/glossary/uv-sanitization,glossary/uv-sanitization.html,UV Sanitization | Glossary | WaterBalanceTools,46,160,1,true,none
https://waterbalancetools.com/glossary/water-balance-checklist,glossary/water-balance-checklist.html,Water Balance Checklist | Glossary | WaterBalanceTools,54,160,1,true,none
https://waterbalancetools.com/glossary/water-temperature,glossary/water-temperature.html,Water Temperature | Glossary | WaterBalanceTools,48,160,1,true,none
https://waterbalancetools.com/glossary/water-test-log,glossary/water-test-log.html,Water Test Log | Glossary | WaterBalanceTools,45,160,1,true,none
https://waterbalancetools.com/glossary/winterization,glossary/winterization.html,Winterization | Glossary | WaterBalanceTools,44,160,1,true,none
https://waterbalancetools.com/guides/advanced/chlorine-breakdown-sunlight,guides/advanced/chlorine-breakdown-sunlight.html,"Chlorine Breakdown in Sunlight (UV, CYA &amp; Dosing) | WaterBalanceTools",73,92,1,true,TITLE_TOO_LONG
https://waterbalancetools.com/guides/advanced/chlorine-vs-saltwater,guides/advanced/chlorine-vs-saltwater.html,Chlorine vs Saltwater Pools (How Sanitizing Actually Works) | WaterBalanceTools,79,117,1,true,TITLE_TOO_LONG
https://waterbalancetools.com/guides/advanced/cya-stabilizer-explained,guides/advanced/cya-stabilizer-explained.html,CYA Stabilizer Explained (Chlorine Protection vs Lock-In) | WaterBalanceTools,77,103,1,true,TITLE_TOO_LONG
https://waterbalancetools.com/guides/advanced/,guides/advanced/index.html,Advanced Guides Hub | WaterBalanceTools,39,72,1,true,none
https://waterbalancetools.com/guides/advanced/pool-chemistry-balance-explained,guides/advanced/pool-chemistry-balance-explained.html,"Pool Chemistry Balance Explained (pH, TA, Calcium &amp; Sanitizer) | WaterBalanceTools",86,122,1,true,TITLE_TOO_LONG
https://waterbalancetools.com/guides/alkalinity-guide,guides/alkalinity-guide.html,Pool Alkalinity Guide | WaterBalanceTools,41,67,1,true,none
https://waterbalancetools.com/guides/chlorine-guide,guides/chlorine-guide.html,Pool Chlorine Guide | WaterBalanceTools,39,76,1,true,none
https://waterbalancetools.com/guides/chlorine/chlorine-too-high-after-shocking,guides/chlorine/chlorine-too-high-after-shocking.html,Chlorine Too High After Shocking: What to Do | WaterBalanceTools,64,134,1,true,none
https://waterbalancetools.com/guides/chlorine/free-chlorine-vs-total-chlorine,guides/chlorine/free-chlorine-vs-total-chlorine.html,Free Chlorine vs Total Chlorine Explained | WaterBalanceTools,61,144,1,true,none
https://waterbalancetools.com/guides/chlorine/how-often-should-i-shock-my-pool,guides/chlorine/how-often-should-i-shock-my-pool.html,How Often Should I Shock My Pool? | WaterBalanceTools,53,135,1,true,none
https://waterbalancetools.com/guides/chlorine/,guides/chlorine/index.html,Chlorine Guides Hub | WaterBalanceTools,39,75,1,true,none
https://waterbalancetools.com/guides/chlorine/why-pool-chlorine-disappears-overnight,guides/chlorine/why-pool-chlorine-disappears-overnight.html,Why Pool Chlorine Disappears Overnight | WaterBalanceTools,58,129,1,true,none
https://waterbalancetools.com/guides/chlorine/why-pool-wont-hold-chlorine,guides/chlorine/why-pool-wont-hold-chlorine.html,Why Pool Won't Hold Chlorine: Causes and Fixes | WaterBalanceTools,66,133,1,true,TITLE_TOO_LONG
https://waterbalancetools.com/guides/edge-cases/high-cya-chlorine-lock,guides/edge-cases/high-cya-chlorine-lock.html,High CYA Chlorine Lock (Why FC Reads Fine But Water Fails) | WaterBalanceTools,78,116,1,true,TITLE_TOO_LONG
https://waterbalancetools.com/guides/edge-cases/,guides/edge-cases/index.html,Edge Cases Guides Hub | WaterBalanceTools,41,65,1,true,none
https://waterbalancetools.com/guides/edge-cases/over-shocking-pool-effects,guides/edge-cases/over-shocking-pool-effects.html,Over-Shocking a Pool: Effects &amp; What to Do | WaterBalanceTools,66,113,1,true,TITLE_TOO_LONG
https://waterbalancetools.com/guides/edge-cases/pool-temperature-effect-chlorine,guides/edge-cases/pool-temperature-effect-chlorine.html,"Pool Temperature Effect on Chlorine (Warmer Water, Faster Demand) | WaterBalanceTools",85,80,1,true,TITLE_TOO_LONG
https://waterbalancetools.com/guides/edge-cases/rain-effect-on-pool-chemistry,guides/edge-cases/rain-effect-on-pool-chemistry.html,"Does Rain Affect Pool Chemistry? (Dilution, pH &amp; Chlorine) | WaterBalanceTools",82,107,1,true,TITLE_TOO_LONG
https://waterbalancetools.com/guides/edge-cases/swimming-after-shocking-pool,guides/edge-cases/swimming-after-shocking-pool.html,How Long After Shocking a Pool Can You Swim? (Safe Wait Times) | WaterBalanceTools,82,146,1,true,TITLE_TOO_LONG
https://waterbalancetools.com/guides/hot-tub-chemistry,guides/hot-tub-chemistry.html,Hot Tub Chemistry Guide | WaterBalanceTools,43,67,1,true,none
https://waterbalancetools.com/guides/hot-tub-maintenance,guides/hot-tub-maintenance.html,Hot Tub Maintenance Guide | WaterBalanceTools,45,89,1,true,none
https://waterbalancetools.com/guides/hot-tub/hot-tub-alkalinity-too-high,guides/hot-tub/hot-tub-alkalinity-too-high.html,Hot Tub Alkalinity Too High: What to Do | WaterBalanceTools,59,123,1,true,none
https://waterbalancetools.com/guides/hot-tub/hot-tub-chlorine-too-high,guides/hot-tub/hot-tub-chlorine-too-high.html,Hot Tub Chlorine Too High: What to Do | WaterBalanceTools,57,132,1,true,none
https://waterbalancetools.com/guides/hot-tub/hot-tub-chlorine-too-low,guides/hot-tub/hot-tub-chlorine-too-low.html,Hot Tub Chlorine Too Low: Causes and Fix | WaterBalanceTools,60,128,1,true,none
https://waterbalancetools.com/guides/hot-tub/hot-tub-ph-too-low,guides/hot-tub/hot-tub-ph-too-low.html,Hot Tub pH Too Low: Causes and Fix | WaterBalanceTools,54,126,1,true,none
https://waterbalancetools.com/guides/hot-tub/how-often-to-shock-a-hot-tub,guides/hot-tub/how-often-to-shock-a-hot-tub.html,How Often to Shock a Hot Tub | WaterBalanceTools,48,128,1,true,none
https://waterbalancetools.com/guides/hot-tub/,guides/hot-tub/index.html,Hot Tub Guides Hub | WaterBalanceTools,38,66,1,true,none
https://waterbalancetools.com/guides/,guides/index.html,Guides Hub | WaterBalanceTools,30,70,1,true,none
https://waterbalancetools.com/guides/ph-guide,guides/ph-guide.html,Pool pH Guide | WaterBalanceTools,33,75,1,true,none
https://waterbalancetools.com/guides/ph/can-you-swim-in-high-ph-water,guides/ph/can-you-swim-in-high-ph-water.html,Can You Swim in High pH Pool Water? | WaterBalanceTools,55,142,1,true,none
https://waterbalancetools.com/guides/ph/does-rain-lower-pool-ph,guides/ph/does-rain-lower-pool-ph.html,Does Rain Lower Pool pH? | WaterBalanceTools,44,132,1,true,none
https://waterbalancetools.com/guides/ph/how-to-lower-pool-ph,guides/ph/how-to-lower-pool-ph.html,How to Lower Pool pH: Step-by-Step Guide | WaterBalanceTools,60,130,1,true,none
https://waterbalancetools.com/guides/ph/,guides/ph/index.html,pH Guides Hub | WaterBalanceTools,33,81,1,true,none
https://waterbalancetools.com/guides/ph/what-causes-high-pool-ph,guides/ph/what-causes-high-pool-ph.html,What Causes High Pool pH? | WaterBalanceTools,45,127,1,true,none
https://waterbalancetools.com/guides/ph/why-pool-ph-keeps-rising,guides/ph/why-pool-ph-keeps-rising.html,Why Pool pH Keeps Rising | WaterBalanceTools,44,117,1,true,none
https://waterbalancetools.com/guides/pool-chemistry-basics,guides/pool-chemistry-basics.html,Pool Chemistry Basics | WaterBalanceTools,41,95,1,true,none
https://waterbalancetools.com/guides/questions/can-rain-affect-pool-chemistry,guides/questions/can-rain-affect-pool-chemistry.html,Can Rain Affect Pool Chemistry? | WaterBalanceTools,51,151,1,true,none
https://waterbalancetools.com/guides/questions/can-you-swim-after-shocking-a-pool,guides/questions/can-you-swim-after-shocking-a-pool.html,Can You Swim After Shocking a Pool? | WaterBalanceTools,55,149,1,true,none
https://waterbalancetools.com/guides/questions/,guides/questions/index.html,Questions Guides Hub | WaterBalanceTools,40,65,1,true,none
https://waterbalancetools.com/guides/questions/why-does-hot-tub-water-smell,guides/questions/why-does-hot-tub-water-smell.html,Why Does Hot Tub Water Smell? | WaterBalanceTools,49,151,1,true,none
https://waterbalancetools.com/guides/questions/why-does-pool-water-turn-cloudy,guides/questions/why-does-pool-water-turn-cloudy.html,Why Does Pool Water Turn Cloudy? | WaterBalanceTools,52,141,1,true,none
https://waterbalancetools.com/guides/questions/why-is-my-hot-tub-foamy,guides/questions/why-is-my-hot-tub-foamy.html,Why Is My Hot Tub Foamy? | WaterBalanceTools,44,138,1,true,none
https://waterbalancetools.com/guides/questions/why-is-my-pool-green-but-chlorine-is-high,guides/questions/why-is-my-pool-green-but-chlorine-is-high.html,Why Is My Pool Green But Chlorine Is High? | WaterBalanceTools,62,151,1,true,none
https://waterbalancetools.com/guides/seasonal/closing-pool-chemistry-winter,guides/seasonal/closing-pool-chemistry-winter.html,"Closing Pool Chemistry for Winter (Balance, Shock &amp; Winterize) | WaterBalanceTools",86,107,1,true,TITLE_TOO_LONG
https://waterbalancetools.com/guides/seasonal/,guides/seasonal/index.html,Seasonal Guides Hub | WaterBalanceTools,39,66,1,true,none
https://waterbalancetools.com/guides/seasonal/opening-pool-chemistry-checklist,guides/seasonal/opening-pool-chemistry-checklist.html,Opening Pool Chemistry Checklist (Start-Up Chemicals Order) | WaterBalanceTools,79,111,1,true,TITLE_TOO_LONG
https://waterbalancetools.com/guides/seasonal/summer-high-chlorine-demand,guides/seasonal/summer-high-chlorine-demand.html,"Summer High Chlorine Demand (Heat, Sun &amp; Load) | WaterBalanceTools",70,109,1,true,TITLE_TOO_LONG
https://waterbalancetools.com/guides/seasonal/winter-pool-maintenance-chemistry,guides/seasonal/winter-pool-maintenance-chemistry.html,Winter Pool Maintenance Chemistry (Mild &amp; Cold Climates) | WaterBalanceTools,80,124,1,true,TITLE_TOO_LONG
https://waterbalancetools.com/hot-tub-chemical-levels-chart,hot-tub-chemical-levels-chart.html,Hot Tub Chemical Levels Chart (All Parameters) | WaterBalanceTools,66,160,1,true,TITLE_TOO_LONG
https://waterbalancetools.com/hot-tub-chlorine-levels-chart,hot-tub-chlorine-levels-chart.html,Hot Tub Chlorine Levels Chart | WaterBalanceTools,49,124,1,true,none
https://waterbalancetools.com/,index.html,Pool & Hot Tub Chemical Calculator | WaterBalanceTools,54,110,1,true,none
https://waterbalancetools.com/legal/,legal/index.html,Legal Hub | WaterBalanceTools,29,67,1,true,none
https://waterbalancetools.com/legal/legal,legal/legal.html,Legal Information | WaterBalanceTools,37,73,1,true,none
https://waterbalancetools.com/legal/ownership,legal/ownership.html,Ownership &amp; Operator Information | WaterBalanceTools,56,81,1,true,none
https://waterbalancetools.com/maintenance/how-often-add-chlorine-pool,maintenance/how-often-add-chlorine-pool.html,How Often to Add Chlorine to a Pool | WaterBalanceTools,55,98,1,true,none
https://waterbalancetools.com/maintenance/how-to-balance-pool-water,maintenance/how-to-balance-pool-water.html,How to Balance Pool Water | WaterBalanceTools,45,111,1,true,none
https://waterbalancetools.com/maintenance/how-to-fix-cloudy-hot-tub,maintenance/how-to-fix-cloudy-hot-tub.html,How to Fix Cloudy Hot Tub Water | WaterBalanceTools,51,115,1,true,none
https://waterbalancetools.com/maintenance/,maintenance/index.html,Maintenance Hub | WaterBalanceTools,35,55,1,true,none
https://waterbalancetools.com/methodology/calculation-assumptions/,methodology/calculation-assumptions/index.html,Calculation Assumptions | WaterBalanceTools,43,108,1,true,none
https://waterbalancetools.com/methodology/calculation-methodology/,methodology/calculation-methodology/index.html,Calculation Methodology | WaterBalanceTools,43,130,1,true,none
https://waterbalancetools.com/methodology/confidence-system/,methodology/confidence-system/index.html,Confidence System | WaterBalanceTools,37,111,1,true,none
https://waterbalancetools.com/methodology/formula-selection/,methodology/formula-selection/index.html,Formula Selection | WaterBalanceTools,37,96,1,true,none
https://waterbalancetools.com/methodology/,methodology/index.html,Calculation Methodology (methodology) | WaterBalanceTools,57,138,1,true,none
https://waterbalancetools.com/methodology/known-limitations/,methodology/known-limitations/index.html,Known Limitations | WaterBalanceTools,37,71,1,true,none
https://waterbalancetools.com/methodology/precision-policy/,methodology/precision-policy/index.html,Precision Policy | WaterBalanceTools,36,109,1,true,none
https://waterbalancetools.com/methodology/rounding-policy/,methodology/rounding-policy/index.html,Rounding Policy | WaterBalanceTools,35,69,1,true,none
https://waterbalancetools.com/pool-alkalinity-levels-chart,pool-alkalinity-levels-chart.html,Pool Alkalinity Levels Chart | WaterBalanceTools,48,123,1,true,none
https://waterbalancetools.com/pool-chemical-levels-chart,pool-chemical-levels-chart.html,Pool Chemical Levels Chart (Ideal Ranges + Next Steps) | WaterBalanceTools,74,122,1,true,TITLE_TOO_LONG
https://waterbalancetools.com/pool-chemistry-system,pool-chemistry-system.html,Pool Chemistry System: How All Parameters Work Together | WaterBalanceTools,75,160,1,true,TITLE_TOO_LONG
https://waterbalancetools.com/pool-chlorine-levels-chart,pool-chlorine-levels-chart.html,Pool Chlorine Levels Chart (1–3 ppm + Shock Targets) | WaterBalanceTools,72,105,1,true,TITLE_TOO_LONG
https://waterbalancetools.com/pool-cya-levels-chart,pool-cya-levels-chart.html,Pool CYA (Cyanuric Acid) Levels Chart | WaterBalanceTools,57,130,1,true,none
https://waterbalancetools.com/pool-ph-levels-chart,pool-ph-levels-chart.html,Pool pH Levels Chart (7.2–7.6 + Fix Order) | WaterBalanceTools,62,110,1,true,none
https://waterbalancetools.com/printable/maintenance-checklist,printable/maintenance-checklist.html,Maintenance Checklist | WaterBalanceTools,41,84,1,true,none
https://waterbalancetools.com/printables/airbnb-pool-turnover-checklist,printables/airbnb-pool-turnover-checklist.html,Airbnb Pool Turnover Checklist (printables) | WaterBalanceTools,63,124,1,true,none
https://waterbalancetools.com/printables/hot-tub-maintenance-log,printables/hot-tub-maintenance-log.html,Hot Tub Maintenance Log (Printable) | WaterBalanceTools,55,80,1,true,none
https://waterbalancetools.com/printables/pool-maintenance-checklist,printables/pool-maintenance-checklist.html,Pool Maintenance Checklist (Printable) | WaterBalanceTools,58,90,1,true,none
https://waterbalancetools.com/programmatic/behavior/how-often-to-shock-pool,programmatic/behavior/how-often-to-shock-pool.html,How Often to Shock a Pool (Weekly Guide) | WaterBalanceTools,60,93,1,true,none
https://waterbalancetools.com/programmatic/behavior/how-often-to-test-pool-water,programmatic/behavior/how-often-to-test-pool-water.html,How Often to Test Pool Water (Simple Schedule) | WaterBalanceTools,66,85,1,true,TITLE_TOO_LONG
https://waterbalancetools.com/programmatic/behavior/,programmatic/behavior/index.html,Programmatic Behavior Hub | WaterBalanceTools,45,73,1,true,none
https://waterbalancetools.com/programmatic/behavior/when-to-add-chlorine,programmatic/behavior/when-to-add-chlorine.html,When to Add Chlorine to a Pool (Best Time) | WaterBalanceTools,62,82,1,true,none
https://waterbalancetools.com/programmatic/chlorine/how-much-chlorine-for-10000-gallon-pool,programmatic/chlorine/how-much-chlorine-for-10000-gallon-pool.html,How Much Chlorine for 10000 Gallon Pool | WaterBalanceTools,59,112,1,true,none
https://waterbalancetools.com/programmatic/chlorine/how-much-chlorine-for-12000-gallon-pool,programmatic/chlorine/how-much-chlorine-for-12000-gallon-pool.html,How Much Chlorine for 12000 Gallon Pool | WaterBalanceTools,59,112,1,true,none
https://waterbalancetools.com/programmatic/chlorine/how-much-chlorine-for-15000-gallon-pool,programmatic/chlorine/how-much-chlorine-for-15000-gallon-pool.html,How Much Chlorine for 15000 Gallon Pool | WaterBalanceTools,59,112,1,true,none
https://waterbalancetools.com/programmatic/chlorine/how-much-chlorine-for-18000-gallon-pool,programmatic/chlorine/how-much-chlorine-for-18000-gallon-pool.html,How Much Chlorine for 18000 Gallon Pool | WaterBalanceTools,59,112,1,true,none
https://waterbalancetools.com/programmatic/chlorine/how-much-chlorine-for-20000-gallon-pool,programmatic/chlorine/how-much-chlorine-for-20000-gallon-pool.html,How Much Chlorine for 20000 Gallon Pool | WaterBalanceTools,59,112,1,true,none
https://waterbalancetools.com/programmatic/chlorine/how-much-chlorine-for-25000-gallon-pool,programmatic/chlorine/how-much-chlorine-for-25000-gallon-pool.html,How Much Chlorine for 25000 Gallon Pool | WaterBalanceTools,59,112,1,true,none
https://waterbalancetools.com/programmatic/chlorine/how-much-chlorine-for-30000-gallon-pool,programmatic/chlorine/how-much-chlorine-for-30000-gallon-pool.html,How Much Chlorine for 30000 Gallon Pool | WaterBalanceTools,59,112,1,true,none
https://waterbalancetools.com/programmatic/chlorine/how-much-chlorine-for-5000-gallon-pool,programmatic/chlorine/how-much-chlorine-for-5000-gallon-pool.html,How Much Chlorine for 5000 Gallon Pool | WaterBalanceTools,58,111,1,true,none
https://waterbalancetools.com/programmatic/chlorine/how-much-chlorine-for-7000-gallon-pool,programmatic/chlorine/how-much-chlorine-for-7000-gallon-pool.html,How Much Chlorine for 7000 Gallon Pool | WaterBalanceTools,58,111,1,true,none
https://waterbalancetools.com/programmatic/chlorine/how-much-chlorine-for-8000-gallon-pool,programmatic/chlorine/how-much-chlorine-for-8000-gallon-pool.html,How Much Chlorine for 8000 Gallon Pool | WaterBalanceTools,58,111,1,true,none
https://waterbalancetools.com/programmatic/chlorine/how-much-chlorine-for-9000-gallon-pool,programmatic/chlorine/how-much-chlorine-for-9000-gallon-pool.html,How Much Chlorine for 9000 Gallon Pool | WaterBalanceTools,58,111,1,true,none
https://waterbalancetools.com/programmatic/chlorine/,programmatic/chlorine/index.html,Programmatic Chlorine Hub | WaterBalanceTools,45,66,1,true,none
https://waterbalancetools.com/programmatic/explanations/,programmatic/explanations/index.html,Programmatic Explanations Hub | WaterBalanceTools,49,68,1,true,none
https://waterbalancetools.com/programmatic/explanations/what-is-pool-alkalinity,programmatic/explanations/what-is-pool-alkalinity.html,What Is Total Alkalinity (Pool Basics) | WaterBalanceTools,58,85,1,true,none
https://waterbalancetools.com/programmatic/explanations/why-ph-affects-chlorine,programmatic/explanations/why-ph-affects-chlorine.html,Why pH Affects Chlorine (Pool Science) | WaterBalanceTools,58,88,1,true,none
https://waterbalancetools.com/programmatic/explanations/why-shower-before-pool,programmatic/explanations/why-shower-before-pool.html,Why Shower Before Swimming (Pool Chemistry) | WaterBalanceTools,63,109,1,true,none
https://waterbalancetools.com/programmatic/hot-tubs/hot-tub-chemicals-for-200-gallons,programmatic/hot-tubs/hot-tub-chemicals-for-200-gallons.html,Hot Tub Chemicals for 200 Gallons | WaterBalanceTools,53,113,1,true,none
https://waterbalancetools.com/programmatic/hot-tubs/hot-tub-chemicals-for-300-gallons,programmatic/hot-tubs/hot-tub-chemicals-for-300-gallons.html,Hot Tub Chemicals for 300 Gallons | WaterBalanceTools,53,113,1,true,none
https://waterbalancetools.com/programmatic/hot-tubs/hot-tub-chemicals-for-400-gallons,programmatic/hot-tubs/hot-tub-chemicals-for-400-gallons.html,Hot Tub Chemicals for 400 Gallons | WaterBalanceTools,53,113,1,true,none
https://waterbalancetools.com/programmatic/hot-tubs/hot-tub-chemicals-for-500-gallons,programmatic/hot-tubs/hot-tub-chemicals-for-500-gallons.html,Hot Tub Chemicals for 500 Gallons | WaterBalanceTools,53,113,1,true,none
https://waterbalancetools.com/programmatic/hot-tubs/hot-tub-chemicals-for-600-gallons,programmatic/hot-tubs/hot-tub-chemicals-for-600-gallons.html,Hot Tub Chemicals for 600 Gallons | WaterBalanceTools,53,113,1,true,none
https://waterbalancetools.com/programmatic/hot-tubs/,programmatic/hot-tubs/index.html,Programmatic Hot Tub Hub | WaterBalanceTools,44,61,1,true,none
https://waterbalancetools.com/programmatic/,programmatic/index.html,Programmatic Hub | WaterBalanceTools,36,71,1,true,none
https://waterbalancetools.com/programmatic/ph/how-to-adjust-ph-from-6-8-to-7-2,programmatic/ph/how-to-adjust-ph-from-6-8-to-7-2.html,How to Adjust Pool pH from 6.8 to 7.2 | WaterBalanceTools,57,90,1,true,none
https://waterbalancetools.com/programmatic/ph/how-to-adjust-ph-from-7-8-to-7-4,programmatic/ph/how-to-adjust-ph-from-7-8-to-7-4.html,How to Adjust Pool pH from 7.8 to 7.4 | WaterBalanceTools,57,90,1,true,none
https://waterbalancetools.com/programmatic/ph/how-to-adjust-ph-from-7-to-7-4,programmatic/ph/how-to-adjust-ph-from-7-to-7-4.html,How to Adjust Pool pH from 7 to 7.4 | WaterBalanceTools,55,88,1,true,none
https://waterbalancetools.com/programmatic/ph/how-to-adjust-ph-from-8-to-7-5,programmatic/ph/how-to-adjust-ph-from-8-to-7-5.html,How to Adjust Pool pH from 8 to 7.5 | WaterBalanceTools,55,88,1,true,none
https://waterbalancetools.com/programmatic/ph/,programmatic/ph/index.html,Programmatic pH Hub | WaterBalanceTools,39,58,1,true,none
https://waterbalancetools.com/programmatic/problems/cloudy-pool-fix,programmatic/problems/cloudy-pool-fix.html,Cloudy Pool Fix (Clear Water Fast) | WaterBalanceTools,54,119,1,true,none
https://waterbalancetools.com/programmatic/problems/green-pool-how-much-chlorine,programmatic/problems/green-pool-how-much-chlorine.html,Fix a Green Pool Fast (Chlorine Guide) | WaterBalanceTools,58,112,1,true,none
https://waterbalancetools.com/programmatic/problems/high-chlorine-how-to-lower,programmatic/problems/high-chlorine-how-to-lower.html,How to Lower High Chlorine Fast (Safe Method) | WaterBalanceTools,65,99,1,true,none
https://waterbalancetools.com/programmatic/problems/,programmatic/problems/index.html,Programmatic Problems Hub | WaterBalanceTools,45,73,1,true,none
https://waterbalancetools.com/programmatic/problems/low-alkalinity-symptoms,programmatic/problems/low-alkalinity-symptoms.html,Low Alkalinity Symptoms (Fix TA Safely) | WaterBalanceTools,59,109,1,true,none
https://waterbalancetools.com/programmatic/shock/how-much-shock-for-10000-gallon-pool,programmatic/shock/how-much-shock-for-10000-gallon-pool.html,How Much Shock for 10000 Gallon Pool | WaterBalanceTools,56,102,1,true,none
https://waterbalancetools.com/programmatic/shock/how-much-shock-for-15000-gallon-pool,programmatic/shock/how-much-shock-for-15000-gallon-pool.html,How Much Shock for 15000 Gallon Pool | WaterBalanceTools,56,102,1,true,none
https://waterbalancetools.com/programmatic/shock/how-much-shock-for-20000-gallon-pool,programmatic/shock/how-much-shock-for-20000-gallon-pool.html,How Much Shock for 20000 Gallon Pool | WaterBalanceTools,56,102,1,true,none
https://waterbalancetools.com/programmatic/shock/how-much-shock-for-25000-gallon-pool,programmatic/shock/how-much-shock-for-25000-gallon-pool.html,How Much Shock for 25000 Gallon Pool | WaterBalanceTools,56,102,1,true,none
https://waterbalancetools.com/programmatic/shock/how-much-shock-for-30000-gallon-pool,programmatic/shock/how-much-shock-for-30000-gallon-pool.html,How Much Shock for 30000 Gallon Pool | WaterBalanceTools,56,102,1,true,none
https://waterbalancetools.com/programmatic/shock/how-much-shock-for-5000-gallon-pool,programmatic/shock/how-much-shock-for-5000-gallon-pool.html,How Much Shock for 5000 Gallon Pool | WaterBalanceTools,55,101,1,true,none
https://waterbalancetools.com/programmatic/shock/,programmatic/shock/index.html,Programmatic Shock Hub | WaterBalanceTools,42,62,1,true,none
https://waterbalancetools.com/provenance/,provenance/index.html,Data Provenance | WaterBalanceTools,35,64,1,true,none
https://waterbalancetools.com/qa/certification,qa/certification.html,Certification | WaterBalanceTools QA,36,0,1,false,MISSING_META_DESCRIPTION
https://waterbalancetools.com/qa/,qa/index.html,QA Dashboard | WaterBalanceTools QA,35,0,1,false,MISSING_META_DESCRIPTION
https://waterbalancetools.com/reference/alkalinity-table,reference/alkalinity-table.html,Pool Alkalinity Adjustment Table | Reference | WaterBalanceTools,64,118,1,true,none
https://waterbalancetools.com/reference/calcium-hardness-explained,reference/calcium-hardness-explained.html,Calcium Hardness in Pools Explained | WaterBalanceTools,55,144,1,true,none
https://waterbalancetools.com/reference/calculator-directory,reference/calculator-directory.html,Pool & Spa Calculator Directory | Reference | WaterBalanceTools,63,95,1,true,none
https://waterbalancetools.com/reference/chemical-compatibility,reference/chemical-compatibility.html,Pool Chemical Compatibility Guide | Reference | WaterBalanceTools,65,99,1,true,none
https://waterbalancetools.com/reference/chemical-conversion-tables,reference/chemical-conversion-tables.html,Pool Chemical Conversion Tables | Reference | WaterBalanceTools,63,123,1,true,none
https://waterbalancetools.com/reference/chemical-safety,reference/chemical-safety.html,Pool Chemical Safety Guide | Reference | WaterBalanceTools,58,120,1,true,none
https://waterbalancetools.com/reference/chemical-storage-guide,reference/chemical-storage-guide.html,Pool Chemical Storage Guide | Reference | WaterBalanceTools,59,129,1,true,none
https://waterbalancetools.com/reference/chlorine-effectiveness-chart,reference/chlorine-effectiveness-chart.html,Chlorine Effectiveness vs. pH | Reference | WaterBalanceTools,61,118,1,true,none
https://waterbalancetools.com/reference/chlorine-explained,reference/chlorine-explained.html,Chlorine in Pools Explained | WaterBalanceTools,47,152,1,true,none
https://waterbalancetools.com/reference/combined-chlorine-explained,reference/combined-chlorine-explained.html,Combined Chlorine (Chloramines) Explained | WaterBalanceTools,61,160,1,true,none
https://waterbalancetools.com/reference/common-pool-chemistry-mistakes,reference/common-pool-chemistry-mistakes.html,Common Pool Chemistry Mistakes | WaterBalanceTools,50,132,1,true,none
https://waterbalancetools.com/reference/cya-matrix,reference/cya-matrix.html,CYA & Minimum Free Chlorine Matrix | WaterBalanceTools,54,112,1,true,none
https://waterbalancetools.com/reference/cyanuric-acid-explained,reference/cyanuric-acid-explained.html,Cyanuric Acid (CYA / Stabilizer) Explained | WaterBalanceTools,62,145,1,true,none
https://waterbalancetools.com/reference/datasets/chemical-properties/,reference/datasets/chemical-properties/index.html,Chemical Properties | WaterBalanceTools Datasets | WaterBalanceTools,68,80,1,true,TITLE_TOO_LONG
https://waterbalancetools.com/reference/datasets/chemical-ranges/,reference/datasets/chemical-ranges/index.html,Chemical Ranges | WaterBalanceTools Datasets | WaterBalanceTools,64,78,1,true,none
https://waterbalancetools.com/reference/datasets/compatibility/,reference/datasets/compatibility/index.html,Compatibility | WaterBalanceTools Datasets | WaterBalanceTools,62,60,1,true,none
https://waterbalancetools.com/reference/datasets/confidence-levels/,reference/datasets/confidence-levels/index.html,Confidence Levels | WaterBalanceTools Datasets | WaterBalanceTools,66,68,1,true,TITLE_TOO_LONG
https://waterbalancetools.com/reference/datasets/conversion-factors/,reference/datasets/conversion-factors/index.html,Conversion Factors | WaterBalanceTools Datasets | WaterBalanceTools,67,70,1,true,TITLE_TOO_LONG
https://waterbalancetools.com/reference/datasets/dosage-matrices/,reference/datasets/dosage-matrices/index.html,Dosage Matrices | WaterBalanceTools Datasets | WaterBalanceTools,64,61,1,true,none
https://waterbalancetools.com/reference/datasets/hot-tub-ranges/,reference/datasets/hot-tub-ranges/index.html,Hot Tub Ranges | WaterBalanceTools Datasets | WaterBalanceTools,63,46,1,true,META_DESCRIPTION_TOO_SHORT
https://waterbalancetools.com/reference/datasets/,reference/datasets/index.html,Canonical Datasets | WaterBalanceTools Datasets | WaterBalanceTools,67,117,1,true,TITLE_TOO_LONG
https://waterbalancetools.com/reference/datasets/maintenance-schedules/,reference/datasets/maintenance-schedules/index.html,Maintenance Schedules | WaterBalanceTools Datasets | WaterBalanceTools,70,55,1,true,TITLE_TOO_LONG
https://waterbalancetools.com/reference/datasets/pool-types/,reference/datasets/pool-types/index.html,Pool Types | WaterBalanceTools Datasets | WaterBalanceTools,59,60,1,true,none
https://waterbalancetools.com/reference/datasets/temperature-guidelines/,reference/datasets/temperature-guidelines/index.html,Temperature Guidelines | WaterBalanceTools Datasets | WaterBalanceTools,71,59,1,true,TITLE_TOO_LONG
https://waterbalancetools.com/reference/datasets/testing-frequency/,reference/datasets/testing-frequency/index.html,Testing Frequency | WaterBalanceTools Datasets | WaterBalanceTools,66,56,1,true,TITLE_TOO_LONG
https://waterbalancetools.com/reference/datasets/units/,reference/datasets/units/index.html,Units | WaterBalanceTools Datasets | WaterBalanceTools,54,73,1,true,none
https://waterbalancetools.com/reference/datasets/version/,reference/datasets/version/index.html,Version Registry | WaterBalanceTools Datasets | WaterBalanceTools,65,63,1,true,none
https://waterbalancetools.com/reference/datasets/water-balance/,reference/datasets/water-balance/index.html,Water Balance (LSI) | WaterBalanceTools Datasets | WaterBalanceTools,68,60,1,true,TITLE_TOO_LONG
https://waterbalancetools.com/reference/datasets/water-problems/,reference/datasets/water-problems/index.html,Water Problems | WaterBalanceTools Datasets | WaterBalanceTools,63,78,1,true,none
https://waterbalancetools.com/reference/emergency-recovery,reference/emergency-recovery.html,Emergency Pool Recovery Protocol | Reference | WaterBalanceTools,64,117,1,true,none
https://waterbalancetools.com/reference/filter-comparison,reference/filter-comparison.html,Pool Filter Type Comparison | Reference | WaterBalanceTools,59,129,1,true,none
https://waterbalancetools.com/reference/free-chlorine-explained,reference/free-chlorine-explained.html,Free Chlorine Explained | WaterBalanceTools,43,146,1,true,none
https://waterbalancetools.com/reference/ideal-pool-levels,reference/ideal-pool-levels.html,Ideal Pool Chemical Levels | Reference | WaterBalanceTools,58,139,1,true,none
https://waterbalancetools.com/reference/ideal-spa-levels,reference/ideal-spa-levels.html,Ideal Spa & Hot Tub Chemical Levels | WaterBalanceTools,55,120,1,true,none
https://waterbalancetools.com/reference/,reference/index.html,Pool Chemistry Reference | WaterBalanceTools,44,150,1,true,none
https://waterbalancetools.com/reference/ph-table,reference/ph-table.html,Pool pH Adjustment Reference Table | WaterBalanceTools,54,101,1,true,none
https://waterbalancetools.com/reference/pool-chemical-timeline,reference/pool-chemical-timeline.html,Pool Chemical Timeline | Reference | WaterBalanceTools,54,106,1,true,none
https://waterbalancetools.com/reference/pool-chemicals-explained,reference/pool-chemicals-explained.html,Pool Chemicals Explained | WaterBalanceTools,44,115,1,true,none
https://waterbalancetools.com/reference/pool-chemistry-reference,reference/pool-chemistry-reference.html,Pool Chemistry Reference Guide | WaterBalanceTools,50,149,1,true,none
https://waterbalancetools.com/reference/pool-shape-guide,reference/pool-shape-guide.html,Pool Shape & Volume Guide | Reference | WaterBalanceTools,57,106,1,true,none
https://waterbalancetools.com/reference/pool-volume-reference,reference/pool-volume-reference.html,Pool Volume Quick Reference | Reference | WaterBalanceTools,59,84,1,true,none
https://waterbalancetools.com/reference/printable-resources-index,reference/printable-resources-index.html,Printable Pool Resources Index | Reference | WaterBalanceTools,62,107,1,true,none
https://waterbalancetools.com/reference/pump-sizing,reference/pump-sizing.html,Pool Pump Sizing Guide | Reference | WaterBalanceTools,54,125,1,true,none
https://waterbalancetools.com/reference/recommended-water-temperature,reference/recommended-water-temperature.html,Recommended Pool & Spa Water Temperature | WaterBalanceTools,60,142,1,true,none
https://waterbalancetools.com/reference/salt-matrix,reference/salt-matrix.html,Salt Pool Level Reference Matrix | Reference | WaterBalanceTools,64,121,1,true,none
https://waterbalancetools.com/reference/salt-water-generator-explained,reference/salt-water-generator-explained.html,Salt Water Generator (SWG) Explained | WaterBalanceTools,56,160,1,true,none
https://waterbalancetools.com/reference/shock-dosage-matrix,reference/shock-dosage-matrix.html,Shock Dosage Matrix | Reference | WaterBalanceTools,51,119,1,true,none
https://waterbalancetools.com/reference/shock-treatment-explained,reference/shock-treatment-explained.html,Pool Shock Treatment Explained | WaterBalanceTools,50,147,1,true,none
https://waterbalancetools.com/reference/testing-frequency,reference/testing-frequency.html,Pool & Spa Testing Frequency Guide | WaterBalanceTools,54,82,1,true,none
https://waterbalancetools.com/reference/total-alkalinity-explained,reference/total-alkalinity-explained.html,Total Alkalinity Explained | WaterBalanceTools,46,139,1,true,none
https://waterbalancetools.com/reference/vacation-rental-maintenance-schedule,reference/vacation-rental-maintenance-schedule.html,Vacation Rental Pool Maintenance Schedule | WaterBalanceTools,61,131,1,true,none
https://waterbalancetools.com/reference/water-balance-checklist,reference/water-balance-checklist.html,Complete Water Balance Checklist | Reference | WaterBalanceTools,64,121,1,true,none
https://waterbalancetools.com/reference/water-replacement-guidelines,reference/water-replacement-guidelines.html,Pool Water Replacement Guidelines | Reference | WaterBalanceTools,65,118,1,true,none
https://waterbalancetools.com/releases/1.0.0,releases/1.0.0.html,Release 1.0.0 — Foundation | WaterBalanceTools,46,55,1,true,none
https://waterbalancetools.com/releases/1.1.0,releases/1.1.0.html,Release 1.1.0 — Explorer | WaterBalanceTools,44,53,1,true,none
https://waterbalancetools.com/releases/compatibility,releases/compatibility.html,Compatibility Matrix | WaterBalanceTools,40,75,1,true,none
https://waterbalancetools.com/releases/,releases/index.html,Releases | WaterBalanceTools,28,92,1,true,none
https://waterbalancetools.com/reports/accessibility,reports/accessibility.html,Accessibility Audit | WaterBalanceTools QA,42,0,1,false,MISSING_META_DESCRIPTION
https://waterbalancetools.com/reports/ai-readiness,reports/ai-readiness.html,Ai Readiness Audit | WaterBalanceTools QA,41,0,1,false,MISSING_META_DESCRIPTION
https://waterbalancetools.com/reports/architecture,reports/architecture.html,Architecture Audit | WaterBalanceTools QA,41,0,1,false,MISSING_META_DESCRIPTION
https://waterbalancetools.com/reports/calculators,reports/calculators.html,Calculators Audit | WaterBalanceTools QA,40,0,1,false,MISSING_META_DESCRIPTION
https://waterbalancetools.com/reports/content,reports/content.html,Content Audit | WaterBalanceTools QA,36,0,1,false,MISSING_META_DESCRIPTION
https://waterbalancetools.com/reports/datasets,reports/datasets.html,Datasets Audit | WaterBalanceTools QA,37,0,1,false,MISSING_META_DESCRIPTION
https://waterbalancetools.com/reports/entities,reports/entities.html,Entities Audit | WaterBalanceTools QA,37,0,1,false,MISSING_META_DESCRIPTION
https://waterbalancetools.com/reports/indexing-intelligence,reports/indexing-intelligence.html,Indexing Intelligence Audit | WaterBalanceTools QA,50,0,1,false,MISSING_META_DESCRIPTION
https://waterbalancetools.com/reports/links,reports/links.html,Links Audit | WaterBalanceTools QA,34,0,1,false,MISSING_META_DESCRIPTION
https://waterbalancetools.com/reports/mobile,reports/mobile.html,Mobile Audit | WaterBalanceTools QA,35,0,1,false,MISSING_META_DESCRIPTION
https://waterbalancetools.com/reports/performance,reports/performance.html,Performance Audit | WaterBalanceTools QA,40,0,1,false,MISSING_META_DESCRIPTION
https://waterbalancetools.com/reports/schema,reports/schema.html,Schema Audit | WaterBalanceTools QA,35,0,1,false,MISSING_META_DESCRIPTION
https://waterbalancetools.com/reports/seo,reports/seo.html,Seo Audit | WaterBalanceTools QA,32,0,1,false,MISSING_META_DESCRIPTION
https://waterbalancetools.com/resources/airbnb-pool-turnover-checklist,resources/airbnb-pool-turnover-checklist.html,Vacation Rental Pool Turnover Checklist | Free Printable | WaterBalanceTools,76,150,1,true,TITLE_TOO_LONG
https://waterbalancetools.com/resources/hot-tub-maintenance-log,resources/hot-tub-maintenance-log.html,Hot Tub Maintenance Log | Free Printable | WaterBalanceTools,60,128,1,true,none
https://waterbalancetools.com/resources/,resources/index.html,Free Pool &amp; Hot Tub Printable Resources | WaterBalanceTools,63,138,1,true,none
https://waterbalancetools.com/resources/pool-chemical-log-sheet,resources/pool-chemical-log-sheet.html,Pool Chemical Log Sheet | Free Printable | WaterBalanceTools,60,132,1,true,none
https://waterbalancetools.com/resources/pool-closing-checklist,resources/pool-closing-checklist.html,Pool Closing Checklist | Free Printable | WaterBalanceTools,59,134,1,true,none
https://waterbalancetools.com/resources/pool-maintenance-checklist,resources/pool-maintenance-checklist.html,Pool Maintenance Checklist | Free Printable | WaterBalanceTools,63,117,1,true,none
https://waterbalancetools.com/resources/pool-opening-checklist,resources/pool-opening-checklist.html,Pool Opening Checklist | Free Printable | WaterBalanceTools,59,118,1,true,none
https://waterbalancetools.com/resources/pool-shock-log,resources/pool-shock-log.html,Pool Shock Treatment Log | Free Printable | WaterBalanceTools,61,128,1,true,none
https://waterbalancetools.com/resources/water-test-log,resources/water-test-log.html,Water Test Log | Free Printable | WaterBalanceTools,51,140,1,true,none
https://waterbalancetools.com/revisions/,revisions/index.html,Revision History | WaterBalanceTools,36,84,1,true,none
https://waterbalancetools.com/salt-water-pool-chemical-levels-chart,salt-water-pool-chemical-levels-chart.html,Salt Water Pool Chemical Levels Chart | WaterBalanceTools,57,134,1,true,none
https://waterbalancetools.com/search/,search/index.html,Search | WaterBalanceTools,26,106,1,true,none
https://waterbalancetools.com/tools/,tools/index.html,All Pool & Hot Tub Tools | WaterBalanceTools,44,104,1,true,none
