url,file_path,word_count,status,evidence
https://waterbalancetools.com/404,404.html,25,ADSENSE_RISK,"page_type=error: internal tooling / error page, not real user content."
https://waterbalancetools.com/about/,about/index.html,228,ADSENSE_READY,"word_count=228, overall_quality_score=1.8."
https://waterbalancetools.com/academy/equipment/automatic-chlorinators,academy/equipment/automatic-chlorinators.html,724,ADSENSE_READY,"word_count=724, overall_quality_score=2.2."
https://waterbalancetools.com/academy/equipment/,academy/equipment/index.html,219,ADSENSE_READY,"word_count=219, overall_quality_score=1.7."
https://waterbalancetools.com/academy/equipment/pool-filters,academy/equipment/pool-filters.html,747,ADSENSE_REVIEW,"overall_quality_score=1.9, repetition_score=1 -- templated/repetitive content pattern."
https://waterbalancetools.com/academy/equipment/pool-pumps,academy/equipment/pool-pumps.html,677,ADSENSE_READY,"word_count=677, overall_quality_score=2.1."
https://waterbalancetools.com/academy/equipment/pool-skimmers,academy/equipment/pool-skimmers.html,750,ADSENSE_READY,"word_count=750, overall_quality_score=2."
https://waterbalancetools.com/academy/equipment/salt-systems,academy/equipment/salt-systems.html,773,ADSENSE_READY,"word_count=773, overall_quality_score=2.2."
https://waterbalancetools.com/academy/equipment/sand-vs-cartridge-filters,academy/equipment/sand-vs-cartridge-filters.html,704,ADSENSE_READY,"word_count=704, overall_quality_score=2."
https://waterbalancetools.com/academy/fundamentals/how-temperature-changes-water-chemistry,academy/fundamentals/how-temperature-changes-water-chemistry.html,650,ADSENSE_READY,"word_count=650, overall_quality_score=2.2."
https://waterbalancetools.com/academy/fundamentals/how-water-balance-works,academy/fundamentals/how-water-balance-works.html,659,ADSENSE_REVIEW,"overall_quality_score=2, repetition_score=1 -- templated/repetitive content pattern."
https://waterbalancetools.com/academy/fundamentals/,academy/fundamentals/index.html,258,ADSENSE_READY,"word_count=258, overall_quality_score=1.8."
https://waterbalancetools.com/academy/fundamentals/indoor-pool-chemistry,academy/fundamentals/indoor-pool-chemistry.html,964,ADSENSE_READY,"word_count=964, overall_quality_score=2."
https://waterbalancetools.com/academy/fundamentals/pool-vs-hot-tub-chemistry,academy/fundamentals/pool-vs-hot-tub-chemistry.html,687,ADSENSE_READY,"word_count=687, overall_quality_score=2.2."
https://waterbalancetools.com/academy/fundamentals/the-four-core-water-tests,academy/fundamentals/the-four-core-water-tests.html,673,ADSENSE_REVIEW,"overall_quality_score=2.1, repetition_score=1 -- templated/repetitive content pattern."
https://waterbalancetools.com/academy/fundamentals/understanding-pool-water-chemistry,academy/fundamentals/understanding-pool-water-chemistry.html,689,ADSENSE_READY,"word_count=689, overall_quality_score=2.2."
https://waterbalancetools.com/academy/fundamentals/why-water-testing-matters,academy/fundamentals/why-water-testing-matters.html,646,ADSENSE_READY,"word_count=646, overall_quality_score=2.2."
https://waterbalancetools.com/academy/hot-tubs/daily-spa-maintenance,academy/hot-tubs/daily-spa-maintenance.html,672,ADSENSE_READY,"word_count=672, overall_quality_score=2.2."
https://waterbalancetools.com/academy/hot-tubs/,academy/hot-tubs/index.html,231,ADSENSE_READY,"word_count=231, overall_quality_score=1.7."
https://waterbalancetools.com/academy/hot-tubs/monthly-spa-maintenance,academy/hot-tubs/monthly-spa-maintenance.html,694,ADSENSE_READY,"word_count=694, overall_quality_score=2.2."
https://waterbalancetools.com/academy/hot-tubs/refilling-your-hot-tub,academy/hot-tubs/refilling-your-hot-tub.html,790,ADSENSE_READY,"word_count=790, overall_quality_score=2.2."
https://waterbalancetools.com/academy/hot-tubs/shock-after-heavy-use,academy/hot-tubs/shock-after-heavy-use.html,740,ADSENSE_READY,"word_count=740, overall_quality_score=2.2."
https://waterbalancetools.com/academy/hot-tubs/weekly-spa-maintenance,academy/hot-tubs/weekly-spa-maintenance.html,698,ADSENSE_READY,"word_count=698, overall_quality_score=2.1."
https://waterbalancetools.com/academy/hot-tubs/winter-spa-care,academy/hot-tubs/winter-spa-care.html,790,ADSENSE_READY,"word_count=790, overall_quality_score=2.2."
https://waterbalancetools.com/academy/,academy/index.html,156,ADSENSE_READY,"word_count=156, overall_quality_score=1.7."
https://waterbalancetools.com/academy/sanitizers/breakpoint-chlorination,academy/sanitizers/breakpoint-chlorination.html,723,ADSENSE_READY,"word_count=723, overall_quality_score=2.1."
https://waterbalancetools.com/academy/sanitizers/bromine-vs-chlorine,academy/sanitizers/bromine-vs-chlorine.html,705,ADSENSE_READY,"word_count=705, overall_quality_score=2.1."
https://waterbalancetools.com/academy/sanitizers/combined-chlorine-explained,academy/sanitizers/combined-chlorine-explained.html,653,ADSENSE_REVIEW,"overall_quality_score=2, repetition_score=1 -- templated/repetitive content pattern."
https://waterbalancetools.com/academy/sanitizers/,academy/sanitizers/index.html,230,ADSENSE_READY,"word_count=230, overall_quality_score=1.7."
https://waterbalancetools.com/academy/sanitizers/liquid-chlorine-vs-tablets,academy/sanitizers/liquid-chlorine-vs-tablets.html,698,ADSENSE_REVIEW,"overall_quality_score=2.1, repetition_score=1 -- templated/repetitive content pattern."
https://waterbalancetools.com/academy/sanitizers/shock-treatments-explained,academy/sanitizers/shock-treatments-explained.html,671,ADSENSE_READY,"word_count=671, overall_quality_score=2.1."
https://waterbalancetools.com/academy/sanitizers/understanding-free-chlorine,academy/sanitizers/understanding-free-chlorine.html,681,ADSENSE_REVIEW,"overall_quality_score=2.1, repetition_score=1 -- templated/repetitive content pattern."
https://waterbalancetools.com/academy/testing/common-testing-mistakes,academy/testing/common-testing-mistakes.html,677,ADSENSE_READY,"word_count=677, overall_quality_score=2.1."
https://waterbalancetools.com/academy/testing/digital-pool-testers,academy/testing/digital-pool-testers.html,634,ADSENSE_REVIEW,"overall_quality_score=1.9, repetition_score=1 -- templated/repetitive content pattern."
https://waterbalancetools.com/academy/testing/how-often-to-test-water,academy/testing/how-often-to-test-water.html,639,ADSENSE_READY,"word_count=639, overall_quality_score=2.1."
https://waterbalancetools.com/academy/testing/,academy/testing/index.html,216,ADSENSE_READY,"word_count=216, overall_quality_score=1.7."
https://waterbalancetools.com/academy/testing/understanding-test-results,academy/testing/understanding-test-results.html,723,ADSENSE_READY,"word_count=723, overall_quality_score=2.3."
https://waterbalancetools.com/academy/testing/using-liquid-test-kits,academy/testing/using-liquid-test-kits.html,669,ADSENSE_REVIEW,"overall_quality_score=2.1, repetition_score=1 -- templated/repetitive content pattern."
https://waterbalancetools.com/academy/testing/using-test-strips,academy/testing/using-test-strips.html,663,ADSENSE_READY,"word_count=663, overall_quality_score=2.1."
https://waterbalancetools.com/academy/troubleshooting/cloudy-water,academy/troubleshooting/cloudy-water.html,773,ADSENSE_READY,"word_count=773, overall_quality_score=2.2."
https://waterbalancetools.com/academy/troubleshooting/corrosion,academy/troubleshooting/corrosion.html,762,ADSENSE_READY,"word_count=762, overall_quality_score=2.2."
https://waterbalancetools.com/academy/troubleshooting/foaming-hot-tubs,academy/troubleshooting/foaming-hot-tubs.html,699,ADSENSE_READY,"word_count=699, overall_quality_score=2.2."
https://waterbalancetools.com/academy/troubleshooting/green-water,academy/troubleshooting/green-water.html,844,ADSENSE_READY,"word_count=844, overall_quality_score=2.2."
https://waterbalancetools.com/academy/troubleshooting/,academy/troubleshooting/index.html,235,ADSENSE_READY,"word_count=235, overall_quality_score=1.7."
https://waterbalancetools.com/academy/troubleshooting/scaling,academy/troubleshooting/scaling.html,757,ADSENSE_READY,"word_count=757, overall_quality_score=2.2."
https://waterbalancetools.com/academy/troubleshooting/strong-chlorine-smell,academy/troubleshooting/strong-chlorine-smell.html,760,ADSENSE_READY,"word_count=760, overall_quality_score=2.2."
https://waterbalancetools.com/academy/vacation-rentals/chemical-log-sheets,academy/vacation-rentals/chemical-log-sheets.html,765,ADSENSE_READY,"word_count=765, overall_quality_score=2.1."
https://waterbalancetools.com/academy/vacation-rentals/emergency-water-recovery,academy/vacation-rentals/emergency-water-recovery.html,837,ADSENSE_READY,"word_count=837, overall_quality_score=2.3."
https://waterbalancetools.com/academy/vacation-rentals/guest-safety,academy/vacation-rentals/guest-safety.html,718,ADSENSE_READY,"word_count=718, overall_quality_score=2."
https://waterbalancetools.com/academy/vacation-rentals/,academy/vacation-rentals/index.html,230,ADSENSE_READY,"word_count=230, overall_quality_score=1.8."
https://waterbalancetools.com/academy/vacation-rentals/maintenance-schedule,academy/vacation-rentals/maintenance-schedule.html,673,ADSENSE_READY,"word_count=673, overall_quality_score=2."
https://waterbalancetools.com/academy/vacation-rentals/turnover-checklist,academy/vacation-rentals/turnover-checklist.html,731,ADSENSE_READY,"word_count=731, overall_quality_score=2.2."
https://waterbalancetools.com/academy/vacation-rentals/weekly-inspection,academy/vacation-rentals/weekly-inspection.html,709,ADSENSE_READY,"word_count=709, overall_quality_score=2.1."
https://waterbalancetools.com/academy/water-balance/,academy/water-balance/index.html,221,ADSENSE_READY,"word_count=221, overall_quality_score=1.7."
https://waterbalancetools.com/academy/water-balance/understanding-calcium-hardness,academy/water-balance/understanding-calcium-hardness.html,696,ADSENSE_READY,"word_count=696, overall_quality_score=2.3."
https://waterbalancetools.com/academy/water-balance/understanding-cyanuric-acid,academy/water-balance/understanding-cyanuric-acid.html,747,ADSENSE_READY,"word_count=747, overall_quality_score=2.2."
https://waterbalancetools.com/academy/water-balance/understanding-lsi,academy/water-balance/understanding-lsi.html,728,ADSENSE_READY,"word_count=728, overall_quality_score=2.1."
https://waterbalancetools.com/academy/water-balance/understanding-ph,academy/water-balance/understanding-ph.html,723,ADSENSE_READY,"word_count=723, overall_quality_score=2.2."
https://waterbalancetools.com/academy/water-balance/understanding-total-alkalinity,academy/water-balance/understanding-total-alkalinity.html,708,ADSENSE_READY,"word_count=708, overall_quality_score=2.2."
https://waterbalancetools.com/academy/water-balance/water-balance-order,academy/water-balance/water-balance-order.html,719,ADSENSE_READY,"word_count=719, overall_quality_score=2.2."
https://waterbalancetools.com/all-pages,all-pages.html,737,ADSENSE_READY,"word_count=737, overall_quality_score=1.9."
https://waterbalancetools.com/audit/google/authority-flow,audit/google/authority-flow.html,545,ADSENSE_RISK,"page_type=internal-dashboard: internal tooling / error page, not real user content."
https://waterbalancetools.com/audit/google/crawl-depth,audit/google/crawl-depth.html,3180,ADSENSE_RISK,"page_type=internal-dashboard: internal tooling / error page, not real user content."
https://waterbalancetools.com/audit/google/freshness,audit/google/freshness.html,408,ADSENSE_RISK,"page_type=internal-dashboard: internal tooling / error page, not real user content."
https://waterbalancetools.com/audit/google/,audit/google/index.html,29,ADSENSE_RISK,"page_type=internal-dashboard: internal tooling / error page, not real user content."
https://waterbalancetools.com/audit/google/priority-report,audit/google/priority-report.html,2234,ADSENSE_RISK,"page_type=internal-dashboard: internal tooling / error page, not real user content."
https://waterbalancetools.com/audit/google/search-console-helper,audit/google/search-console-helper.html,17,ADSENSE_RISK,"page_type=internal-dashboard: internal tooling / error page, not real user content."
https://waterbalancetools.com/audit/google/weak-pages,audit/google/weak-pages.html,834,ADSENSE_RISK,"page_type=internal-dashboard: internal tooling / error page, not real user content."
https://waterbalancetools.com/calculators/chemical-calculator,calculators/chemical-calculator.html,913,ADSENSE_READY,"word_count=913, overall_quality_score=2.7."
https://waterbalancetools.com/calculators/hot-tub-chlorine-calculator,calculators/hot-tub-chlorine-calculator.html,735,ADSENSE_REVIEW,"overall_quality_score=2.5, repetition_score=1 -- templated/repetitive content pattern."
https://waterbalancetools.com/calculators/hot-tub-ph-calculator,calculators/hot-tub-ph-calculator.html,319,ADSENSE_READY,"word_count=319, overall_quality_score=2.1."
https://waterbalancetools.com/calculators/hot-tub-shock-calculator,calculators/hot-tub-shock-calculator.html,362,ADSENSE_READY,"word_count=362, overall_quality_score=2.1."
https://waterbalancetools.com/calculators/,calculators/index.html,551,ADSENSE_READY,"word_count=551, overall_quality_score=1.9."
https://waterbalancetools.com/calculators/pool-alkalinity-calculator,calculators/pool-alkalinity-calculator.html,338,ADSENSE_READY,"word_count=338, overall_quality_score=2.1."
https://waterbalancetools.com/calculators/pool-chlorine-calculator,calculators/pool-chlorine-calculator.html,493,ADSENSE_REVIEW,"overall_quality_score=2.4, repetition_score=1 -- templated/repetitive content pattern."
https://waterbalancetools.com/calculators/pool-cyanuric-acid-calculator,calculators/pool-cyanuric-acid-calculator.html,368,ADSENSE_READY,"word_count=368, overall_quality_score=2.1."
https://waterbalancetools.com/calculators/pool-ph-calculator,calculators/pool-ph-calculator.html,676,ADSENSE_READY,"word_count=676, overall_quality_score=2.5."
https://waterbalancetools.com/calculators/pool-shock-calculator,calculators/pool-shock-calculator.html,686,ADSENSE_READY,"word_count=686, overall_quality_score=2.6."
https://waterbalancetools.com/calculators/pool-turnover-rate-calculator,calculators/pool-turnover-rate-calculator.html,346,ADSENSE_READY,"word_count=346, overall_quality_score=2.1."
https://waterbalancetools.com/calculators/pool-volume-calculator,calculators/pool-volume-calculator.html,358,ADSENSE_READY,"word_count=358, overall_quality_score=2.1."
https://waterbalancetools.com/calculators/saltwater-pool-salt-calculator,calculators/saltwater-pool-salt-calculator.html,360,ADSENSE_READY,"word_count=360, overall_quality_score=2."
https://waterbalancetools.com/calculators/spa-volume-calculator,calculators/spa-volume-calculator.html,332,ADSENSE_READY,"word_count=332, overall_quality_score=2.1."
https://waterbalancetools.com/calculators/volume-calculator,calculators/volume-calculator.html,339,ADSENSE_READY,"word_count=339, overall_quality_score=2.1."
https://waterbalancetools.com/charts/hot-tub-chemical-levels-chart,charts/hot-tub-chemical-levels-chart.html,132,ADSENSE_RISK,word_count=132 (<150) -- thin content risk under Google Publisher Policies.
https://waterbalancetools.com/charts/,charts/index.html,243,ADSENSE_READY,"word_count=243, overall_quality_score=1.9."
https://waterbalancetools.com/charts/pool-chemical-levels-chart,charts/pool-chemical-levels-chart.html,210,ADSENSE_READY,"word_count=210, overall_quality_score=2.1."
https://waterbalancetools.com/charts/pool-water-balance-chart,charts/pool-water-balance-chart.html,163,ADSENSE_READY,"word_count=163, overall_quality_score=1.9."
https://waterbalancetools.com/comparisons/chlorine-vs-bromine-hot-tub,comparisons/chlorine-vs-bromine-hot-tub.html,215,ADSENSE_READY,"word_count=215, overall_quality_score=1.9."
https://waterbalancetools.com/comparisons/chlorine-vs-bromine,comparisons/chlorine-vs-bromine.html,658,ADSENSE_READY,"word_count=658, overall_quality_score=2.5."
https://waterbalancetools.com/comparisons/free-chlorine-vs-total-chlorine,comparisons/free-chlorine-vs-total-chlorine.html,709,ADSENSE_READY,"word_count=709, overall_quality_score=2.5."
https://waterbalancetools.com/comparisons/,comparisons/index.html,544,ADSENSE_REVIEW,"overall_quality_score=1.8, repetition_score=1 -- templated/repetitive content pattern."
https://waterbalancetools.com/comparisons/liquid-chlorine-vs-tablets,comparisons/liquid-chlorine-vs-tablets.html,726,ADSENSE_READY,"word_count=726, overall_quality_score=2.5."
https://waterbalancetools.com/comparisons/pool-shock-vs-chlorine,comparisons/pool-shock-vs-chlorine.html,648,ADSENSE_READY,"word_count=648, overall_quality_score=2.6."
https://waterbalancetools.com/comparisons/salt-water-pool-vs-chlorine-pool,comparisons/salt-water-pool-vs-chlorine-pool.html,710,ADSENSE_READY,"word_count=710, overall_quality_score=2.5."
https://waterbalancetools.com/comparisons/saltwater-pool-vs-chlorine,comparisons/saltwater-pool-vs-chlorine.html,247,ADSENSE_READY,"word_count=247, overall_quality_score=2."
https://waterbalancetools.com/editorial/content-standards/,editorial/content-standards/index.html,271,ADSENSE_READY,"word_count=271, overall_quality_score=1.8."
https://waterbalancetools.com/editorial/correction-policy/,editorial/correction-policy/index.html,262,ADSENSE_READY,"word_count=262, overall_quality_score=1.8."
https://waterbalancetools.com/editorial/editorial-policy/,editorial/editorial-policy/index.html,373,ADSENSE_READY,"word_count=373, overall_quality_score=1.8."
https://waterbalancetools.com/editorial/,editorial/index.html,129,ADSENSE_RISK,word_count=129 (<150) -- thin content risk under Google Publisher Policies.
https://waterbalancetools.com/editorial/review-process/,editorial/review-process/index.html,286,ADSENSE_READY,"word_count=286, overall_quality_score=1.8."
https://waterbalancetools.com/editorial/update-policy/,editorial/update-policy/index.html,256,ADSENSE_READY,"word_count=256, overall_quality_score=1.8."
https://waterbalancetools.com/entities/algae,entities/algae.html,278,ADSENSE_REVIEW,"overall_quality_score=1.6, repetition_score=1 -- templated/repetitive content pattern."
https://waterbalancetools.com/entities/alkalinity,entities/alkalinity.html,384,ADSENSE_REVIEW,"overall_quality_score=1.8, repetition_score=1 -- templated/repetitive content pattern."
https://waterbalancetools.com/entities/automatic-chlorinator,entities/automatic-chlorinator.html,234,ADSENSE_READY,"word_count=234, overall_quality_score=1.9."
https://waterbalancetools.com/entities/backwashing,entities/backwashing.html,292,ADSENSE_READY,"word_count=292, overall_quality_score=1.7."
https://waterbalancetools.com/entities/baking-soda,entities/baking-soda.html,237,ADSENSE_READY,"word_count=237, overall_quality_score=1.8."
https://waterbalancetools.com/entities/balancing,entities/balancing.html,337,ADSENSE_REVIEW,"overall_quality_score=1.6, repetition_score=1 -- templated/repetitive content pattern."
https://waterbalancetools.com/entities/biguanide,entities/biguanide.html,180,ADSENSE_READY,"word_count=180, overall_quality_score=1.7."
https://waterbalancetools.com/entities/breakpoint-chlorination,entities/breakpoint-chlorination.html,283,ADSENSE_READY,"word_count=283, overall_quality_score=1.8."
https://waterbalancetools.com/entities/bromine,entities/bromine.html,262,ADSENSE_READY,"word_count=262, overall_quality_score=1.8."
https://waterbalancetools.com/entities/calcium-chloride,entities/calcium-chloride.html,215,ADSENSE_READY,"word_count=215, overall_quality_score=1.8."
https://waterbalancetools.com/entities/calcium-hardness,entities/calcium-hardness.html,409,ADSENSE_REVIEW,"overall_quality_score=1.8, repetition_score=0 -- templated/repetitive content pattern."
https://waterbalancetools.com/entities/calcium-hypochlorite,entities/calcium-hypochlorite.html,267,ADSENSE_REVIEW,"overall_quality_score=1.8, repetition_score=1 -- templated/repetitive content pattern."
https://waterbalancetools.com/entities/cartridge-filter,entities/cartridge-filter.html,239,ADSENSE_REVIEW,"overall_quality_score=1.5, repetition_score=1 -- templated/repetitive content pattern."
https://waterbalancetools.com/entities/cdc,entities/cdc.html,139,ADSENSE_RISK,word_count=139 (<150) -- thin content risk under Google Publisher Policies.
https://waterbalancetools.com/entities/chemical-feeder,entities/chemical-feeder.html,170,ADSENSE_REVIEW,"overall_quality_score=1.5, repetition_score=1 -- templated/repetitive content pattern."
https://waterbalancetools.com/entities/chemical-log,entities/chemical-log.html,180,ADSENSE_READY,"word_count=180, overall_quality_score=1.6."
https://waterbalancetools.com/entities/closing-checklist,entities/closing-checklist.html,142,ADSENSE_RISK,word_count=142 (<150) -- thin content risk under Google Publisher Policies.
https://waterbalancetools.com/entities/cloudy-water,entities/cloudy-water.html,294,ADSENSE_REVIEW,"overall_quality_score=1.5, repetition_score=0 -- templated/repetitive content pattern."
https://waterbalancetools.com/entities/combined-chlorine,entities/combined-chlorine.html,336,ADSENSE_REVIEW,"overall_quality_score=1.8, repetition_score=1 -- templated/repetitive content pattern."
https://waterbalancetools.com/entities/commercial-pool,entities/commercial-pool.html,259,ADSENSE_REVIEW,"overall_quality_score=1.6, repetition_score=1 -- templated/repetitive content pattern."
https://waterbalancetools.com/entities/concrete-pool,entities/concrete-pool.html,237,ADSENSE_REVIEW,"overall_quality_score=1.7, repetition_score=1 -- templated/repetitive content pattern."
https://waterbalancetools.com/entities/copper,entities/copper.html,197,ADSENSE_READY,"word_count=197, overall_quality_score=1.8."
https://waterbalancetools.com/entities/corrosion,entities/corrosion.html,333,ADSENSE_REVIEW,"overall_quality_score=1.7, repetition_score=1 -- templated/repetitive content pattern."
https://waterbalancetools.com/entities/cover,entities/cover.html,225,ADSENSE_READY,"word_count=225, overall_quality_score=1.8."
https://waterbalancetools.com/entities/cyanuric-acid,entities/cyanuric-acid.html,331,ADSENSE_READY,"word_count=331, overall_quality_score=1.9."
https://waterbalancetools.com/entities/de-filter,entities/de-filter.html,270,ADSENSE_REVIEW,"overall_quality_score=1.5, repetition_score=1 -- templated/repetitive content pattern."
https://waterbalancetools.com/entities/emergency-reference,entities/emergency-reference.html,192,ADSENSE_REVIEW,"overall_quality_score=1.5, repetition_score=1 -- templated/repetitive content pattern."
https://waterbalancetools.com/entities/epa,entities/epa.html,128,ADSENSE_RISK,word_count=128 (<150) -- thin content risk under Google Publisher Policies.
https://waterbalancetools.com/entities/eye-irritation,entities/eye-irritation.html,211,ADSENSE_READY,"word_count=211, overall_quality_score=1.7."
https://waterbalancetools.com/entities/fiberglass-pool,entities/fiberglass-pool.html,193,ADSENSE_REVIEW,"overall_quality_score=1.5, repetition_score=1 -- templated/repetitive content pattern."
https://waterbalancetools.com/entities/filtration,entities/filtration.html,350,ADSENSE_REVIEW,"overall_quality_score=1.6, repetition_score=1 -- templated/repetitive content pattern."
https://waterbalancetools.com/entities/flow-rate,entities/flow-rate.html,290,ADSENSE_REVIEW,"overall_quality_score=1.6, repetition_score=1 -- templated/repetitive content pattern."
https://waterbalancetools.com/entities/foaming,entities/foaming.html,207,ADSENSE_REVIEW,"overall_quality_score=1.6, repetition_score=1 -- templated/repetitive content pattern."
https://waterbalancetools.com/entities/free-chlorine,entities/free-chlorine.html,457,ADSENSE_REVIEW,"overall_quality_score=1.8, repetition_score=1 -- templated/repetitive content pattern."
https://waterbalancetools.com/entities/gallons,entities/gallons.html,209,ADSENSE_READY,"word_count=209, overall_quality_score=1.8."
https://waterbalancetools.com/entities/green-water,entities/green-water.html,308,ADSENSE_REVIEW,"overall_quality_score=1.7, repetition_score=1 -- templated/repetitive content pattern."
https://waterbalancetools.com/entities/heater,entities/heater.html,217,ADSENSE_REVIEW,"overall_quality_score=1.6, repetition_score=1 -- templated/repetitive content pattern."
https://waterbalancetools.com/entities/high-chlorine,entities/high-chlorine.html,205,ADSENSE_READY,"word_count=205, overall_quality_score=1.9."
https://waterbalancetools.com/entities/high-ph,entities/high-ph.html,303,ADSENSE_REVIEW,"overall_quality_score=1.7, repetition_score=1 -- templated/repetitive content pattern."
https://waterbalancetools.com/entities/hot-tub,entities/hot-tub.html,370,ADSENSE_REVIEW,"overall_quality_score=1.6, repetition_score=1 -- templated/repetitive content pattern."
https://waterbalancetools.com/entities/hydrogen-peroxide,entities/hydrogen-peroxide.html,190,ADSENSE_READY,"word_count=190, overall_quality_score=1.7."
https://waterbalancetools.com/entities/,entities/index.html,1657,ADSENSE_READY,"word_count=1657, overall_quality_score=1.8."
https://waterbalancetools.com/entities/indoor-pool,entities/indoor-pool.html,199,ADSENSE_READY,"word_count=199, overall_quality_score=1.6."
https://waterbalancetools.com/entities/iron,entities/iron.html,192,ADSENSE_READY,"word_count=192, overall_quality_score=1.7."
https://waterbalancetools.com/entities/lamotte,entities/lamotte.html,125,ADSENSE_RISK,word_count=125 (<150) -- thin content risk under Google Publisher Policies.
https://waterbalancetools.com/entities/liquid-chlorine,entities/liquid-chlorine.html,236,ADSENSE_READY,"word_count=236, overall_quality_score=1.9."
https://waterbalancetools.com/entities/liters,entities/liters.html,160,ADSENSE_READY,"word_count=160, overall_quality_score=1.6."
https://waterbalancetools.com/entities/low-chlorine,entities/low-chlorine.html,288,ADSENSE_REVIEW,"overall_quality_score=1.7, repetition_score=1 -- templated/repetitive content pattern."
https://waterbalancetools.com/entities/low-ph,entities/low-ph.html,269,ADSENSE_REVIEW,"overall_quality_score=1.6, repetition_score=1 -- templated/repetitive content pattern."
https://waterbalancetools.com/entities/lsi,entities/lsi.html,376,ADSENSE_REVIEW,"overall_quality_score=1.5, repetition_score=0 -- templated/repetitive content pattern."
https://waterbalancetools.com/entities/maintenance-checklist,entities/maintenance-checklist.html,195,ADSENSE_REVIEW,"overall_quality_score=1.5, repetition_score=1 -- templated/repetitive content pattern."
https://waterbalancetools.com/entities/maintenance-log,entities/maintenance-log.html,174,ADSENSE_READY,"word_count=174, overall_quality_score=1.6."
https://waterbalancetools.com/entities/manganese,entities/manganese.html,168,ADSENSE_READY,"word_count=168, overall_quality_score=1.7."
https://waterbalancetools.com/entities/muriatic-acid,entities/muriatic-acid.html,302,ADSENSE_REVIEW,"overall_quality_score=1.7, repetition_score=1 -- templated/repetitive content pattern."
https://waterbalancetools.com/entities/nsf,entities/nsf.html,120,ADSENSE_RISK,word_count=120 (<150) -- thin content risk under Google Publisher Policies.
https://waterbalancetools.com/entities/opening-checklist,entities/opening-checklist.html,153,ADSENSE_READY,"word_count=153, overall_quality_score=1.6."
https://waterbalancetools.com/entities/orp,entities/orp.html,204,ADSENSE_READY,"word_count=204, overall_quality_score=1.7."
https://waterbalancetools.com/entities/outdoor-pool,entities/outdoor-pool.html,225,ADSENSE_REVIEW,"overall_quality_score=1.6, repetition_score=1 -- templated/repetitive content pattern."
https://waterbalancetools.com/entities/oxidation,entities/oxidation.html,207,ADSENSE_REVIEW,"overall_quality_score=1.6, repetition_score=1 -- templated/repetitive content pattern."
https://waterbalancetools.com/entities/ozone,entities/ozone.html,202,ADSENSE_READY,"word_count=202, overall_quality_score=1.8."
https://waterbalancetools.com/entities/ph,entities/ph.html,489,ADSENSE_REVIEW,"overall_quality_score=1.7, repetition_score=0 -- templated/repetitive content pattern."
https://waterbalancetools.com/entities/phosphate,entities/phosphate.html,200,ADSENSE_READY,"word_count=200, overall_quality_score=1.7."
https://waterbalancetools.com/entities/phta,entities/phta.html,204,ADSENSE_READY,"word_count=204, overall_quality_score=1.8."
https://waterbalancetools.com/entities/pool-opening,entities/pool-opening.html,230,ADSENSE_REVIEW,"overall_quality_score=1.6, repetition_score=1 -- templated/repetitive content pattern."
https://waterbalancetools.com/entities/pool-salt,entities/pool-salt.html,200,ADSENSE_READY,"word_count=200, overall_quality_score=1.9."
https://waterbalancetools.com/entities/ppm,entities/ppm.html,233,ADSENSE_REVIEW,"overall_quality_score=1.7, repetition_score=1 -- templated/repetitive content pattern."
https://waterbalancetools.com/entities/pump,entities/pump.html,339,ADSENSE_REVIEW,"overall_quality_score=1.7, repetition_score=1 -- templated/repetitive content pattern."
https://waterbalancetools.com/entities/salt-chlorinator,entities/salt-chlorinator.html,308,ADSENSE_REVIEW,"overall_quality_score=1.8, repetition_score=1 -- templated/repetitive content pattern."
https://waterbalancetools.com/entities/salt,entities/salt.html,307,ADSENSE_REVIEW,"overall_quality_score=1.8, repetition_score=1 -- templated/repetitive content pattern."
https://waterbalancetools.com/entities/saltwater-pool,entities/saltwater-pool.html,306,ADSENSE_REVIEW,"overall_quality_score=1.7, repetition_score=1 -- templated/repetitive content pattern."
https://waterbalancetools.com/entities/sand-filter,entities/sand-filter.html,275,ADSENSE_REVIEW,"overall_quality_score=1.5, repetition_score=1 -- templated/repetitive content pattern."
https://waterbalancetools.com/entities/sanitizing,entities/sanitizing.html,313,ADSENSE_READY,"word_count=313, overall_quality_score=1.7."
https://waterbalancetools.com/entities/scaling,entities/scaling.html,314,ADSENSE_REVIEW,"overall_quality_score=1.7, repetition_score=1 -- templated/repetitive content pattern."
https://waterbalancetools.com/entities/shock-treatment,entities/shock-treatment.html,438,ADSENSE_REVIEW,"overall_quality_score=1.9, repetition_score=1 -- templated/repetitive content pattern."
https://waterbalancetools.com/entities/skimmer,entities/skimmer.html,184,ADSENSE_READY,"word_count=184, overall_quality_score=1.6."
https://waterbalancetools.com/entities/skin-irritation,entities/skin-irritation.html,225,ADSENSE_REVIEW,"overall_quality_score=1.7, repetition_score=1 -- templated/repetitive content pattern."
https://waterbalancetools.com/entities/soda-ash,entities/soda-ash.html,226,ADSENSE_READY,"word_count=226, overall_quality_score=1.7."
https://waterbalancetools.com/entities/sodium-dichlor,entities/sodium-dichlor.html,218,ADSENSE_READY,"word_count=218, overall_quality_score=1.9."
https://waterbalancetools.com/entities/stabilizer,entities/stabilizer.html,218,ADSENSE_READY,"word_count=218, overall_quality_score=1.8."
https://waterbalancetools.com/entities/strong-chlorine-smell,entities/strong-chlorine-smell.html,258,ADSENSE_REVIEW,"overall_quality_score=1.7, repetition_score=1 -- templated/repetitive content pattern."
https://waterbalancetools.com/entities/swim-spa,entities/swim-spa.html,228,ADSENSE_REVIEW,"overall_quality_score=1.6, repetition_score=1 -- templated/repetitive content pattern."
https://waterbalancetools.com/entities/swimming-pool,entities/swimming-pool.html,331,ADSENSE_READY,"word_count=331, overall_quality_score=1.8."
https://waterbalancetools.com/entities/taylor-technologies,entities/taylor-technologies.html,174,ADSENSE_READY,"word_count=174, overall_quality_score=1.7."
https://waterbalancetools.com/entities/temperature,entities/temperature.html,298,ADSENSE_REVIEW,"overall_quality_score=1.8, repetition_score=1 -- templated/repetitive content pattern."
https://waterbalancetools.com/entities/testing,entities/testing.html,336,ADSENSE_REVIEW,"overall_quality_score=1.6, repetition_score=1 -- templated/repetitive content pattern."
https://waterbalancetools.com/entities/total-chlorine,entities/total-chlorine.html,215,ADSENSE_READY,"word_count=215, overall_quality_score=1.7."
https://waterbalancetools.com/entities/total-dissolved-solids,entities/total-dissolved-solids.html,244,ADSENSE_READY,"word_count=244, overall_quality_score=1.9."
https://waterbalancetools.com/entities/trichlor-tablets,entities/trichlor-tablets.html,289,ADSENSE_READY,"word_count=289, overall_quality_score=1.9."
https://waterbalancetools.com/entities/turnover-time,entities/turnover-time.html,285,ADSENSE_REVIEW,"overall_quality_score=1.6, repetition_score=1 -- templated/repetitive content pattern."
https://waterbalancetools.com/entities/unit-celsius,entities/unit-celsius.html,105,ADSENSE_RISK,word_count=105 (<150) -- thin content risk under Google Publisher Policies.
https://waterbalancetools.com/entities/unit-days,entities/unit-days.html,130,ADSENSE_RISK,word_count=130 (<150) -- thin content risk under Google Publisher Policies.
https://waterbalancetools.com/entities/unit-fahrenheit,entities/unit-fahrenheit.html,126,ADSENSE_RISK,word_count=126 (<150) -- thin content risk under Google Publisher Policies.
https://waterbalancetools.com/entities/unit-gallons,entities/unit-gallons.html,129,ADSENSE_RISK,word_count=129 (<150) -- thin content risk under Google Publisher Policies.
https://waterbalancetools.com/entities/unit-hours,entities/unit-hours.html,150,ADSENSE_READY,"word_count=150, overall_quality_score=1.6."
https://waterbalancetools.com/entities/unit-liters,entities/unit-liters.html,116,ADSENSE_RISK,word_count=116 (<150) -- thin content risk under Google Publisher Policies.
https://waterbalancetools.com/entities/unit-mg-l,entities/unit-mg-l.html,117,ADSENSE_RISK,word_count=117 (<150) -- thin content risk under Google Publisher Policies.
https://waterbalancetools.com/entities/unit-minutes,entities/unit-minutes.html,133,ADSENSE_RISK,word_count=133 (<150) -- thin content risk under Google Publisher Policies.
https://waterbalancetools.com/entities/unit-months,entities/unit-months.html,135,ADSENSE_RISK,word_count=135 (<150) -- thin content risk under Google Publisher Policies.
https://waterbalancetools.com/entities/unit-ppm,entities/unit-ppm.html,139,ADSENSE_RISK,word_count=139 (<150) -- thin content risk under Google Publisher Policies.
https://waterbalancetools.com/entities/unit-weeks,entities/unit-weeks.html,126,ADSENSE_RISK,word_count=126 (<150) -- thin content risk under Google Publisher Policies.
https://waterbalancetools.com/entities/vacation-rental-checklist,entities/vacation-rental-checklist.html,231,ADSENSE_REVIEW,"overall_quality_score=1.6, repetition_score=1 -- templated/repetitive content pattern."
https://waterbalancetools.com/entities/vinyl-pool,entities/vinyl-pool.html,221,ADSENSE_REVIEW,"overall_quality_score=1.6, repetition_score=1 -- templated/repetitive content pattern."
https://waterbalancetools.com/entities/water-replacement,entities/water-replacement.html,266,ADSENSE_REVIEW,"overall_quality_score=1.7, repetition_score=1 -- templated/repetitive content pattern."
https://waterbalancetools.com/entities/water-test-sheet,entities/water-test-sheet.html,182,ADSENSE_READY,"word_count=182, overall_quality_score=1.6."
https://waterbalancetools.com/entities/winterization,entities/winterization.html,247,ADSENSE_REVIEW,"overall_quality_score=1.6, repetition_score=1 -- templated/repetitive content pattern."
https://waterbalancetools.com/formulas/alkalinity-formula,formulas/alkalinity-formula.html,375,ADSENSE_READY,"word_count=375, overall_quality_score=2.4."
https://waterbalancetools.com/formulas/cya-formula,formulas/cya-formula.html,396,ADSENSE_READY,"word_count=396, overall_quality_score=2.4."
https://waterbalancetools.com/formulas/,formulas/index.html,245,ADSENSE_READY,"word_count=245, overall_quality_score=1.8."
https://waterbalancetools.com/formulas/liquid-chlorine-formula,formulas/liquid-chlorine-formula.html,475,ADSENSE_READY,"word_count=475, overall_quality_score=2.5."
https://waterbalancetools.com/formulas/lsi-formula,formulas/lsi-formula.html,454,ADSENSE_READY,"word_count=454, overall_quality_score=2.4."
https://waterbalancetools.com/formulas/ph-adjustment-formula,formulas/ph-adjustment-formula.html,433,ADSENSE_READY,"word_count=433, overall_quality_score=2.5."
https://waterbalancetools.com/formulas/pool-volume-formula,formulas/pool-volume-formula.html,355,ADSENSE_READY,"word_count=355, overall_quality_score=2.3."
https://waterbalancetools.com/formulas/salt-formula,formulas/salt-formula.html,381,ADSENSE_READY,"word_count=381, overall_quality_score=2.4."
https://waterbalancetools.com/formulas/shock-formula,formulas/shock-formula.html,395,ADSENSE_READY,"word_count=395, overall_quality_score=2.4."
https://waterbalancetools.com/formulas/turnover-formula,formulas/turnover-formula.html,331,ADSENSE_READY,"word_count=331, overall_quality_score=2.3."
https://waterbalancetools.com/glossary/aggressive-water,glossary/aggressive-water.html,169,ADSENSE_READY,"word_count=169, overall_quality_score=1.7."
https://waterbalancetools.com/glossary/algae-bloom,glossary/algae-bloom.html,183,ADSENSE_READY,"word_count=183, overall_quality_score=1.8."
https://waterbalancetools.com/glossary/algaecide,glossary/algaecide.html,185,ADSENSE_READY,"word_count=185, overall_quality_score=1.7."
https://waterbalancetools.com/glossary/ammonia,glossary/ammonia.html,182,ADSENSE_READY,"word_count=182, overall_quality_score=1.7."
https://waterbalancetools.com/glossary/backwashing,glossary/backwashing.html,221,ADSENSE_READY,"word_count=221, overall_quality_score=1.8."
https://waterbalancetools.com/glossary/bather-load,glossary/bather-load.html,202,ADSENSE_READY,"word_count=202, overall_quality_score=1.8."
https://waterbalancetools.com/glossary/bcdmh,glossary/bcdmh.html,207,ADSENSE_READY,"word_count=207, overall_quality_score=1.9."
https://waterbalancetools.com/glossary/bicarbonate-alkalinity,glossary/bicarbonate-alkalinity.html,209,ADSENSE_READY,"word_count=209, overall_quality_score=1.9."
https://waterbalancetools.com/glossary/biofilm,glossary/biofilm.html,178,ADSENSE_READY,"word_count=178, overall_quality_score=1.7."
https://waterbalancetools.com/glossary/black-algae,glossary/black-algae.html,174,ADSENSE_READY,"word_count=174, overall_quality_score=1.9."
https://waterbalancetools.com/glossary/breakpoint-chlorination,glossary/breakpoint-chlorination.html,212,ADSENSE_READY,"word_count=212, overall_quality_score=1.8."
https://waterbalancetools.com/glossary/breakpoint-dose,glossary/breakpoint-dose.html,205,ADSENSE_READY,"word_count=205, overall_quality_score=2."
https://waterbalancetools.com/glossary/bromine,glossary/bromine.html,230,ADSENSE_READY,"word_count=230, overall_quality_score=1.9."
https://waterbalancetools.com/glossary/calcium-hardness,glossary/calcium-hardness.html,193,ADSENSE_READY,"word_count=193, overall_quality_score=1.9."
https://waterbalancetools.com/glossary/calcium-hypochlorite,glossary/calcium-hypochlorite.html,206,ADSENSE_READY,"word_count=206, overall_quality_score=2."
https://waterbalancetools.com/glossary/carbon-dioxide,glossary/carbon-dioxide.html,183,ADSENSE_READY,"word_count=183, overall_quality_score=1.7."
https://waterbalancetools.com/glossary/cartridge-filter,glossary/cartridge-filter.html,204,ADSENSE_READY,"word_count=204, overall_quality_score=1.8."
https://waterbalancetools.com/glossary/chemical-compatibility,glossary/chemical-compatibility.html,162,ADSENSE_READY,"word_count=162, overall_quality_score=1.7."
https://waterbalancetools.com/glossary/chemical-log,glossary/chemical-log.html,206,ADSENSE_READY,"word_count=206, overall_quality_score=1.8."
https://waterbalancetools.com/glossary/chemical-storage,glossary/chemical-storage.html,177,ADSENSE_READY,"word_count=177, overall_quality_score=1.7."
https://waterbalancetools.com/glossary/chloramine,glossary/chloramine.html,203,ADSENSE_READY,"word_count=203, overall_quality_score=1.9."
https://waterbalancetools.com/glossary/chlorine-demand,glossary/chlorine-demand.html,201,ADSENSE_READY,"word_count=201, overall_quality_score=1.8."
https://waterbalancetools.com/glossary/chlorine-stabilizer,glossary/chlorine-stabilizer.html,209,ADSENSE_READY,"word_count=209, overall_quality_score=1.9."
https://waterbalancetools.com/glossary/clarifier,glossary/clarifier.html,179,ADSENSE_READY,"word_count=179, overall_quality_score=1.7."
https://waterbalancetools.com/glossary/closing-chemical-kit,glossary/closing-chemical-kit.html,164,ADSENSE_READY,"word_count=164, overall_quality_score=1.7."
https://waterbalancetools.com/glossary/colorimetric-test,glossary/colorimetric-test.html,183,ADSENSE_READY,"word_count=183, overall_quality_score=1.7."
https://waterbalancetools.com/glossary/combined-chlorine,glossary/combined-chlorine.html,225,ADSENSE_READY,"word_count=225, overall_quality_score=1.9."
https://waterbalancetools.com/glossary/conductivity,glossary/conductivity.html,172,ADSENSE_READY,"word_count=172, overall_quality_score=1.8."
https://waterbalancetools.com/glossary/copper,glossary/copper.html,190,ADSENSE_READY,"word_count=190, overall_quality_score=1.9."
https://waterbalancetools.com/glossary/cyanuric-acid,glossary/cyanuric-acid.html,223,ADSENSE_READY,"word_count=223, overall_quality_score=1.9."
https://waterbalancetools.com/glossary/de-filter,glossary/de-filter.html,211,ADSENSE_READY,"word_count=211, overall_quality_score=1.8."
https://waterbalancetools.com/glossary/dead-algae,glossary/dead-algae.html,183,ADSENSE_READY,"word_count=183, overall_quality_score=1.7."
https://waterbalancetools.com/glossary/dichlor,glossary/dichlor.html,216,ADSENSE_READY,"word_count=216, overall_quality_score=2."
https://waterbalancetools.com/glossary/dilution,glossary/dilution.html,185,ADSENSE_READY,"word_count=185, overall_quality_score=1.8."
https://waterbalancetools.com/glossary/dpd-test,glossary/dpd-test.html,174,ADSENSE_READY,"word_count=174, overall_quality_score=1.7."
https://waterbalancetools.com/glossary/evaporation,glossary/evaporation.html,181,ADSENSE_READY,"word_count=181, overall_quality_score=1.7."
https://waterbalancetools.com/glossary/filter-pressure,glossary/filter-pressure.html,179,ADSENSE_READY,"word_count=179, overall_quality_score=1.7."
https://waterbalancetools.com/glossary/flocculant,glossary/flocculant.html,193,ADSENSE_READY,"word_count=193, overall_quality_score=1.7."
https://waterbalancetools.com/glossary/free-chlorine,glossary/free-chlorine.html,215,ADSENSE_READY,"word_count=215, overall_quality_score=2."
https://waterbalancetools.com/glossary/gpm,glossary/gpm.html,209,ADSENSE_READY,"word_count=209, overall_quality_score=1.8."
https://waterbalancetools.com/glossary/green-algae,glossary/green-algae.html,182,ADSENSE_READY,"word_count=182, overall_quality_score=1.8."
https://waterbalancetools.com/glossary/hypochlorous-acid,glossary/hypochlorous-acid.html,191,ADSENSE_READY,"word_count=191, overall_quality_score=1.9."
https://waterbalancetools.com/glossary/,glossary/index.html,2298,ADSENSE_READY,"word_count=2298, overall_quality_score=1.9."
https://waterbalancetools.com/glossary/iron,glossary/iron.html,192,ADSENSE_READY,"word_count=192, overall_quality_score=1.9."
https://waterbalancetools.com/glossary/langelier-saturation-index,glossary/langelier-saturation-index.html,226,ADSENSE_READY,"word_count=226, overall_quality_score=1.8."
https://waterbalancetools.com/glossary/main-drain,glossary/main-drain.html,198,ADSENSE_READY,"word_count=198, overall_quality_score=1.7."
https://waterbalancetools.com/glossary/metal-sequestrant,glossary/metal-sequestrant.html,192,ADSENSE_READY,"word_count=192, overall_quality_score=1.7."
https://waterbalancetools.com/glossary/multiport-valve,glossary/multiport-valve.html,183,ADSENSE_READY,"word_count=183, overall_quality_score=1.7."
https://waterbalancetools.com/glossary/muriatic-acid,glossary/muriatic-acid.html,200,ADSENSE_READY,"word_count=200, overall_quality_score=2."
https://waterbalancetools.com/glossary/mustard-algae,glossary/mustard-algae.html,188,ADSENSE_READY,"word_count=188, overall_quality_score=1.9."
https://waterbalancetools.com/glossary/opening-chemical-kit,glossary/opening-chemical-kit.html,195,ADSENSE_READY,"word_count=195, overall_quality_score=1.7."
https://waterbalancetools.com/glossary/orp,glossary/orp.html,196,ADSENSE_READY,"word_count=196, overall_quality_score=1.7."
https://waterbalancetools.com/glossary/oto-test,glossary/oto-test.html,175,ADSENSE_READY,"word_count=175, overall_quality_score=1.7."
https://waterbalancetools.com/glossary/oxidizer,glossary/oxidizer.html,159,ADSENSE_READY,"word_count=159, overall_quality_score=1.7."
https://waterbalancetools.com/glossary/ozone,glossary/ozone.html,202,ADSENSE_READY,"word_count=202, overall_quality_score=2."
https://waterbalancetools.com/glossary/partial-drain,glossary/partial-drain.html,208,ADSENSE_READY,"word_count=208, overall_quality_score=2."
https://waterbalancetools.com/glossary/parts-per-million,glossary/parts-per-million.html,219,ADSENSE_READY,"word_count=219, overall_quality_score=1.9."
https://waterbalancetools.com/glossary/ph-bounce,glossary/ph-bounce.html,174,ADSENSE_READY,"word_count=174, overall_quality_score=1.9."
https://waterbalancetools.com/glossary/ph-increaser,glossary/ph-increaser.html,210,ADSENSE_READY,"word_count=210, overall_quality_score=1.7."
https://waterbalancetools.com/glossary/ph,glossary/ph.html,232,ADSENSE_READY,"word_count=232, overall_quality_score=1.9."
https://waterbalancetools.com/glossary/phosphates,glossary/phosphates.html,206,ADSENSE_READY,"word_count=206, overall_quality_score=1.8."
https://waterbalancetools.com/glossary/pink-slime,glossary/pink-slime.html,193,ADSENSE_READY,"word_count=193, overall_quality_score=1.7."
https://waterbalancetools.com/glossary/pool-chemistry-reference,glossary/pool-chemistry-reference.html,163,ADSENSE_READY,"word_count=163, overall_quality_score=1.8."
https://waterbalancetools.com/glossary/pool-maintenance-schedule,glossary/pool-maintenance-schedule.html,167,ADSENSE_READY,"word_count=167, overall_quality_score=1.7."
https://waterbalancetools.com/glossary/pool-pump,glossary/pool-pump.html,217,ADSENSE_READY,"word_count=217, overall_quality_score=1.8."
https://waterbalancetools.com/glossary/pool-safety-equipment,glossary/pool-safety-equipment.html,189,ADSENSE_READY,"word_count=189, overall_quality_score=1.7."
https://waterbalancetools.com/glossary/pool-shock-schedule,glossary/pool-shock-schedule.html,179,ADSENSE_READY,"word_count=179, overall_quality_score=1.9."
https://waterbalancetools.com/glossary/pool-turnover-rate,glossary/pool-turnover-rate.html,185,ADSENSE_READY,"word_count=185, overall_quality_score=1.7."
https://waterbalancetools.com/glossary/pool-volume-reference,glossary/pool-volume-reference.html,164,ADSENSE_READY,"word_count=164, overall_quality_score=1.7."
https://waterbalancetools.com/glossary/pool-volume,glossary/pool-volume.html,207,ADSENSE_READY,"word_count=207, overall_quality_score=1.9."
https://waterbalancetools.com/glossary/pressure-gauge,glossary/pressure-gauge.html,174,ADSENSE_READY,"word_count=174, overall_quality_score=1.7."
https://waterbalancetools.com/glossary/pump-turnover,glossary/pump-turnover.html,227,ADSENSE_READY,"word_count=227, overall_quality_score=1.8."
https://waterbalancetools.com/glossary/reagent,glossary/reagent.html,172,ADSENSE_READY,"word_count=172, overall_quality_score=1.7."
https://waterbalancetools.com/glossary/return-jet,glossary/return-jet.html,176,ADSENSE_READY,"word_count=176, overall_quality_score=1.7."
https://waterbalancetools.com/glossary/salt-chlorination,glossary/salt-chlorination.html,178,ADSENSE_READY,"word_count=178, overall_quality_score=1.8."
https://waterbalancetools.com/glossary/sand-filter,glossary/sand-filter.html,210,ADSENSE_READY,"word_count=210, overall_quality_score=1.8."
https://waterbalancetools.com/glossary/sanitizer,glossary/sanitizer.html,162,ADSENSE_READY,"word_count=162, overall_quality_score=1.8."
https://waterbalancetools.com/glossary/saturated-ph,glossary/saturated-ph.html,188,ADSENSE_READY,"word_count=188, overall_quality_score=1.7."
https://waterbalancetools.com/glossary/saturation-index,glossary/saturation-index.html,196,ADSENSE_READY,"word_count=196, overall_quality_score=1.6."
https://waterbalancetools.com/glossary/scale-inhibitor,glossary/scale-inhibitor.html,161,ADSENSE_READY,"word_count=161, overall_quality_score=1.7."
https://waterbalancetools.com/glossary/scaling-water,glossary/scaling-water.html,164,ADSENSE_READY,"word_count=164, overall_quality_score=1.7."
https://waterbalancetools.com/glossary/shock-dosage,glossary/shock-dosage.html,200,ADSENSE_READY,"word_count=200, overall_quality_score=2."
https://waterbalancetools.com/glossary/shock,glossary/shock.html,233,ADSENSE_READY,"word_count=233, overall_quality_score=1.9."
https://waterbalancetools.com/glossary/skimmer,glossary/skimmer.html,210,ADSENSE_READY,"word_count=210, overall_quality_score=1.8."
https://waterbalancetools.com/glossary/sodium-bicarbonate,glossary/sodium-bicarbonate.html,205,ADSENSE_READY,"word_count=205, overall_quality_score=2."
https://waterbalancetools.com/glossary/sodium-bisulfate,glossary/sodium-bisulfate.html,202,ADSENSE_READY,"word_count=202, overall_quality_score=1.9."
https://waterbalancetools.com/glossary/sodium-carbonate,glossary/sodium-carbonate.html,198,ADSENSE_READY,"word_count=198, overall_quality_score=1.6."
https://waterbalancetools.com/glossary/sodium-hypochlorite,glossary/sodium-hypochlorite.html,208,ADSENSE_READY,"word_count=208, overall_quality_score=2."
https://waterbalancetools.com/glossary/superchlorination,glossary/superchlorination.html,223,ADSENSE_READY,"word_count=223, overall_quality_score=1.9."
https://waterbalancetools.com/glossary/test-strip,glossary/test-strip.html,186,ADSENSE_READY,"word_count=186, overall_quality_score=1.8."
https://waterbalancetools.com/glossary/total-alkalinity,glossary/total-alkalinity.html,233,ADSENSE_READY,"word_count=233, overall_quality_score=1.9."
https://waterbalancetools.com/glossary/total-chlorine,glossary/total-chlorine.html,207,ADSENSE_READY,"word_count=207, overall_quality_score=1.8."
https://waterbalancetools.com/glossary/total-dissolved-solids,glossary/total-dissolved-solids.html,236,ADSENSE_READY,"word_count=236, overall_quality_score=2."
https://waterbalancetools.com/glossary/total-hardness,glossary/total-hardness.html,195,ADSENSE_READY,"word_count=195, overall_quality_score=1.9."
https://waterbalancetools.com/glossary/trichlor,glossary/trichlor.html,220,ADSENSE_READY,"word_count=220, overall_quality_score=2."
https://waterbalancetools.com/glossary/turbidity,glossary/turbidity.html,173,ADSENSE_READY,"word_count=173, overall_quality_score=1.7."
https://waterbalancetools.com/glossary/uv-sanitization,glossary/uv-sanitization.html,184,ADSENSE_READY,"word_count=184, overall_quality_score=1.9."
https://waterbalancetools.com/glossary/water-balance-checklist,glossary/water-balance-checklist.html,187,ADSENSE_READY,"word_count=187, overall_quality_score=1.8."
https://waterbalancetools.com/glossary/water-temperature,glossary/water-temperature.html,198,ADSENSE_READY,"word_count=198, overall_quality_score=1.9."
https://waterbalancetools.com/glossary/water-test-log,glossary/water-test-log.html,191,ADSENSE_READY,"word_count=191, overall_quality_score=1.7."
https://waterbalancetools.com/glossary/winterization,glossary/winterization.html,219,ADSENSE_READY,"word_count=219, overall_quality_score=1.9."
https://waterbalancetools.com/guides/advanced/chlorine-breakdown-sunlight,guides/advanced/chlorine-breakdown-sunlight.html,407,ADSENSE_READY,"word_count=407, overall_quality_score=2.2."
https://waterbalancetools.com/guides/advanced/chlorine-vs-saltwater,guides/advanced/chlorine-vs-saltwater.html,465,ADSENSE_READY,"word_count=465, overall_quality_score=2.2."
https://waterbalancetools.com/guides/advanced/cya-stabilizer-explained,guides/advanced/cya-stabilizer-explained.html,356,ADSENSE_READY,"word_count=356, overall_quality_score=2.1."
https://waterbalancetools.com/guides/advanced/,guides/advanced/index.html,382,ADSENSE_READY,"word_count=382, overall_quality_score=1.9."
https://waterbalancetools.com/guides/advanced/pool-chemistry-balance-explained,guides/advanced/pool-chemistry-balance-explained.html,393,ADSENSE_READY,"word_count=393, overall_quality_score=2."
https://waterbalancetools.com/guides/alkalinity-guide,guides/alkalinity-guide.html,213,ADSENSE_REVIEW,"overall_quality_score=1.6, repetition_score=1 -- templated/repetitive content pattern."
https://waterbalancetools.com/guides/chlorine-guide,guides/chlorine-guide.html,361,ADSENSE_REVIEW,"overall_quality_score=1.7, repetition_score=1 -- templated/repetitive content pattern."
https://waterbalancetools.com/guides/chlorine/chlorine-too-high-after-shocking,guides/chlorine/chlorine-too-high-after-shocking.html,441,ADSENSE_READY,"word_count=441, overall_quality_score=2.5."
https://waterbalancetools.com/guides/chlorine/free-chlorine-vs-total-chlorine,guides/chlorine/free-chlorine-vs-total-chlorine.html,436,ADSENSE_READY,"word_count=436, overall_quality_score=2.5."
https://waterbalancetools.com/guides/chlorine/how-often-should-i-shock-my-pool,guides/chlorine/how-often-should-i-shock-my-pool.html,485,ADSENSE_READY,"word_count=485, overall_quality_score=2.5."
https://waterbalancetools.com/guides/chlorine/,guides/chlorine/index.html,453,ADSENSE_READY,"word_count=453, overall_quality_score=2."
https://waterbalancetools.com/guides/chlorine/why-pool-chlorine-disappears-overnight,guides/chlorine/why-pool-chlorine-disappears-overnight.html,474,ADSENSE_READY,"word_count=474, overall_quality_score=2.5."
https://waterbalancetools.com/guides/chlorine/why-pool-wont-hold-chlorine,guides/chlorine/why-pool-wont-hold-chlorine.html,412,ADSENSE_READY,"word_count=412, overall_quality_score=2.5."
https://waterbalancetools.com/guides/edge-cases/evaporation-effect-on-pool-chemistry,guides/edge-cases/evaporation-effect-on-pool-chemistry.html,359,ADSENSE_READY,"word_count=359, overall_quality_score=1.8."
https://waterbalancetools.com/guides/edge-cases/high-cya-chlorine-lock,guides/edge-cases/high-cya-chlorine-lock.html,247,ADSENSE_READY,"word_count=247, overall_quality_score=1.8."
https://waterbalancetools.com/guides/edge-cases/,guides/edge-cases/index.html,515,ADSENSE_READY,"word_count=515, overall_quality_score=1.8."
https://waterbalancetools.com/guides/edge-cases/over-shocking-pool-effects,guides/edge-cases/over-shocking-pool-effects.html,237,ADSENSE_READY,"word_count=237, overall_quality_score=1.8."
https://waterbalancetools.com/guides/edge-cases/pool-temperature-effect-chlorine,guides/edge-cases/pool-temperature-effect-chlorine.html,230,ADSENSE_READY,"word_count=230, overall_quality_score=1.9."
https://waterbalancetools.com/guides/edge-cases/rain-effect-on-pool-chemistry,guides/edge-cases/rain-effect-on-pool-chemistry.html,238,ADSENSE_READY,"word_count=238, overall_quality_score=1.8."
https://waterbalancetools.com/guides/edge-cases/swimming-after-shocking-pool,guides/edge-cases/swimming-after-shocking-pool.html,252,ADSENSE_READY,"word_count=252, overall_quality_score=1.8."
https://waterbalancetools.com/guides/hot-tub-chemistry,guides/hot-tub-chemistry.html,213,ADSENSE_REVIEW,"overall_quality_score=1.6, repetition_score=1 -- templated/repetitive content pattern."
https://waterbalancetools.com/guides/hot-tub-maintenance,guides/hot-tub-maintenance.html,223,ADSENSE_REVIEW,"overall_quality_score=1.6, repetition_score=1 -- templated/repetitive content pattern."
https://waterbalancetools.com/guides/hot-tub/hot-tub-alkalinity-too-high,guides/hot-tub/hot-tub-alkalinity-too-high.html,415,ADSENSE_READY,"word_count=415, overall_quality_score=2.5."
https://waterbalancetools.com/guides/hot-tub/hot-tub-chlorine-too-high,guides/hot-tub/hot-tub-chlorine-too-high.html,446,ADSENSE_READY,"word_count=446, overall_quality_score=2.5."
https://waterbalancetools.com/guides/hot-tub/hot-tub-chlorine-too-low,guides/hot-tub/hot-tub-chlorine-too-low.html,409,ADSENSE_READY,"word_count=409, overall_quality_score=2.5."
https://waterbalancetools.com/guides/hot-tub/hot-tub-ph-too-low,guides/hot-tub/hot-tub-ph-too-low.html,416,ADSENSE_READY,"word_count=416, overall_quality_score=2.4."
https://waterbalancetools.com/guides/hot-tub/how-often-to-shock-a-hot-tub,guides/hot-tub/how-often-to-shock-a-hot-tub.html,408,ADSENSE_READY,"word_count=408, overall_quality_score=2.4."
https://waterbalancetools.com/guides/hot-tub/,guides/hot-tub/index.html,466,ADSENSE_READY,"word_count=466, overall_quality_score=2.1."
https://waterbalancetools.com/guides/,guides/index.html,472,ADSENSE_READY,"word_count=472, overall_quality_score=2."
https://waterbalancetools.com/guides/ph-guide,guides/ph-guide.html,244,ADSENSE_REVIEW,"overall_quality_score=1.6, repetition_score=1 -- templated/repetitive content pattern."
https://waterbalancetools.com/guides/ph/can-you-swim-in-high-ph-water,guides/ph/can-you-swim-in-high-ph-water.html,491,ADSENSE_READY,"word_count=491, overall_quality_score=2.6."
https://waterbalancetools.com/guides/ph/does-rain-lower-pool-ph,guides/ph/does-rain-lower-pool-ph.html,496,ADSENSE_READY,"word_count=496, overall_quality_score=2.5."
https://waterbalancetools.com/guides/ph/how-to-lower-pool-ph,guides/ph/how-to-lower-pool-ph.html,572,ADSENSE_READY,"word_count=572, overall_quality_score=2.6."
https://waterbalancetools.com/guides/ph/,guides/ph/index.html,438,ADSENSE_READY,"word_count=438, overall_quality_score=1.9."
https://waterbalancetools.com/guides/ph/what-causes-high-pool-ph,guides/ph/what-causes-high-pool-ph.html,523,ADSENSE_READY,"word_count=523, overall_quality_score=2.6."
https://waterbalancetools.com/guides/ph/why-pool-ph-keeps-rising,guides/ph/why-pool-ph-keeps-rising.html,581,ADSENSE_READY,"word_count=581, overall_quality_score=2.6."
https://waterbalancetools.com/guides/pool-chemistry-basics,guides/pool-chemistry-basics.html,314,ADSENSE_REVIEW,"overall_quality_score=1.8, repetition_score=1 -- templated/repetitive content pattern."
https://waterbalancetools.com/guides/questions/can-rain-affect-pool-chemistry,guides/questions/can-rain-affect-pool-chemistry.html,689,ADSENSE_READY,"word_count=689, overall_quality_score=2.6."
https://waterbalancetools.com/guides/questions/can-you-swim-after-shocking-a-pool,guides/questions/can-you-swim-after-shocking-a-pool.html,720,ADSENSE_READY,"word_count=720, overall_quality_score=2.6."
https://waterbalancetools.com/guides/questions/,guides/questions/index.html,520,ADSENSE_REVIEW,"overall_quality_score=1.8, repetition_score=1 -- templated/repetitive content pattern."
https://waterbalancetools.com/guides/questions/why-does-hot-tub-water-smell,guides/questions/why-does-hot-tub-water-smell.html,775,ADSENSE_READY,"word_count=775, overall_quality_score=2.6."
https://waterbalancetools.com/guides/questions/why-does-pool-water-turn-cloudy,guides/questions/why-does-pool-water-turn-cloudy.html,746,ADSENSE_READY,"word_count=746, overall_quality_score=2.6."
https://waterbalancetools.com/guides/questions/why-is-my-hot-tub-foamy,guides/questions/why-is-my-hot-tub-foamy.html,769,ADSENSE_READY,"word_count=769, overall_quality_score=2.6."
https://waterbalancetools.com/guides/questions/why-is-my-pool-green-but-chlorine-is-high,guides/questions/why-is-my-pool-green-but-chlorine-is-high.html,772,ADSENSE_READY,"word_count=772, overall_quality_score=2.6."
https://waterbalancetools.com/guides/seasonal/closing-pool-chemistry-winter,guides/seasonal/closing-pool-chemistry-winter.html,230,ADSENSE_READY,"word_count=230, overall_quality_score=1.8."
https://waterbalancetools.com/guides/seasonal/,guides/seasonal/index.html,386,ADSENSE_READY,"word_count=386, overall_quality_score=1.9."
https://waterbalancetools.com/guides/seasonal/opening-pool-chemistry-checklist,guides/seasonal/opening-pool-chemistry-checklist.html,257,ADSENSE_READY,"word_count=257, overall_quality_score=1.8."
https://waterbalancetools.com/guides/seasonal/summer-high-chlorine-demand,guides/seasonal/summer-high-chlorine-demand.html,218,ADSENSE_READY,"word_count=218, overall_quality_score=1.8."
https://waterbalancetools.com/guides/seasonal/winter-pool-maintenance-chemistry,guides/seasonal/winter-pool-maintenance-chemistry.html,242,ADSENSE_READY,"word_count=242, overall_quality_score=1.8."
https://waterbalancetools.com/hot-tub-chemical-levels-chart,hot-tub-chemical-levels-chart.html,412,ADSENSE_READY,"word_count=412, overall_quality_score=2.7."
https://waterbalancetools.com/hot-tub-chlorine-levels-chart,hot-tub-chlorine-levels-chart.html,426,ADSENSE_READY,"word_count=426, overall_quality_score=2.8."
https://waterbalancetools.com/,index.html,368,ADSENSE_READY,"word_count=368, overall_quality_score=2.3."
https://waterbalancetools.com/legal/,legal/index.html,246,ADSENSE_READY,"word_count=246, overall_quality_score=1.9."
https://waterbalancetools.com/legal/legal,legal/legal.html,427,ADSENSE_READY,"word_count=427, overall_quality_score=1.9."
https://waterbalancetools.com/legal/ownership,legal/ownership.html,82,ADSENSE_RISK,word_count=82 (<150) -- thin content risk under Google Publisher Policies.
https://waterbalancetools.com/maintenance/how-often-add-chlorine-pool,maintenance/how-often-add-chlorine-pool.html,205,ADSENSE_READY,"word_count=205, overall_quality_score=2.3."
https://waterbalancetools.com/maintenance/how-to-balance-pool-water,maintenance/how-to-balance-pool-water.html,158,ADSENSE_READY,"word_count=158, overall_quality_score=1.8."
https://waterbalancetools.com/maintenance/how-to-fix-cloudy-hot-tub,maintenance/how-to-fix-cloudy-hot-tub.html,172,ADSENSE_READY,"word_count=172, overall_quality_score=1.9."
https://waterbalancetools.com/maintenance/,maintenance/index.html,336,ADSENSE_READY,"word_count=336, overall_quality_score=1.9."
https://waterbalancetools.com/methodology/calculation-assumptions/,methodology/calculation-assumptions/index.html,386,ADSENSE_READY,"word_count=386, overall_quality_score=1.9."
https://waterbalancetools.com/methodology/calculation-methodology/,methodology/calculation-methodology/index.html,377,ADSENSE_READY,"word_count=377, overall_quality_score=1.8."
https://waterbalancetools.com/methodology/confidence-system/,methodology/confidence-system/index.html,296,ADSENSE_READY,"word_count=296, overall_quality_score=1.9."
https://waterbalancetools.com/methodology/formula-selection/,methodology/formula-selection/index.html,276,ADSENSE_READY,"word_count=276, overall_quality_score=1.8."
https://waterbalancetools.com/methodology/,methodology/index.html,54,ADSENSE_RISK,word_count=54 (<150) -- thin content risk under Google Publisher Policies.
https://waterbalancetools.com/methodology/known-limitations/,methodology/known-limitations/index.html,384,ADSENSE_READY,"word_count=384, overall_quality_score=1.9."
https://waterbalancetools.com/methodology/precision-policy/,methodology/precision-policy/index.html,297,ADSENSE_READY,"word_count=297, overall_quality_score=2."
https://waterbalancetools.com/methodology/rounding-policy/,methodology/rounding-policy/index.html,327,ADSENSE_READY,"word_count=327, overall_quality_score=1.9."
https://waterbalancetools.com/pool-alkalinity-levels-chart,pool-alkalinity-levels-chart.html,407,ADSENSE_READY,"word_count=407, overall_quality_score=2.6."
https://waterbalancetools.com/pool-chemical-levels-chart,pool-chemical-levels-chart.html,357,ADSENSE_READY,"word_count=357, overall_quality_score=2.4."
https://waterbalancetools.com/pool-chemistry-system,pool-chemistry-system.html,1212,ADSENSE_READY,"word_count=1212, overall_quality_score=2.5."
https://waterbalancetools.com/pool-chlorine-levels-chart,pool-chlorine-levels-chart.html,389,ADSENSE_READY,"word_count=389, overall_quality_score=2.5."
https://waterbalancetools.com/pool-cya-levels-chart,pool-cya-levels-chart.html,367,ADSENSE_READY,"word_count=367, overall_quality_score=2.6."
https://waterbalancetools.com/pool-ph-levels-chart,pool-ph-levels-chart.html,297,ADSENSE_READY,"word_count=297, overall_quality_score=2.4."
https://waterbalancetools.com/printable/maintenance-checklist,printable/maintenance-checklist.html,91,ADSENSE_RISK,word_count=91 (<150) -- thin content risk under Google Publisher Policies.
https://waterbalancetools.com/printables/airbnb-pool-turnover-checklist,printables/airbnb-pool-turnover-checklist.html,124,ADSENSE_RISK,word_count=124 (<150) -- thin content risk under Google Publisher Policies.
https://waterbalancetools.com/printables/hot-tub-maintenance-log,printables/hot-tub-maintenance-log.html,30,ADSENSE_RISK,word_count=30 (<150) -- thin content risk under Google Publisher Policies.
https://waterbalancetools.com/printables/pool-maintenance-checklist,printables/pool-maintenance-checklist.html,84,ADSENSE_RISK,word_count=84 (<150) -- thin content risk under Google Publisher Policies.
https://waterbalancetools.com/programmatic/behavior/how-often-to-shock-pool,programmatic/behavior/how-often-to-shock-pool.html,518,ADSENSE_REVIEW,"overall_quality_score=2, repetition_score=0 -- templated/repetitive content pattern."
https://waterbalancetools.com/programmatic/behavior/how-often-to-test-pool-water,programmatic/behavior/how-often-to-test-pool-water.html,504,ADSENSE_REVIEW,"overall_quality_score=2, repetition_score=0 -- templated/repetitive content pattern."
https://waterbalancetools.com/programmatic/behavior/,programmatic/behavior/index.html,339,ADSENSE_READY,"word_count=339, overall_quality_score=1.9."
https://waterbalancetools.com/programmatic/behavior/when-to-add-chlorine,programmatic/behavior/when-to-add-chlorine.html,532,ADSENSE_REVIEW,"overall_quality_score=2, repetition_score=0 -- templated/repetitive content pattern."
https://waterbalancetools.com/programmatic/chlorine/how-much-chlorine-for-10000-gallon-pool,programmatic/chlorine/how-much-chlorine-for-10000-gallon-pool.html,576,ADSENSE_REVIEW,"overall_quality_score=2.1, repetition_score=0 -- templated/repetitive content pattern."
https://waterbalancetools.com/programmatic/chlorine/how-much-chlorine-for-12000-gallon-pool,programmatic/chlorine/how-much-chlorine-for-12000-gallon-pool.html,576,ADSENSE_REVIEW,"overall_quality_score=2.1, repetition_score=0 -- templated/repetitive content pattern."
https://waterbalancetools.com/programmatic/chlorine/how-much-chlorine-for-15000-gallon-pool,programmatic/chlorine/how-much-chlorine-for-15000-gallon-pool.html,579,ADSENSE_REVIEW,"overall_quality_score=2.1, repetition_score=0 -- templated/repetitive content pattern."
https://waterbalancetools.com/programmatic/chlorine/how-much-chlorine-for-18000-gallon-pool,programmatic/chlorine/how-much-chlorine-for-18000-gallon-pool.html,578,ADSENSE_REVIEW,"overall_quality_score=2.1, repetition_score=0 -- templated/repetitive content pattern."
https://waterbalancetools.com/programmatic/chlorine/how-much-chlorine-for-20000-gallon-pool,programmatic/chlorine/how-much-chlorine-for-20000-gallon-pool.html,576,ADSENSE_REVIEW,"overall_quality_score=2.1, repetition_score=0 -- templated/repetitive content pattern."
https://waterbalancetools.com/programmatic/chlorine/how-much-chlorine-for-25000-gallon-pool,programmatic/chlorine/how-much-chlorine-for-25000-gallon-pool.html,576,ADSENSE_REVIEW,"overall_quality_score=2.1, repetition_score=0 -- templated/repetitive content pattern."
https://waterbalancetools.com/programmatic/chlorine/how-much-chlorine-for-30000-gallon-pool,programmatic/chlorine/how-much-chlorine-for-30000-gallon-pool.html,578,ADSENSE_REVIEW,"overall_quality_score=2.1, repetition_score=0 -- templated/repetitive content pattern."
https://waterbalancetools.com/programmatic/chlorine/how-much-chlorine-for-5000-gallon-pool,programmatic/chlorine/how-much-chlorine-for-5000-gallon-pool.html,576,ADSENSE_REVIEW,"overall_quality_score=2.1, repetition_score=0 -- templated/repetitive content pattern."
https://waterbalancetools.com/programmatic/chlorine/how-much-chlorine-for-7000-gallon-pool,programmatic/chlorine/how-much-chlorine-for-7000-gallon-pool.html,576,ADSENSE_REVIEW,"overall_quality_score=2.1, repetition_score=0 -- templated/repetitive content pattern."
https://waterbalancetools.com/programmatic/chlorine/how-much-chlorine-for-8000-gallon-pool,programmatic/chlorine/how-much-chlorine-for-8000-gallon-pool.html,578,ADSENSE_REVIEW,"overall_quality_score=2.1, repetition_score=0 -- templated/repetitive content pattern."
https://waterbalancetools.com/programmatic/chlorine/how-much-chlorine-for-9000-gallon-pool,programmatic/chlorine/how-much-chlorine-for-9000-gallon-pool.html,576,ADSENSE_REVIEW,"overall_quality_score=2.1, repetition_score=0 -- templated/repetitive content pattern."
https://waterbalancetools.com/programmatic/chlorine/,programmatic/chlorine/index.html,589,ADSENSE_REVIEW,"overall_quality_score=1.7, repetition_score=0 -- templated/repetitive content pattern."
https://waterbalancetools.com/programmatic/explanations/,programmatic/explanations/index.html,313,ADSENSE_READY,"word_count=313, overall_quality_score=1.9."
https://waterbalancetools.com/programmatic/explanations/what-is-pool-alkalinity,programmatic/explanations/what-is-pool-alkalinity.html,531,ADSENSE_REVIEW,"overall_quality_score=2, repetition_score=0 -- templated/repetitive content pattern."
https://waterbalancetools.com/programmatic/explanations/why-ph-affects-chlorine,programmatic/explanations/why-ph-affects-chlorine.html,567,ADSENSE_REVIEW,"overall_quality_score=2, repetition_score=0 -- templated/repetitive content pattern."
https://waterbalancetools.com/programmatic/explanations/why-shower-before-pool,programmatic/explanations/why-shower-before-pool.html,549,ADSENSE_REVIEW,"overall_quality_score=2.1, repetition_score=0 -- templated/repetitive content pattern."
https://waterbalancetools.com/programmatic/hot-tubs/hot-tub-chemicals-for-200-gallons,programmatic/hot-tubs/hot-tub-chemicals-for-200-gallons.html,561,ADSENSE_REVIEW,"overall_quality_score=2.1, repetition_score=0 -- templated/repetitive content pattern."
https://waterbalancetools.com/programmatic/hot-tubs/hot-tub-chemicals-for-300-gallons,programmatic/hot-tubs/hot-tub-chemicals-for-300-gallons.html,564,ADSENSE_REVIEW,"overall_quality_score=2.1, repetition_score=0 -- templated/repetitive content pattern."
https://waterbalancetools.com/programmatic/hot-tubs/hot-tub-chemicals-for-400-gallons,programmatic/hot-tubs/hot-tub-chemicals-for-400-gallons.html,560,ADSENSE_REVIEW,"overall_quality_score=2.1, repetition_score=0 -- templated/repetitive content pattern."
https://waterbalancetools.com/programmatic/hot-tubs/hot-tub-chemicals-for-500-gallons,programmatic/hot-tubs/hot-tub-chemicals-for-500-gallons.html,562,ADSENSE_REVIEW,"overall_quality_score=2.1, repetition_score=0 -- templated/repetitive content pattern."
https://waterbalancetools.com/programmatic/hot-tubs/hot-tub-chemicals-for-600-gallons,programmatic/hot-tubs/hot-tub-chemicals-for-600-gallons.html,566,ADSENSE_REVIEW,"overall_quality_score=2.1, repetition_score=0 -- templated/repetitive content pattern."
https://waterbalancetools.com/programmatic/hot-tubs/,programmatic/hot-tubs/index.html,415,ADSENSE_REVIEW,"overall_quality_score=1.7, repetition_score=1 -- templated/repetitive content pattern."
https://waterbalancetools.com/programmatic/,programmatic/index.html,469,ADSENSE_READY,"word_count=469, overall_quality_score=2."
https://waterbalancetools.com/programmatic/ph/how-to-adjust-ph-from-6-8-to-7-2,programmatic/ph/how-to-adjust-ph-from-6-8-to-7-2.html,512,ADSENSE_REVIEW,"overall_quality_score=2, repetition_score=0 -- templated/repetitive content pattern."
https://waterbalancetools.com/programmatic/ph/how-to-adjust-ph-from-7-8-to-7-4,programmatic/ph/how-to-adjust-ph-from-7-8-to-7-4.html,496,ADSENSE_REVIEW,"overall_quality_score=2, repetition_score=0 -- templated/repetitive content pattern."
https://waterbalancetools.com/programmatic/ph/how-to-adjust-ph-from-7-to-7-4,programmatic/ph/how-to-adjust-ph-from-7-to-7-4.html,511,ADSENSE_REVIEW,"overall_quality_score=2, repetition_score=0 -- templated/repetitive content pattern."
https://waterbalancetools.com/programmatic/ph/how-to-adjust-ph-from-8-to-7-5,programmatic/ph/how-to-adjust-ph-from-8-to-7-5.html,499,ADSENSE_REVIEW,"overall_quality_score=2, repetition_score=0 -- templated/repetitive content pattern."
https://waterbalancetools.com/programmatic/ph/,programmatic/ph/index.html,423,ADSENSE_REVIEW,"overall_quality_score=1.8, repetition_score=1 -- templated/repetitive content pattern."
https://waterbalancetools.com/programmatic/problems/cloudy-pool-fix,programmatic/problems/cloudy-pool-fix.html,585,ADSENSE_REVIEW,"overall_quality_score=2, repetition_score=0 -- templated/repetitive content pattern."
https://waterbalancetools.com/programmatic/problems/green-pool-how-much-chlorine,programmatic/problems/green-pool-how-much-chlorine.html,611,ADSENSE_REVIEW,"overall_quality_score=2.1, repetition_score=0 -- templated/repetitive content pattern."
https://waterbalancetools.com/programmatic/problems/high-chlorine-how-to-lower,programmatic/problems/high-chlorine-how-to-lower.html,568,ADSENSE_REVIEW,"overall_quality_score=2, repetition_score=0 -- templated/repetitive content pattern."
https://waterbalancetools.com/programmatic/problems/,programmatic/problems/index.html,369,ADSENSE_READY,"word_count=369, overall_quality_score=1.9."
https://waterbalancetools.com/programmatic/problems/low-alkalinity-symptoms,programmatic/problems/low-alkalinity-symptoms.html,563,ADSENSE_REVIEW,"overall_quality_score=2.1, repetition_score=0 -- templated/repetitive content pattern."
https://waterbalancetools.com/programmatic/shock/how-much-shock-for-10000-gallon-pool,programmatic/shock/how-much-shock-for-10000-gallon-pool.html,614,ADSENSE_REVIEW,"overall_quality_score=2, repetition_score=0 -- templated/repetitive content pattern."
https://waterbalancetools.com/programmatic/shock/how-much-shock-for-15000-gallon-pool,programmatic/shock/how-much-shock-for-15000-gallon-pool.html,619,ADSENSE_REVIEW,"overall_quality_score=2, repetition_score=0 -- templated/repetitive content pattern."
https://waterbalancetools.com/programmatic/shock/how-much-shock-for-20000-gallon-pool,programmatic/shock/how-much-shock-for-20000-gallon-pool.html,613,ADSENSE_REVIEW,"overall_quality_score=2, repetition_score=0 -- templated/repetitive content pattern."
https://waterbalancetools.com/programmatic/shock/how-much-shock-for-25000-gallon-pool,programmatic/shock/how-much-shock-for-25000-gallon-pool.html,618,ADSENSE_REVIEW,"overall_quality_score=2, repetition_score=0 -- templated/repetitive content pattern."
https://waterbalancetools.com/programmatic/shock/how-much-shock-for-30000-gallon-pool,programmatic/shock/how-much-shock-for-30000-gallon-pool.html,614,ADSENSE_REVIEW,"overall_quality_score=2, repetition_score=0 -- templated/repetitive content pattern."
https://waterbalancetools.com/programmatic/shock/how-much-shock-for-5000-gallon-pool,programmatic/shock/how-much-shock-for-5000-gallon-pool.html,619,ADSENSE_REVIEW,"overall_quality_score=2, repetition_score=0 -- templated/repetitive content pattern."
https://waterbalancetools.com/programmatic/shock/,programmatic/shock/index.html,470,ADSENSE_READY,"word_count=470, overall_quality_score=1.9."
https://waterbalancetools.com/provenance/,provenance/index.html,228,ADSENSE_READY,"word_count=228, overall_quality_score=2."
https://waterbalancetools.com/qa/certification,qa/certification.html,98,ADSENSE_RISK,word_count=98 (<150) -- thin content risk under Google Publisher Policies.
https://waterbalancetools.com/qa/,qa/index.html,171,ADSENSE_READY,"word_count=171, overall_quality_score=1.7."
https://waterbalancetools.com/reference/alkalinity-table,reference/alkalinity-table.html,229,ADSENSE_READY,"word_count=229, overall_quality_score=2.3."
https://waterbalancetools.com/reference/calcium-hardness-explained,reference/calcium-hardness-explained.html,898,ADSENSE_READY,"word_count=898, overall_quality_score=2.7."
https://waterbalancetools.com/reference/calculator-directory,reference/calculator-directory.html,255,ADSENSE_READY,"word_count=255, overall_quality_score=2.3."
https://waterbalancetools.com/reference/chemical-compatibility,reference/chemical-compatibility.html,238,ADSENSE_READY,"word_count=238, overall_quality_score=2."
https://waterbalancetools.com/reference/chemical-conversion-tables,reference/chemical-conversion-tables.html,154,ADSENSE_READY,"word_count=154, overall_quality_score=2.2."
https://waterbalancetools.com/reference/chemical-safety,reference/chemical-safety.html,324,ADSENSE_READY,"word_count=324, overall_quality_score=1.8."
https://waterbalancetools.com/reference/chemical-storage-guide,reference/chemical-storage-guide.html,274,ADSENSE_READY,"word_count=274, overall_quality_score=2."
https://waterbalancetools.com/reference/chlorine-effectiveness-chart,reference/chlorine-effectiveness-chart.html,207,ADSENSE_READY,"word_count=207, overall_quality_score=2.3."
https://waterbalancetools.com/reference/chlorine-explained,reference/chlorine-explained.html,877,ADSENSE_READY,"word_count=877, overall_quality_score=2.7."
https://waterbalancetools.com/reference/combined-chlorine-explained,reference/combined-chlorine-explained.html,950,ADSENSE_READY,"word_count=950, overall_quality_score=2.7."
https://waterbalancetools.com/reference/common-pool-chemistry-mistakes,reference/common-pool-chemistry-mistakes.html,228,ADSENSE_READY,"word_count=228, overall_quality_score=1.9."
https://waterbalancetools.com/reference/cya-matrix,reference/cya-matrix.html,223,ADSENSE_READY,"word_count=223, overall_quality_score=2.3."
https://waterbalancetools.com/reference/cyanuric-acid-explained,reference/cyanuric-acid-explained.html,953,ADSENSE_READY,"word_count=953, overall_quality_score=2.7."
https://waterbalancetools.com/reference/datasets/chemical-properties/,reference/datasets/chemical-properties/index.html,1056,ADSENSE_READY,"word_count=1056, overall_quality_score=2.1."
https://waterbalancetools.com/reference/datasets/chemical-ranges/,reference/datasets/chemical-ranges/index.html,961,ADSENSE_READY,"word_count=961, overall_quality_score=2.2."
https://waterbalancetools.com/reference/datasets/compatibility/,reference/datasets/compatibility/index.html,650,ADSENSE_READY,"word_count=650, overall_quality_score=2.1."
https://waterbalancetools.com/reference/datasets/confidence-levels/,reference/datasets/confidence-levels/index.html,266,ADSENSE_READY,"word_count=266, overall_quality_score=2."
https://waterbalancetools.com/reference/datasets/conversion-factors/,reference/datasets/conversion-factors/index.html,406,ADSENSE_READY,"word_count=406, overall_quality_score=2.1."
https://waterbalancetools.com/reference/datasets/dosage-matrices/,reference/datasets/dosage-matrices/index.html,780,ADSENSE_READY,"word_count=780, overall_quality_score=2.2."
https://waterbalancetools.com/reference/datasets/hot-tub-ranges/,reference/datasets/hot-tub-ranges/index.html,209,ADSENSE_READY,"word_count=209, overall_quality_score=1.9."
https://waterbalancetools.com/reference/datasets/,reference/datasets/index.html,241,ADSENSE_READY,"word_count=241, overall_quality_score=1.8."
https://waterbalancetools.com/reference/datasets/maintenance-schedules/,reference/datasets/maintenance-schedules/index.html,432,ADSENSE_READY,"word_count=432, overall_quality_score=2.1."
https://waterbalancetools.com/reference/datasets/pool-types/,reference/datasets/pool-types/index.html,261,ADSENSE_READY,"word_count=261, overall_quality_score=2."
https://waterbalancetools.com/reference/datasets/temperature-guidelines/,reference/datasets/temperature-guidelines/index.html,332,ADSENSE_READY,"word_count=332, overall_quality_score=2.1."
https://waterbalancetools.com/reference/datasets/testing-frequency/,reference/datasets/testing-frequency/index.html,343,ADSENSE_READY,"word_count=343, overall_quality_score=2.1."
https://waterbalancetools.com/reference/datasets/units/,reference/datasets/units/index.html,483,ADSENSE_READY,"word_count=483, overall_quality_score=2.1."
https://waterbalancetools.com/reference/datasets/version/,reference/datasets/version/index.html,160,ADSENSE_READY,"word_count=160, overall_quality_score=1.9."
https://waterbalancetools.com/reference/datasets/water-balance/,reference/datasets/water-balance/index.html,295,ADSENSE_READY,"word_count=295, overall_quality_score=2."
https://waterbalancetools.com/reference/datasets/water-problems/,reference/datasets/water-problems/index.html,436,ADSENSE_READY,"word_count=436, overall_quality_score=2.1."
https://waterbalancetools.com/reference/emergency-recovery,reference/emergency-recovery.html,330,ADSENSE_READY,"word_count=330, overall_quality_score=2.2."
https://waterbalancetools.com/reference/filter-comparison,reference/filter-comparison.html,207,ADSENSE_READY,"word_count=207, overall_quality_score=2.2."
https://waterbalancetools.com/reference/free-chlorine-explained,reference/free-chlorine-explained.html,896,ADSENSE_READY,"word_count=896, overall_quality_score=2.7."
https://waterbalancetools.com/reference/ideal-pool-levels,reference/ideal-pool-levels.html,248,ADSENSE_READY,"word_count=248, overall_quality_score=2.2."
https://waterbalancetools.com/reference/ideal-spa-levels,reference/ideal-spa-levels.html,183,ADSENSE_READY,"word_count=183, overall_quality_score=2.2."
https://waterbalancetools.com/reference/,reference/index.html,252,ADSENSE_READY,"word_count=252, overall_quality_score=1.8."
https://waterbalancetools.com/reference/ph-table,reference/ph-table.html,242,ADSENSE_READY,"word_count=242, overall_quality_score=2.3."
https://waterbalancetools.com/reference/pool-chemical-timeline,reference/pool-chemical-timeline.html,237,ADSENSE_READY,"word_count=237, overall_quality_score=2.2."
https://waterbalancetools.com/reference/pool-chemicals-explained,reference/pool-chemicals-explained.html,234,ADSENSE_READY,"word_count=234, overall_quality_score=1.9."
https://waterbalancetools.com/reference/pool-chemistry-reference,reference/pool-chemistry-reference.html,649,ADSENSE_READY,"word_count=649, overall_quality_score=2.3."
https://waterbalancetools.com/reference/pool-shape-guide,reference/pool-shape-guide.html,223,ADSENSE_READY,"word_count=223, overall_quality_score=2.2."
https://waterbalancetools.com/reference/pool-volume-reference,reference/pool-volume-reference.html,177,ADSENSE_READY,"word_count=177, overall_quality_score=2.1."
https://waterbalancetools.com/reference/printable-resources-index,reference/printable-resources-index.html,132,ADSENSE_RISK,word_count=132 (<150) -- thin content risk under Google Publisher Policies.
https://waterbalancetools.com/reference/pump-sizing,reference/pump-sizing.html,225,ADSENSE_READY,"word_count=225, overall_quality_score=2.3."
https://waterbalancetools.com/reference/recommended-water-temperature,reference/recommended-water-temperature.html,240,ADSENSE_READY,"word_count=240, overall_quality_score=2.3."
https://waterbalancetools.com/reference/salt-matrix,reference/salt-matrix.html,257,ADSENSE_READY,"word_count=257, overall_quality_score=2.3."
https://waterbalancetools.com/reference/salt-water-generator-explained,reference/salt-water-generator-explained.html,993,ADSENSE_READY,"word_count=993, overall_quality_score=2.7."
https://waterbalancetools.com/reference/shock-dosage-matrix,reference/shock-dosage-matrix.html,251,ADSENSE_READY,"word_count=251, overall_quality_score=2.4."
https://waterbalancetools.com/reference/shock-treatment-explained,reference/shock-treatment-explained.html,928,ADSENSE_READY,"word_count=928, overall_quality_score=2.7."
https://waterbalancetools.com/reference/testing-frequency,reference/testing-frequency.html,218,ADSENSE_READY,"word_count=218, overall_quality_score=2.2."
https://waterbalancetools.com/reference/total-alkalinity-explained,reference/total-alkalinity-explained.html,886,ADSENSE_READY,"word_count=886, overall_quality_score=2.7."
https://waterbalancetools.com/reference/vacation-rental-maintenance-schedule,reference/vacation-rental-maintenance-schedule.html,231,ADSENSE_READY,"word_count=231, overall_quality_score=2.2."
https://waterbalancetools.com/reference/water-balance-checklist,reference/water-balance-checklist.html,231,ADSENSE_READY,"word_count=231, overall_quality_score=2."
https://waterbalancetools.com/reference/water-replacement-guidelines,reference/water-replacement-guidelines.html,245,ADSENSE_READY,"word_count=245, overall_quality_score=2.2."
https://waterbalancetools.com/releases/1.0.0,releases/1.0.0.html,206,ADSENSE_REVIEW,"overall_quality_score=1.6, repetition_score=0 -- templated/repetitive content pattern."
https://waterbalancetools.com/releases/1.1.0,releases/1.1.0.html,189,ADSENSE_REVIEW,"overall_quality_score=1.5, repetition_score=0 -- templated/repetitive content pattern."
https://waterbalancetools.com/releases/compatibility,releases/compatibility.html,60,ADSENSE_RISK,word_count=60 (<150) -- thin content risk under Google Publisher Policies.
https://waterbalancetools.com/releases/,releases/index.html,40,ADSENSE_RISK,word_count=40 (<150) -- thin content risk under Google Publisher Policies.
https://waterbalancetools.com/reports/accessibility,reports/accessibility.html,71,ADSENSE_RISK,"page_type=internal-dashboard: internal tooling / error page, not real user content."
https://waterbalancetools.com/reports/ai-readiness,reports/ai-readiness.html,81,ADSENSE_RISK,"page_type=internal-dashboard: internal tooling / error page, not real user content."
https://waterbalancetools.com/reports/architecture,reports/architecture.html,114,ADSENSE_RISK,"page_type=internal-dashboard: internal tooling / error page, not real user content."
https://waterbalancetools.com/reports/calculators,reports/calculators.html,64,ADSENSE_RISK,"page_type=internal-dashboard: internal tooling / error page, not real user content."
https://waterbalancetools.com/reports/content,reports/content.html,134,ADSENSE_RISK,"page_type=internal-dashboard: internal tooling / error page, not real user content."
https://waterbalancetools.com/reports/datasets,reports/datasets.html,59,ADSENSE_RISK,"page_type=internal-dashboard: internal tooling / error page, not real user content."
https://waterbalancetools.com/reports/entities,reports/entities.html,64,ADSENSE_RISK,"page_type=internal-dashboard: internal tooling / error page, not real user content."
https://waterbalancetools.com/reports/indexing-intelligence,reports/indexing-intelligence.html,83,ADSENSE_RISK,"page_type=internal-dashboard: internal tooling / error page, not real user content."
https://waterbalancetools.com/reports/links,reports/links.html,101,ADSENSE_RISK,"page_type=internal-dashboard: internal tooling / error page, not real user content."
https://waterbalancetools.com/reports/mobile,reports/mobile.html,90,ADSENSE_RISK,"page_type=internal-dashboard: internal tooling / error page, not real user content."
https://waterbalancetools.com/reports/performance,reports/performance.html,72,ADSENSE_RISK,"page_type=internal-dashboard: internal tooling / error page, not real user content."
https://waterbalancetools.com/reports/schema,reports/schema.html,53,ADSENSE_RISK,"page_type=internal-dashboard: internal tooling / error page, not real user content."
https://waterbalancetools.com/reports/seo,reports/seo.html,107,ADSENSE_RISK,"page_type=internal-dashboard: internal tooling / error page, not real user content."
https://waterbalancetools.com/resources/airbnb-pool-turnover-checklist,resources/airbnb-pool-turnover-checklist.html,226,ADSENSE_READY,"word_count=226, overall_quality_score=2."
https://waterbalancetools.com/resources/hot-tub-maintenance-log,resources/hot-tub-maintenance-log.html,128,ADSENSE_RISK,word_count=128 (<150) -- thin content risk under Google Publisher Policies.
https://waterbalancetools.com/resources/,resources/index.html,308,ADSENSE_READY,"word_count=308, overall_quality_score=2.1."
https://waterbalancetools.com/resources/pool-chemical-log-sheet,resources/pool-chemical-log-sheet.html,141,ADSENSE_RISK,word_count=141 (<150) -- thin content risk under Google Publisher Policies.
https://waterbalancetools.com/resources/pool-closing-checklist,resources/pool-closing-checklist.html,239,ADSENSE_READY,"word_count=239, overall_quality_score=2."
https://waterbalancetools.com/resources/pool-maintenance-checklist,resources/pool-maintenance-checklist.html,228,ADSENSE_READY,"word_count=228, overall_quality_score=2."
https://waterbalancetools.com/resources/pool-opening-checklist,resources/pool-opening-checklist.html,254,ADSENSE_READY,"word_count=254, overall_quality_score=2."
https://waterbalancetools.com/resources/pool-shock-log,resources/pool-shock-log.html,143,ADSENSE_RISK,word_count=143 (<150) -- thin content risk under Google Publisher Policies.
https://waterbalancetools.com/resources/water-test-log,resources/water-test-log.html,140,ADSENSE_RISK,word_count=140 (<150) -- thin content risk under Google Publisher Policies.
https://waterbalancetools.com/revisions/,revisions/index.html,178,ADSENSE_READY,"word_count=178, overall_quality_score=2."
https://waterbalancetools.com/salt-water-pool-chemical-levels-chart,salt-water-pool-chemical-levels-chart.html,419,ADSENSE_READY,"word_count=419, overall_quality_score=2.7."
https://waterbalancetools.com/search/,search/index.html,10,ADSENSE_RISK,word_count=10 (<150) -- thin content risk under Google Publisher Policies.
https://waterbalancetools.com/tools/,tools/index.html,353,ADSENSE_READY,"word_count=353, overall_quality_score=1.7."
