url,file_path,images_total,images_missing_alt,heading_level_skip,issues
https://waterbalancetools.com/404,404.html,1,0,false,none
https://waterbalancetools.com/about/,about/index.html,1,0,false,none
https://waterbalancetools.com/academy/equipment/automatic-chlorinators,academy/equipment/automatic-chlorinators.html,1,0,false,none
https://waterbalancetools.com/academy/equipment/,academy/equipment/index.html,1,0,false,none
https://waterbalancetools.com/academy/equipment/pool-filters,academy/equipment/pool-filters.html,1,0,false,none
https://waterbalancetools.com/academy/equipment/pool-pumps,academy/equipment/pool-pumps.html,1,0,false,none
https://waterbalancetools.com/academy/equipment/pool-skimmers,academy/equipment/pool-skimmers.html,1,0,false,none
https://waterbalancetools.com/academy/equipment/salt-systems,academy/equipment/salt-systems.html,1,0,false,none
https://waterbalancetools.com/academy/equipment/sand-vs-cartridge-filters,academy/equipment/sand-vs-cartridge-filters.html,1,0,false,none
https://waterbalancetools.com/academy/fundamentals/how-temperature-changes-water-chemistry,academy/fundamentals/how-temperature-changes-water-chemistry.html,1,0,false,none
https://waterbalancetools.com/academy/fundamentals/how-water-balance-works,academy/fundamentals/how-water-balance-works.html,1,0,false,none
https://waterbalancetools.com/academy/fundamentals/,academy/fundamentals/index.html,1,0,false,none
https://waterbalancetools.com/academy/fundamentals/indoor-pool-chemistry,academy/fundamentals/indoor-pool-chemistry.html,1,0,false,none
https://waterbalancetools.com/academy/fundamentals/pool-vs-hot-tub-chemistry,academy/fundamentals/pool-vs-hot-tub-chemistry.html,1,0,false,none
https://waterbalancetools.com/academy/fundamentals/the-four-core-water-tests,academy/fundamentals/the-four-core-water-tests.html,1,0,false,none
https://waterbalancetools.com/academy/fundamentals/understanding-pool-water-chemistry,academy/fundamentals/understanding-pool-water-chemistry.html,1,0,false,none
https://waterbalancetools.com/academy/fundamentals/why-water-testing-matters,academy/fundamentals/why-water-testing-matters.html,1,0,false,none
https://waterbalancetools.com/academy/hot-tubs/daily-spa-maintenance,academy/hot-tubs/daily-spa-maintenance.html,1,0,false,none
https://waterbalancetools.com/academy/hot-tubs/,academy/hot-tubs/index.html,1,0,false,none
https://waterbalancetools.com/academy/hot-tubs/monthly-spa-maintenance,academy/hot-tubs/monthly-spa-maintenance.html,1,0,false,none
https://waterbalancetools.com/academy/hot-tubs/refilling-your-hot-tub,academy/hot-tubs/refilling-your-hot-tub.html,1,0,false,none
https://waterbalancetools.com/academy/hot-tubs/shock-after-heavy-use,academy/hot-tubs/shock-after-heavy-use.html,1,0,false,none
https://waterbalancetools.com/academy/hot-tubs/weekly-spa-maintenance,academy/hot-tubs/weekly-spa-maintenance.html,1,0,false,none
https://waterbalancetools.com/academy/hot-tubs/winter-spa-care,academy/hot-tubs/winter-spa-care.html,1,0,false,none
https://waterbalancetools.com/academy/,academy/index.html,1,0,false,none
https://waterbalancetools.com/academy/sanitizers/breakpoint-chlorination,academy/sanitizers/breakpoint-chlorination.html,1,0,false,none
https://waterbalancetools.com/academy/sanitizers/bromine-vs-chlorine,academy/sanitizers/bromine-vs-chlorine.html,1,0,false,none
https://waterbalancetools.com/academy/sanitizers/combined-chlorine-explained,academy/sanitizers/combined-chlorine-explained.html,1,0,false,none
https://waterbalancetools.com/academy/sanitizers/,academy/sanitizers/index.html,1,0,false,none
https://waterbalancetools.com/academy/sanitizers/liquid-chlorine-vs-tablets,academy/sanitizers/liquid-chlorine-vs-tablets.html,1,0,false,none
https://waterbalancetools.com/academy/sanitizers/shock-treatments-explained,academy/sanitizers/shock-treatments-explained.html,1,0,false,none
https://waterbalancetools.com/academy/sanitizers/understanding-free-chlorine,academy/sanitizers/understanding-free-chlorine.html,1,0,false,none
https://waterbalancetools.com/academy/testing/common-testing-mistakes,academy/testing/common-testing-mistakes.html,1,0,false,none
https://waterbalancetools.com/academy/testing/digital-pool-testers,academy/testing/digital-pool-testers.html,1,0,false,none
https://waterbalancetools.com/academy/testing/how-often-to-test-water,academy/testing/how-often-to-test-water.html,1,0,false,none
https://waterbalancetools.com/academy/testing/,academy/testing/index.html,1,0,false,none
https://waterbalancetools.com/academy/testing/understanding-test-results,academy/testing/understanding-test-results.html,1,0,false,none
https://waterbalancetools.com/academy/testing/using-liquid-test-kits,academy/testing/using-liquid-test-kits.html,1,0,false,none
https://waterbalancetools.com/academy/testing/using-test-strips,academy/testing/using-test-strips.html,1,0,false,none
https://waterbalancetools.com/academy/troubleshooting/cloudy-water,academy/troubleshooting/cloudy-water.html,1,0,false,none
https://waterbalancetools.com/academy/troubleshooting/corrosion,academy/troubleshooting/corrosion.html,1,0,false,none
https://waterbalancetools.com/academy/troubleshooting/foaming-hot-tubs,academy/troubleshooting/foaming-hot-tubs.html,1,0,false,none
https://waterbalancetools.com/academy/troubleshooting/green-water,academy/troubleshooting/green-water.html,1,0,false,none
https://waterbalancetools.com/academy/troubleshooting/,academy/troubleshooting/index.html,1,0,false,none
https://waterbalancetools.com/academy/troubleshooting/scaling,academy/troubleshooting/scaling.html,1,0,false,none
https://waterbalancetools.com/academy/troubleshooting/strong-chlorine-smell,academy/troubleshooting/strong-chlorine-smell.html,1,0,false,none
https://waterbalancetools.com/academy/vacation-rentals/chemical-log-sheets,academy/vacation-rentals/chemical-log-sheets.html,1,0,false,none
https://waterbalancetools.com/academy/vacation-rentals/emergency-water-recovery,academy/vacation-rentals/emergency-water-recovery.html,1,0,false,none
https://waterbalancetools.com/academy/vacation-rentals/guest-safety,academy/vacation-rentals/guest-safety.html,1,0,false,none
https://waterbalancetools.com/academy/vacation-rentals/,academy/vacation-rentals/index.html,1,0,false,none
https://waterbalancetools.com/academy/vacation-rentals/maintenance-schedule,academy/vacation-rentals/maintenance-schedule.html,1,0,false,none
https://waterbalancetools.com/academy/vacation-rentals/turnover-checklist,academy/vacation-rentals/turnover-checklist.html,1,0,false,none
https://waterbalancetools.com/academy/vacation-rentals/weekly-inspection,academy/vacation-rentals/weekly-inspection.html,1,0,false,none
https://waterbalancetools.com/academy/water-balance/,academy/water-balance/index.html,1,0,false,none
https://waterbalancetools.com/academy/water-balance/understanding-calcium-hardness,academy/water-balance/understanding-calcium-hardness.html,1,0,false,none
https://waterbalancetools.com/academy/water-balance/understanding-cyanuric-acid,academy/water-balance/understanding-cyanuric-acid.html,1,0,false,none
https://waterbalancetools.com/academy/water-balance/understanding-lsi,academy/water-balance/understanding-lsi.html,1,0,false,none
https://waterbalancetools.com/academy/water-balance/understanding-ph,academy/water-balance/understanding-ph.html,1,0,false,none
https://waterbalancetools.com/academy/water-balance/understanding-total-alkalinity,academy/water-balance/understanding-total-alkalinity.html,1,0,false,none
https://waterbalancetools.com/academy/water-balance/water-balance-order,academy/water-balance/water-balance-order.html,1,0,false,none
https://waterbalancetools.com/all-pages,all-pages.html,1,0,false,none
https://waterbalancetools.com/audit/google/authority-flow,audit/google/authority-flow.html,0,0,false,none
https://waterbalancetools.com/audit/google/crawl-depth,audit/google/crawl-depth.html,0,0,false,none
https://waterbalancetools.com/audit/google/freshness,audit/google/freshness.html,0,0,false,none
https://waterbalancetools.com/audit/google/,audit/google/index.html,0,0,false,none
https://waterbalancetools.com/audit/google/priority-report,audit/google/priority-report.html,0,0,false,none
https://waterbalancetools.com/audit/google/search-console-helper,audit/google/search-console-helper.html,0,0,false,none
https://waterbalancetools.com/audit/google/weak-pages,audit/google/weak-pages.html,0,0,false,none
https://waterbalancetools.com/calculators/chemical-calculator,calculators/chemical-calculator.html,1,0,false,none
https://waterbalancetools.com/calculators/hot-tub-chlorine-calculator,calculators/hot-tub-chlorine-calculator.html,1,0,false,none
https://waterbalancetools.com/calculators/hot-tub-ph-calculator,calculators/hot-tub-ph-calculator.html,1,0,false,none
https://waterbalancetools.com/calculators/hot-tub-shock-calculator,calculators/hot-tub-shock-calculator.html,1,0,false,none
https://waterbalancetools.com/calculators/,calculators/index.html,1,0,false,none
https://waterbalancetools.com/calculators/pool-alkalinity-calculator,calculators/pool-alkalinity-calculator.html,1,0,false,none
https://waterbalancetools.com/calculators/pool-chlorine-calculator,calculators/pool-chlorine-calculator.html,1,0,false,none
https://waterbalancetools.com/calculators/pool-cyanuric-acid-calculator,calculators/pool-cyanuric-acid-calculator.html,1,0,false,none
https://waterbalancetools.com/calculators/pool-ph-calculator,calculators/pool-ph-calculator.html,1,0,false,none
https://waterbalancetools.com/calculators/pool-shock-calculator,calculators/pool-shock-calculator.html,1,0,false,none
https://waterbalancetools.com/calculators/pool-turnover-rate-calculator,calculators/pool-turnover-rate-calculator.html,1,0,false,none
https://waterbalancetools.com/calculators/pool-volume-calculator,calculators/pool-volume-calculator.html,1,0,false,none
https://waterbalancetools.com/calculators/saltwater-pool-salt-calculator,calculators/saltwater-pool-salt-calculator.html,1,0,false,none
https://waterbalancetools.com/calculators/spa-volume-calculator,calculators/spa-volume-calculator.html,1,0,false,none
https://waterbalancetools.com/calculators/volume-calculator,calculators/volume-calculator.html,1,0,false,none
https://waterbalancetools.com/charts/hot-tub-chemical-levels-chart,charts/hot-tub-chemical-levels-chart.html,1,0,false,none
https://waterbalancetools.com/charts/,charts/index.html,1,0,false,none
https://waterbalancetools.com/charts/pool-chemical-levels-chart,charts/pool-chemical-levels-chart.html,1,0,false,none
https://waterbalancetools.com/charts/pool-water-balance-chart,charts/pool-water-balance-chart.html,1,0,false,none
https://waterbalancetools.com/comparisons/chlorine-vs-bromine-hot-tub,comparisons/chlorine-vs-bromine-hot-tub.html,1,0,false,none
https://waterbalancetools.com/comparisons/chlorine-vs-bromine,comparisons/chlorine-vs-bromine.html,1,0,false,none
https://waterbalancetools.com/comparisons/free-chlorine-vs-total-chlorine,comparisons/free-chlorine-vs-total-chlorine.html,1,0,false,none
https://waterbalancetools.com/comparisons/,comparisons/index.html,1,0,false,none
https://waterbalancetools.com/comparisons/liquid-chlorine-vs-tablets,comparisons/liquid-chlorine-vs-tablets.html,1,0,false,none
https://waterbalancetools.com/comparisons/pool-shock-vs-chlorine,comparisons/pool-shock-vs-chlorine.html,1,0,false,none
https://waterbalancetools.com/comparisons/salt-water-pool-vs-chlorine-pool,comparisons/salt-water-pool-vs-chlorine-pool.html,1,0,false,none
https://waterbalancetools.com/comparisons/saltwater-pool-vs-chlorine,comparisons/saltwater-pool-vs-chlorine.html,1,0,false,none
https://waterbalancetools.com/editorial/content-standards/,editorial/content-standards/index.html,0,0,false,none
https://waterbalancetools.com/editorial/correction-policy/,editorial/correction-policy/index.html,0,0,false,none
https://waterbalancetools.com/editorial/editorial-policy/,editorial/editorial-policy/index.html,0,0,false,none
https://waterbalancetools.com/editorial/,editorial/index.html,0,0,false,none
https://waterbalancetools.com/editorial/review-process/,editorial/review-process/index.html,0,0,false,none
https://waterbalancetools.com/editorial/update-policy/,editorial/update-policy/index.html,0,0,false,none
https://waterbalancetools.com/entities/algae,entities/algae.html,1,0,false,none
https://waterbalancetools.com/entities/alkalinity,entities/alkalinity.html,1,0,false,none
https://waterbalancetools.com/entities/automatic-chlorinator,entities/automatic-chlorinator.html,1,0,false,none
https://waterbalancetools.com/entities/backwashing,entities/backwashing.html,1,0,false,none
https://waterbalancetools.com/entities/baking-soda,entities/baking-soda.html,1,0,false,none
https://waterbalancetools.com/entities/balancing,entities/balancing.html,1,0,false,none
https://waterbalancetools.com/entities/biguanide,entities/biguanide.html,1,0,false,none
https://waterbalancetools.com/entities/breakpoint-chlorination,entities/breakpoint-chlorination.html,1,0,false,none
https://waterbalancetools.com/entities/bromine,entities/bromine.html,1,0,false,none
https://waterbalancetools.com/entities/calcium-chloride,entities/calcium-chloride.html,1,0,false,none
https://waterbalancetools.com/entities/calcium-hardness,entities/calcium-hardness.html,1,0,false,none
https://waterbalancetools.com/entities/calcium-hypochlorite,entities/calcium-hypochlorite.html,1,0,false,none
https://waterbalancetools.com/entities/cartridge-filter,entities/cartridge-filter.html,1,0,false,none
https://waterbalancetools.com/entities/cdc,entities/cdc.html,1,0,false,none
https://waterbalancetools.com/entities/chemical-feeder,entities/chemical-feeder.html,1,0,false,none
https://waterbalancetools.com/entities/chemical-log,entities/chemical-log.html,1,0,false,none
https://waterbalancetools.com/entities/closing-checklist,entities/closing-checklist.html,1,0,false,none
https://waterbalancetools.com/entities/cloudy-water,entities/cloudy-water.html,1,0,false,none
https://waterbalancetools.com/entities/combined-chlorine,entities/combined-chlorine.html,1,0,false,none
https://waterbalancetools.com/entities/commercial-pool,entities/commercial-pool.html,1,0,false,none
https://waterbalancetools.com/entities/concrete-pool,entities/concrete-pool.html,1,0,false,none
https://waterbalancetools.com/entities/copper,entities/copper.html,1,0,false,none
https://waterbalancetools.com/entities/corrosion,entities/corrosion.html,1,0,false,none
https://waterbalancetools.com/entities/cover,entities/cover.html,1,0,false,none
https://waterbalancetools.com/entities/cyanuric-acid,entities/cyanuric-acid.html,1,0,false,none
https://waterbalancetools.com/entities/de-filter,entities/de-filter.html,1,0,false,none
https://waterbalancetools.com/entities/emergency-reference,entities/emergency-reference.html,1,0,false,none
https://waterbalancetools.com/entities/epa,entities/epa.html,1,0,false,none
https://waterbalancetools.com/entities/eye-irritation,entities/eye-irritation.html,1,0,false,none
https://waterbalancetools.com/entities/fiberglass-pool,entities/fiberglass-pool.html,1,0,false,none
https://waterbalancetools.com/entities/filtration,entities/filtration.html,1,0,false,none
https://waterbalancetools.com/entities/flow-rate,entities/flow-rate.html,1,0,false,none
https://waterbalancetools.com/entities/foaming,entities/foaming.html,1,0,false,none
https://waterbalancetools.com/entities/free-chlorine,entities/free-chlorine.html,1,0,false,none
https://waterbalancetools.com/entities/gallons,entities/gallons.html,1,0,false,none
https://waterbalancetools.com/entities/green-water,entities/green-water.html,1,0,false,none
https://waterbalancetools.com/entities/heater,entities/heater.html,1,0,false,none
https://waterbalancetools.com/entities/high-chlorine,entities/high-chlorine.html,1,0,false,none
https://waterbalancetools.com/entities/high-ph,entities/high-ph.html,1,0,false,none
https://waterbalancetools.com/entities/hot-tub,entities/hot-tub.html,1,0,false,none
https://waterbalancetools.com/entities/hydrogen-peroxide,entities/hydrogen-peroxide.html,1,0,false,none
https://waterbalancetools.com/entities/,entities/index.html,1,0,false,none
https://waterbalancetools.com/entities/indoor-pool,entities/indoor-pool.html,1,0,false,none
https://waterbalancetools.com/entities/iron,entities/iron.html,1,0,false,none
https://waterbalancetools.com/entities/lamotte,entities/lamotte.html,1,0,false,none
https://waterbalancetools.com/entities/liquid-chlorine,entities/liquid-chlorine.html,1,0,false,none
https://waterbalancetools.com/entities/liters,entities/liters.html,1,0,false,none
https://waterbalancetools.com/entities/low-chlorine,entities/low-chlorine.html,1,0,false,none
https://waterbalancetools.com/entities/low-ph,entities/low-ph.html,1,0,false,none
https://waterbalancetools.com/entities/lsi,entities/lsi.html,1,0,false,none
https://waterbalancetools.com/entities/maintenance-checklist,entities/maintenance-checklist.html,1,0,false,none
https://waterbalancetools.com/entities/maintenance-log,entities/maintenance-log.html,1,0,false,none
https://waterbalancetools.com/entities/manganese,entities/manganese.html,1,0,false,none
https://waterbalancetools.com/entities/muriatic-acid,entities/muriatic-acid.html,1,0,false,none
https://waterbalancetools.com/entities/nsf,entities/nsf.html,1,0,false,none
https://waterbalancetools.com/entities/opening-checklist,entities/opening-checklist.html,1,0,false,none
https://waterbalancetools.com/entities/orp,entities/orp.html,1,0,false,none
https://waterbalancetools.com/entities/outdoor-pool,entities/outdoor-pool.html,1,0,false,none
https://waterbalancetools.com/entities/oxidation,entities/oxidation.html,1,0,false,none
https://waterbalancetools.com/entities/ozone,entities/ozone.html,1,0,false,none
https://waterbalancetools.com/entities/ph,entities/ph.html,1,0,false,none
https://waterbalancetools.com/entities/phosphate,entities/phosphate.html,1,0,false,none
https://waterbalancetools.com/entities/phta,entities/phta.html,1,0,false,none
https://waterbalancetools.com/entities/pool-opening,entities/pool-opening.html,1,0,false,none
https://waterbalancetools.com/entities/pool-salt,entities/pool-salt.html,1,0,false,none
https://waterbalancetools.com/entities/ppm,entities/ppm.html,1,0,false,none
https://waterbalancetools.com/entities/pump,entities/pump.html,1,0,false,none
https://waterbalancetools.com/entities/salt-chlorinator,entities/salt-chlorinator.html,1,0,false,none
https://waterbalancetools.com/entities/salt,entities/salt.html,1,0,false,none
https://waterbalancetools.com/entities/saltwater-pool,entities/saltwater-pool.html,1,0,false,none
https://waterbalancetools.com/entities/sand-filter,entities/sand-filter.html,1,0,false,none
https://waterbalancetools.com/entities/sanitizing,entities/sanitizing.html,1,0,false,none
https://waterbalancetools.com/entities/scaling,entities/scaling.html,1,0,false,none
https://waterbalancetools.com/entities/shock-treatment,entities/shock-treatment.html,1,0,false,none
https://waterbalancetools.com/entities/skimmer,entities/skimmer.html,1,0,false,none
https://waterbalancetools.com/entities/skin-irritation,entities/skin-irritation.html,1,0,false,none
https://waterbalancetools.com/entities/soda-ash,entities/soda-ash.html,1,0,false,none
https://waterbalancetools.com/entities/sodium-dichlor,entities/sodium-dichlor.html,1,0,false,none
https://waterbalancetools.com/entities/stabilizer,entities/stabilizer.html,1,0,false,none
https://waterbalancetools.com/entities/strong-chlorine-smell,entities/strong-chlorine-smell.html,1,0,false,none
https://waterbalancetools.com/entities/swim-spa,entities/swim-spa.html,1,0,false,none
https://waterbalancetools.com/entities/swimming-pool,entities/swimming-pool.html,1,0,false,none
https://waterbalancetools.com/entities/taylor-technologies,entities/taylor-technologies.html,1,0,false,none
https://waterbalancetools.com/entities/temperature,entities/temperature.html,1,0,false,none
https://waterbalancetools.com/entities/testing,entities/testing.html,1,0,false,none
https://waterbalancetools.com/entities/total-chlorine,entities/total-chlorine.html,1,0,false,none
https://waterbalancetools.com/entities/total-dissolved-solids,entities/total-dissolved-solids.html,1,0,false,none
https://waterbalancetools.com/entities/trichlor-tablets,entities/trichlor-tablets.html,1,0,false,none
https://waterbalancetools.com/entities/turnover-time,entities/turnover-time.html,1,0,false,none
https://waterbalancetools.com/entities/unit-celsius,entities/unit-celsius.html,1,0,false,none
https://waterbalancetools.com/entities/unit-days,entities/unit-days.html,1,0,false,none
https://waterbalancetools.com/entities/unit-fahrenheit,entities/unit-fahrenheit.html,1,0,false,none
https://waterbalancetools.com/entities/unit-gallons,entities/unit-gallons.html,1,0,false,none
https://waterbalancetools.com/entities/unit-hours,entities/unit-hours.html,1,0,false,none
https://waterbalancetools.com/entities/unit-liters,entities/unit-liters.html,1,0,false,none
https://waterbalancetools.com/entities/unit-mg-l,entities/unit-mg-l.html,1,0,false,none
https://waterbalancetools.com/entities/unit-minutes,entities/unit-minutes.html,1,0,false,none
https://waterbalancetools.com/entities/unit-months,entities/unit-months.html,1,0,false,none
https://waterbalancetools.com/entities/unit-ppm,entities/unit-ppm.html,1,0,false,none
https://waterbalancetools.com/entities/unit-weeks,entities/unit-weeks.html,1,0,false,none
https://waterbalancetools.com/entities/vacation-rental-checklist,entities/vacation-rental-checklist.html,1,0,false,none
https://waterbalancetools.com/entities/vinyl-pool,entities/vinyl-pool.html,1,0,false,none
https://waterbalancetools.com/entities/water-replacement,entities/water-replacement.html,1,0,false,none
https://waterbalancetools.com/entities/water-test-sheet,entities/water-test-sheet.html,1,0,false,none
https://waterbalancetools.com/entities/winterization,entities/winterization.html,1,0,false,none
https://waterbalancetools.com/formulas/alkalinity-formula,formulas/alkalinity-formula.html,1,0,false,none
https://waterbalancetools.com/formulas/cya-formula,formulas/cya-formula.html,1,0,false,none
https://waterbalancetools.com/formulas/,formulas/index.html,1,0,false,none
https://waterbalancetools.com/formulas/liquid-chlorine-formula,formulas/liquid-chlorine-formula.html,1,0,false,none
https://waterbalancetools.com/formulas/lsi-formula,formulas/lsi-formula.html,1,0,false,none
https://waterbalancetools.com/formulas/ph-adjustment-formula,formulas/ph-adjustment-formula.html,1,0,false,none
https://waterbalancetools.com/formulas/pool-volume-formula,formulas/pool-volume-formula.html,1,0,false,none
https://waterbalancetools.com/formulas/salt-formula,formulas/salt-formula.html,1,0,false,none
https://waterbalancetools.com/formulas/shock-formula,formulas/shock-formula.html,1,0,false,none
https://waterbalancetools.com/formulas/turnover-formula,formulas/turnover-formula.html,1,0,false,none
https://waterbalancetools.com/glossary/aggressive-water,glossary/aggressive-water.html,1,0,false,none
https://waterbalancetools.com/glossary/algae-bloom,glossary/algae-bloom.html,1,0,false,none
https://waterbalancetools.com/glossary/algaecide,glossary/algaecide.html,1,0,false,none
https://waterbalancetools.com/glossary/ammonia,glossary/ammonia.html,1,0,false,none
https://waterbalancetools.com/glossary/backwashing,glossary/backwashing.html,1,0,false,none
https://waterbalancetools.com/glossary/bather-load,glossary/bather-load.html,1,0,false,none
https://waterbalancetools.com/glossary/bcdmh,glossary/bcdmh.html,1,0,false,none
https://waterbalancetools.com/glossary/bicarbonate-alkalinity,glossary/bicarbonate-alkalinity.html,1,0,false,none
https://waterbalancetools.com/glossary/biofilm,glossary/biofilm.html,1,0,false,none
https://waterbalancetools.com/glossary/black-algae,glossary/black-algae.html,1,0,false,none
https://waterbalancetools.com/glossary/breakpoint-chlorination,glossary/breakpoint-chlorination.html,1,0,false,none
https://waterbalancetools.com/glossary/breakpoint-dose,glossary/breakpoint-dose.html,1,0,false,none
https://waterbalancetools.com/glossary/bromine,glossary/bromine.html,1,0,false,none
https://waterbalancetools.com/glossary/calcium-hardness,glossary/calcium-hardness.html,1,0,false,none
https://waterbalancetools.com/glossary/calcium-hypochlorite,glossary/calcium-hypochlorite.html,1,0,false,none
https://waterbalancetools.com/glossary/carbon-dioxide,glossary/carbon-dioxide.html,1,0,false,none
https://waterbalancetools.com/glossary/cartridge-filter,glossary/cartridge-filter.html,1,0,false,none
https://waterbalancetools.com/glossary/chemical-compatibility,glossary/chemical-compatibility.html,1,0,false,none
https://waterbalancetools.com/glossary/chemical-log,glossary/chemical-log.html,1,0,false,none
https://waterbalancetools.com/glossary/chemical-storage,glossary/chemical-storage.html,1,0,false,none
https://waterbalancetools.com/glossary/chloramine,glossary/chloramine.html,1,0,false,none
https://waterbalancetools.com/glossary/chlorine-demand,glossary/chlorine-demand.html,1,0,false,none
https://waterbalancetools.com/glossary/chlorine-stabilizer,glossary/chlorine-stabilizer.html,1,0,false,none
https://waterbalancetools.com/glossary/clarifier,glossary/clarifier.html,1,0,false,none
https://waterbalancetools.com/glossary/closing-chemical-kit,glossary/closing-chemical-kit.html,1,0,false,none
https://waterbalancetools.com/glossary/colorimetric-test,glossary/colorimetric-test.html,1,0,false,none
https://waterbalancetools.com/glossary/combined-chlorine,glossary/combined-chlorine.html,1,0,false,none
https://waterbalancetools.com/glossary/conductivity,glossary/conductivity.html,1,0,false,none
https://waterbalancetools.com/glossary/copper,glossary/copper.html,1,0,false,none
https://waterbalancetools.com/glossary/cyanuric-acid,glossary/cyanuric-acid.html,1,0,false,none
https://waterbalancetools.com/glossary/de-filter,glossary/de-filter.html,1,0,false,none
https://waterbalancetools.com/glossary/dead-algae,glossary/dead-algae.html,1,0,false,none
https://waterbalancetools.com/glossary/dichlor,glossary/dichlor.html,1,0,false,none
https://waterbalancetools.com/glossary/dilution,glossary/dilution.html,1,0,false,none
https://waterbalancetools.com/glossary/dpd-test,glossary/dpd-test.html,1,0,false,none
https://waterbalancetools.com/glossary/evaporation,glossary/evaporation.html,1,0,false,none
https://waterbalancetools.com/glossary/filter-pressure,glossary/filter-pressure.html,1,0,false,none
https://waterbalancetools.com/glossary/flocculant,glossary/flocculant.html,1,0,false,none
https://waterbalancetools.com/glossary/free-chlorine,glossary/free-chlorine.html,1,0,false,none
https://waterbalancetools.com/glossary/gpm,glossary/gpm.html,1,0,false,none
https://waterbalancetools.com/glossary/green-algae,glossary/green-algae.html,1,0,false,none
https://waterbalancetools.com/glossary/hypochlorous-acid,glossary/hypochlorous-acid.html,1,0,false,none
https://waterbalancetools.com/glossary/,glossary/index.html,1,0,false,none
https://waterbalancetools.com/glossary/iron,glossary/iron.html,1,0,false,none
https://waterbalancetools.com/glossary/langelier-saturation-index,glossary/langelier-saturation-index.html,1,0,false,none
https://waterbalancetools.com/glossary/main-drain,glossary/main-drain.html,1,0,false,none
https://waterbalancetools.com/glossary/metal-sequestrant,glossary/metal-sequestrant.html,1,0,false,none
https://waterbalancetools.com/glossary/multiport-valve,glossary/multiport-valve.html,1,0,false,none
https://waterbalancetools.com/glossary/muriatic-acid,glossary/muriatic-acid.html,1,0,false,none
https://waterbalancetools.com/glossary/mustard-algae,glossary/mustard-algae.html,1,0,false,none
https://waterbalancetools.com/glossary/opening-chemical-kit,glossary/opening-chemical-kit.html,1,0,false,none
https://waterbalancetools.com/glossary/orp,glossary/orp.html,1,0,false,none
https://waterbalancetools.com/glossary/oto-test,glossary/oto-test.html,1,0,false,none
https://waterbalancetools.com/glossary/oxidizer,glossary/oxidizer.html,1,0,false,none
https://waterbalancetools.com/glossary/ozone,glossary/ozone.html,1,0,false,none
https://waterbalancetools.com/glossary/partial-drain,glossary/partial-drain.html,1,0,false,none
https://waterbalancetools.com/glossary/parts-per-million,glossary/parts-per-million.html,1,0,false,none
https://waterbalancetools.com/glossary/ph-bounce,glossary/ph-bounce.html,1,0,false,none
https://waterbalancetools.com/glossary/ph-increaser,glossary/ph-increaser.html,1,0,false,none
https://waterbalancetools.com/glossary/ph,glossary/ph.html,1,0,false,none
https://waterbalancetools.com/glossary/phosphates,glossary/phosphates.html,1,0,false,none
https://waterbalancetools.com/glossary/pink-slime,glossary/pink-slime.html,1,0,false,none
https://waterbalancetools.com/glossary/pool-chemistry-reference,glossary/pool-chemistry-reference.html,1,0,false,none
https://waterbalancetools.com/glossary/pool-maintenance-schedule,glossary/pool-maintenance-schedule.html,1,0,false,none
https://waterbalancetools.com/glossary/pool-pump,glossary/pool-pump.html,1,0,false,none
https://waterbalancetools.com/glossary/pool-safety-equipment,glossary/pool-safety-equipment.html,1,0,false,none
https://waterbalancetools.com/glossary/pool-shock-schedule,glossary/pool-shock-schedule.html,1,0,false,none
https://waterbalancetools.com/glossary/pool-turnover-rate,glossary/pool-turnover-rate.html,1,0,false,none
https://waterbalancetools.com/glossary/pool-volume-reference,glossary/pool-volume-reference.html,1,0,false,none
https://waterbalancetools.com/glossary/pool-volume,glossary/pool-volume.html,1,0,false,none
https://waterbalancetools.com/glossary/pressure-gauge,glossary/pressure-gauge.html,1,0,false,none
https://waterbalancetools.com/glossary/pump-turnover,glossary/pump-turnover.html,1,0,false,none
https://waterbalancetools.com/glossary/reagent,glossary/reagent.html,1,0,false,none
https://waterbalancetools.com/glossary/return-jet,glossary/return-jet.html,1,0,false,none
https://waterbalancetools.com/glossary/salt-chlorination,glossary/salt-chlorination.html,1,0,false,none
https://waterbalancetools.com/glossary/sand-filter,glossary/sand-filter.html,1,0,false,none
https://waterbalancetools.com/glossary/sanitizer,glossary/sanitizer.html,1,0,false,none
https://waterbalancetools.com/glossary/saturated-ph,glossary/saturated-ph.html,1,0,false,none
https://waterbalancetools.com/glossary/saturation-index,glossary/saturation-index.html,1,0,false,none
https://waterbalancetools.com/glossary/scale-inhibitor,glossary/scale-inhibitor.html,1,0,false,none
https://waterbalancetools.com/glossary/scaling-water,glossary/scaling-water.html,1,0,false,none
https://waterbalancetools.com/glossary/shock-dosage,glossary/shock-dosage.html,1,0,false,none
https://waterbalancetools.com/glossary/shock,glossary/shock.html,1,0,false,none
https://waterbalancetools.com/glossary/skimmer,glossary/skimmer.html,1,0,false,none
https://waterbalancetools.com/glossary/sodium-bicarbonate,glossary/sodium-bicarbonate.html,1,0,false,none
https://waterbalancetools.com/glossary/sodium-bisulfate,glossary/sodium-bisulfate.html,1,0,false,none
https://waterbalancetools.com/glossary/sodium-carbonate,glossary/sodium-carbonate.html,1,0,false,none
https://waterbalancetools.com/glossary/sodium-hypochlorite,glossary/sodium-hypochlorite.html,1,0,false,none
https://waterbalancetools.com/glossary/superchlorination,glossary/superchlorination.html,1,0,false,none
https://waterbalancetools.com/glossary/test-strip,glossary/test-strip.html,1,0,false,none
https://waterbalancetools.com/glossary/total-alkalinity,glossary/total-alkalinity.html,1,0,false,none
https://waterbalancetools.com/glossary/total-chlorine,glossary/total-chlorine.html,1,0,false,none
https://waterbalancetools.com/glossary/total-dissolved-solids,glossary/total-dissolved-solids.html,1,0,false,none
https://waterbalancetools.com/glossary/total-hardness,glossary/total-hardness.html,1,0,false,none
https://waterbalancetools.com/glossary/trichlor,glossary/trichlor.html,1,0,false,none
https://waterbalancetools.com/glossary/turbidity,glossary/turbidity.html,1,0,false,none
https://waterbalancetools.com/glossary/uv-sanitization,glossary/uv-sanitization.html,1,0,false,none
https://waterbalancetools.com/glossary/water-balance-checklist,glossary/water-balance-checklist.html,1,0,false,none
https://waterbalancetools.com/glossary/water-temperature,glossary/water-temperature.html,1,0,false,none
https://waterbalancetools.com/glossary/water-test-log,glossary/water-test-log.html,1,0,false,none
https://waterbalancetools.com/glossary/winterization,glossary/winterization.html,1,0,false,none
https://waterbalancetools.com/guides/advanced/chlorine-breakdown-sunlight,guides/advanced/chlorine-breakdown-sunlight.html,1,0,false,none
https://waterbalancetools.com/guides/advanced/chlorine-vs-saltwater,guides/advanced/chlorine-vs-saltwater.html,1,0,false,none
https://waterbalancetools.com/guides/advanced/cya-stabilizer-explained,guides/advanced/cya-stabilizer-explained.html,1,0,false,none
https://waterbalancetools.com/guides/advanced/,guides/advanced/index.html,1,0,false,none
https://waterbalancetools.com/guides/advanced/pool-chemistry-balance-explained,guides/advanced/pool-chemistry-balance-explained.html,1,0,false,none
https://waterbalancetools.com/guides/alkalinity-guide,guides/alkalinity-guide.html,1,0,false,none
https://waterbalancetools.com/guides/chlorine-guide,guides/chlorine-guide.html,1,0,false,none
https://waterbalancetools.com/guides/chlorine/chlorine-too-high-after-shocking,guides/chlorine/chlorine-too-high-after-shocking.html,1,0,false,none
https://waterbalancetools.com/guides/chlorine/free-chlorine-vs-total-chlorine,guides/chlorine/free-chlorine-vs-total-chlorine.html,1,0,false,none
https://waterbalancetools.com/guides/chlorine/how-often-should-i-shock-my-pool,guides/chlorine/how-often-should-i-shock-my-pool.html,1,0,false,none
https://waterbalancetools.com/guides/chlorine/,guides/chlorine/index.html,1,0,false,none
https://waterbalancetools.com/guides/chlorine/why-pool-chlorine-disappears-overnight,guides/chlorine/why-pool-chlorine-disappears-overnight.html,1,0,false,none
https://waterbalancetools.com/guides/chlorine/why-pool-wont-hold-chlorine,guides/chlorine/why-pool-wont-hold-chlorine.html,1,0,false,none
https://waterbalancetools.com/guides/edge-cases/evaporation-effect-on-pool-chemistry,guides/edge-cases/evaporation-effect-on-pool-chemistry.html,1,0,false,none
https://waterbalancetools.com/guides/edge-cases/high-cya-chlorine-lock,guides/edge-cases/high-cya-chlorine-lock.html,1,0,false,none
https://waterbalancetools.com/guides/edge-cases/,guides/edge-cases/index.html,1,0,false,none
https://waterbalancetools.com/guides/edge-cases/over-shocking-pool-effects,guides/edge-cases/over-shocking-pool-effects.html,1,0,false,none
https://waterbalancetools.com/guides/edge-cases/pool-temperature-effect-chlorine,guides/edge-cases/pool-temperature-effect-chlorine.html,1,0,false,none
https://waterbalancetools.com/guides/edge-cases/rain-effect-on-pool-chemistry,guides/edge-cases/rain-effect-on-pool-chemistry.html,1,0,false,none
https://waterbalancetools.com/guides/edge-cases/swimming-after-shocking-pool,guides/edge-cases/swimming-after-shocking-pool.html,1,0,false,none
https://waterbalancetools.com/guides/hot-tub-chemistry,guides/hot-tub-chemistry.html,1,0,false,none
https://waterbalancetools.com/guides/hot-tub-maintenance,guides/hot-tub-maintenance.html,1,0,false,none
https://waterbalancetools.com/guides/hot-tub/hot-tub-alkalinity-too-high,guides/hot-tub/hot-tub-alkalinity-too-high.html,1,0,false,none
https://waterbalancetools.com/guides/hot-tub/hot-tub-chlorine-too-high,guides/hot-tub/hot-tub-chlorine-too-high.html,1,0,false,none
https://waterbalancetools.com/guides/hot-tub/hot-tub-chlorine-too-low,guides/hot-tub/hot-tub-chlorine-too-low.html,1,0,false,none
https://waterbalancetools.com/guides/hot-tub/hot-tub-ph-too-low,guides/hot-tub/hot-tub-ph-too-low.html,1,0,false,none
https://waterbalancetools.com/guides/hot-tub/how-often-to-shock-a-hot-tub,guides/hot-tub/how-often-to-shock-a-hot-tub.html,1,0,false,none
https://waterbalancetools.com/guides/hot-tub/,guides/hot-tub/index.html,1,0,false,none
https://waterbalancetools.com/guides/,guides/index.html,1,0,false,none
https://waterbalancetools.com/guides/ph-guide,guides/ph-guide.html,1,0,false,none
https://waterbalancetools.com/guides/ph/can-you-swim-in-high-ph-water,guides/ph/can-you-swim-in-high-ph-water.html,1,0,false,none
https://waterbalancetools.com/guides/ph/does-rain-lower-pool-ph,guides/ph/does-rain-lower-pool-ph.html,1,0,false,none
https://waterbalancetools.com/guides/ph/how-to-lower-pool-ph,guides/ph/how-to-lower-pool-ph.html,1,0,false,none
https://waterbalancetools.com/guides/ph/,guides/ph/index.html,1,0,false,none
https://waterbalancetools.com/guides/ph/what-causes-high-pool-ph,guides/ph/what-causes-high-pool-ph.html,1,0,false,none
https://waterbalancetools.com/guides/ph/why-pool-ph-keeps-rising,guides/ph/why-pool-ph-keeps-rising.html,1,0,false,none
https://waterbalancetools.com/guides/pool-chemistry-basics,guides/pool-chemistry-basics.html,1,0,false,none
https://waterbalancetools.com/guides/questions/can-rain-affect-pool-chemistry,guides/questions/can-rain-affect-pool-chemistry.html,1,0,false,none
https://waterbalancetools.com/guides/questions/can-you-swim-after-shocking-a-pool,guides/questions/can-you-swim-after-shocking-a-pool.html,1,0,false,none
https://waterbalancetools.com/guides/questions/,guides/questions/index.html,1,0,false,none
https://waterbalancetools.com/guides/questions/why-does-hot-tub-water-smell,guides/questions/why-does-hot-tub-water-smell.html,1,0,false,none
https://waterbalancetools.com/guides/questions/why-does-pool-water-turn-cloudy,guides/questions/why-does-pool-water-turn-cloudy.html,1,0,false,none
https://waterbalancetools.com/guides/questions/why-is-my-hot-tub-foamy,guides/questions/why-is-my-hot-tub-foamy.html,1,0,false,none
https://waterbalancetools.com/guides/questions/why-is-my-pool-green-but-chlorine-is-high,guides/questions/why-is-my-pool-green-but-chlorine-is-high.html,1,0,false,none
https://waterbalancetools.com/guides/seasonal/closing-pool-chemistry-winter,guides/seasonal/closing-pool-chemistry-winter.html,1,0,false,none
https://waterbalancetools.com/guides/seasonal/,guides/seasonal/index.html,1,0,false,none
https://waterbalancetools.com/guides/seasonal/opening-pool-chemistry-checklist,guides/seasonal/opening-pool-chemistry-checklist.html,1,0,false,none
https://waterbalancetools.com/guides/seasonal/summer-high-chlorine-demand,guides/seasonal/summer-high-chlorine-demand.html,1,0,false,none
https://waterbalancetools.com/guides/seasonal/winter-pool-maintenance-chemistry,guides/seasonal/winter-pool-maintenance-chemistry.html,1,0,false,none
https://waterbalancetools.com/hot-tub-chemical-levels-chart,hot-tub-chemical-levels-chart.html,1,0,false,none
https://waterbalancetools.com/hot-tub-chlorine-levels-chart,hot-tub-chlorine-levels-chart.html,1,0,false,none
https://waterbalancetools.com/,index.html,1,0,false,none
https://waterbalancetools.com/legal/,legal/index.html,1,0,false,none
https://waterbalancetools.com/legal/legal,legal/legal.html,1,0,false,none
https://waterbalancetools.com/legal/ownership,legal/ownership.html,1,0,false,none
https://waterbalancetools.com/maintenance/how-often-add-chlorine-pool,maintenance/how-often-add-chlorine-pool.html,1,0,false,none
https://waterbalancetools.com/maintenance/how-to-balance-pool-water,maintenance/how-to-balance-pool-water.html,1,0,false,none
https://waterbalancetools.com/maintenance/how-to-fix-cloudy-hot-tub,maintenance/how-to-fix-cloudy-hot-tub.html,1,0,false,none
https://waterbalancetools.com/maintenance/,maintenance/index.html,1,0,false,none
https://waterbalancetools.com/methodology/calculation-assumptions/,methodology/calculation-assumptions/index.html,0,0,false,none
https://waterbalancetools.com/methodology/calculation-methodology/,methodology/calculation-methodology/index.html,0,0,false,none
https://waterbalancetools.com/methodology/confidence-system/,methodology/confidence-system/index.html,0,0,false,none
https://waterbalancetools.com/methodology/formula-selection/,methodology/formula-selection/index.html,0,0,false,none
https://waterbalancetools.com/methodology/,methodology/index.html,0,0,false,none
https://waterbalancetools.com/methodology/known-limitations/,methodology/known-limitations/index.html,0,0,false,none
https://waterbalancetools.com/methodology/precision-policy/,methodology/precision-policy/index.html,0,0,false,none
https://waterbalancetools.com/methodology/rounding-policy/,methodology/rounding-policy/index.html,0,0,false,none
https://waterbalancetools.com/pool-alkalinity-levels-chart,pool-alkalinity-levels-chart.html,1,0,false,none
https://waterbalancetools.com/pool-chemical-levels-chart,pool-chemical-levels-chart.html,1,0,false,none
https://waterbalancetools.com/pool-chemistry-system,pool-chemistry-system.html,1,0,false,none
https://waterbalancetools.com/pool-chlorine-levels-chart,pool-chlorine-levels-chart.html,1,0,false,none
https://waterbalancetools.com/pool-cya-levels-chart,pool-cya-levels-chart.html,1,0,false,none
https://waterbalancetools.com/pool-ph-levels-chart,pool-ph-levels-chart.html,1,0,false,none
https://waterbalancetools.com/printable/maintenance-checklist,printable/maintenance-checklist.html,1,0,false,none
https://waterbalancetools.com/printables/airbnb-pool-turnover-checklist,printables/airbnb-pool-turnover-checklist.html,1,0,false,none
https://waterbalancetools.com/printables/hot-tub-maintenance-log,printables/hot-tub-maintenance-log.html,1,0,false,none
https://waterbalancetools.com/printables/pool-maintenance-checklist,printables/pool-maintenance-checklist.html,1,0,false,none
https://waterbalancetools.com/programmatic/behavior/how-often-to-shock-pool,programmatic/behavior/how-often-to-shock-pool.html,1,0,false,none
https://waterbalancetools.com/programmatic/behavior/how-often-to-test-pool-water,programmatic/behavior/how-often-to-test-pool-water.html,1,0,false,none
https://waterbalancetools.com/programmatic/behavior/,programmatic/behavior/index.html,1,0,false,none
https://waterbalancetools.com/programmatic/behavior/when-to-add-chlorine,programmatic/behavior/when-to-add-chlorine.html,1,0,false,none
https://waterbalancetools.com/programmatic/chlorine/how-much-chlorine-for-10000-gallon-pool,programmatic/chlorine/how-much-chlorine-for-10000-gallon-pool.html,1,0,false,none
https://waterbalancetools.com/programmatic/chlorine/how-much-chlorine-for-12000-gallon-pool,programmatic/chlorine/how-much-chlorine-for-12000-gallon-pool.html,1,0,false,none
https://waterbalancetools.com/programmatic/chlorine/how-much-chlorine-for-15000-gallon-pool,programmatic/chlorine/how-much-chlorine-for-15000-gallon-pool.html,1,0,false,none
https://waterbalancetools.com/programmatic/chlorine/how-much-chlorine-for-18000-gallon-pool,programmatic/chlorine/how-much-chlorine-for-18000-gallon-pool.html,1,0,false,none
https://waterbalancetools.com/programmatic/chlorine/how-much-chlorine-for-20000-gallon-pool,programmatic/chlorine/how-much-chlorine-for-20000-gallon-pool.html,1,0,false,none
https://waterbalancetools.com/programmatic/chlorine/how-much-chlorine-for-25000-gallon-pool,programmatic/chlorine/how-much-chlorine-for-25000-gallon-pool.html,1,0,false,none
https://waterbalancetools.com/programmatic/chlorine/how-much-chlorine-for-30000-gallon-pool,programmatic/chlorine/how-much-chlorine-for-30000-gallon-pool.html,1,0,false,none
https://waterbalancetools.com/programmatic/chlorine/how-much-chlorine-for-5000-gallon-pool,programmatic/chlorine/how-much-chlorine-for-5000-gallon-pool.html,1,0,false,none
https://waterbalancetools.com/programmatic/chlorine/how-much-chlorine-for-7000-gallon-pool,programmatic/chlorine/how-much-chlorine-for-7000-gallon-pool.html,1,0,false,none
https://waterbalancetools.com/programmatic/chlorine/how-much-chlorine-for-8000-gallon-pool,programmatic/chlorine/how-much-chlorine-for-8000-gallon-pool.html,1,0,false,none
https://waterbalancetools.com/programmatic/chlorine/how-much-chlorine-for-9000-gallon-pool,programmatic/chlorine/how-much-chlorine-for-9000-gallon-pool.html,1,0,false,none
https://waterbalancetools.com/programmatic/chlorine/,programmatic/chlorine/index.html,1,0,false,none
https://waterbalancetools.com/programmatic/explanations/,programmatic/explanations/index.html,1,0,false,none
https://waterbalancetools.com/programmatic/explanations/what-is-pool-alkalinity,programmatic/explanations/what-is-pool-alkalinity.html,1,0,false,none
https://waterbalancetools.com/programmatic/explanations/why-ph-affects-chlorine,programmatic/explanations/why-ph-affects-chlorine.html,1,0,false,none
https://waterbalancetools.com/programmatic/explanations/why-shower-before-pool,programmatic/explanations/why-shower-before-pool.html,1,0,false,none
https://waterbalancetools.com/programmatic/hot-tubs/hot-tub-chemicals-for-200-gallons,programmatic/hot-tubs/hot-tub-chemicals-for-200-gallons.html,1,0,false,none
https://waterbalancetools.com/programmatic/hot-tubs/hot-tub-chemicals-for-300-gallons,programmatic/hot-tubs/hot-tub-chemicals-for-300-gallons.html,1,0,false,none
https://waterbalancetools.com/programmatic/hot-tubs/hot-tub-chemicals-for-400-gallons,programmatic/hot-tubs/hot-tub-chemicals-for-400-gallons.html,1,0,false,none
https://waterbalancetools.com/programmatic/hot-tubs/hot-tub-chemicals-for-500-gallons,programmatic/hot-tubs/hot-tub-chemicals-for-500-gallons.html,1,0,false,none
https://waterbalancetools.com/programmatic/hot-tubs/hot-tub-chemicals-for-600-gallons,programmatic/hot-tubs/hot-tub-chemicals-for-600-gallons.html,1,0,false,none
https://waterbalancetools.com/programmatic/hot-tubs/,programmatic/hot-tubs/index.html,1,0,false,none
https://waterbalancetools.com/programmatic/,programmatic/index.html,1,0,false,none
https://waterbalancetools.com/programmatic/ph/how-to-adjust-ph-from-6-8-to-7-2,programmatic/ph/how-to-adjust-ph-from-6-8-to-7-2.html,1,0,false,none
https://waterbalancetools.com/programmatic/ph/how-to-adjust-ph-from-7-8-to-7-4,programmatic/ph/how-to-adjust-ph-from-7-8-to-7-4.html,1,0,false,none
https://waterbalancetools.com/programmatic/ph/how-to-adjust-ph-from-7-to-7-4,programmatic/ph/how-to-adjust-ph-from-7-to-7-4.html,1,0,false,none
https://waterbalancetools.com/programmatic/ph/how-to-adjust-ph-from-8-to-7-5,programmatic/ph/how-to-adjust-ph-from-8-to-7-5.html,1,0,false,none
https://waterbalancetools.com/programmatic/ph/,programmatic/ph/index.html,1,0,false,none
https://waterbalancetools.com/programmatic/problems/cloudy-pool-fix,programmatic/problems/cloudy-pool-fix.html,1,0,false,none
https://waterbalancetools.com/programmatic/problems/green-pool-how-much-chlorine,programmatic/problems/green-pool-how-much-chlorine.html,1,0,false,none
https://waterbalancetools.com/programmatic/problems/high-chlorine-how-to-lower,programmatic/problems/high-chlorine-how-to-lower.html,1,0,false,none
https://waterbalancetools.com/programmatic/problems/,programmatic/problems/index.html,1,0,false,none
https://waterbalancetools.com/programmatic/problems/low-alkalinity-symptoms,programmatic/problems/low-alkalinity-symptoms.html,1,0,false,none
https://waterbalancetools.com/programmatic/shock/how-much-shock-for-10000-gallon-pool,programmatic/shock/how-much-shock-for-10000-gallon-pool.html,1,0,false,none
https://waterbalancetools.com/programmatic/shock/how-much-shock-for-15000-gallon-pool,programmatic/shock/how-much-shock-for-15000-gallon-pool.html,1,0,false,none
https://waterbalancetools.com/programmatic/shock/how-much-shock-for-20000-gallon-pool,programmatic/shock/how-much-shock-for-20000-gallon-pool.html,1,0,false,none
https://waterbalancetools.com/programmatic/shock/how-much-shock-for-25000-gallon-pool,programmatic/shock/how-much-shock-for-25000-gallon-pool.html,1,0,false,none
https://waterbalancetools.com/programmatic/shock/how-much-shock-for-30000-gallon-pool,programmatic/shock/how-much-shock-for-30000-gallon-pool.html,1,0,false,none
https://waterbalancetools.com/programmatic/shock/how-much-shock-for-5000-gallon-pool,programmatic/shock/how-much-shock-for-5000-gallon-pool.html,1,0,false,none
https://waterbalancetools.com/programmatic/shock/,programmatic/shock/index.html,1,0,false,none
https://waterbalancetools.com/provenance/,provenance/index.html,0,0,false,none
https://waterbalancetools.com/qa/certification,qa/certification.html,0,0,false,none
https://waterbalancetools.com/qa/,qa/index.html,0,0,false,none
https://waterbalancetools.com/reference/alkalinity-table,reference/alkalinity-table.html,1,0,false,none
https://waterbalancetools.com/reference/calcium-hardness-explained,reference/calcium-hardness-explained.html,1,0,false,none
https://waterbalancetools.com/reference/calculator-directory,reference/calculator-directory.html,1,0,false,none
https://waterbalancetools.com/reference/chemical-compatibility,reference/chemical-compatibility.html,1,0,false,none
https://waterbalancetools.com/reference/chemical-conversion-tables,reference/chemical-conversion-tables.html,1,0,false,none
https://waterbalancetools.com/reference/chemical-safety,reference/chemical-safety.html,1,0,false,none
https://waterbalancetools.com/reference/chemical-storage-guide,reference/chemical-storage-guide.html,1,0,false,none
https://waterbalancetools.com/reference/chlorine-effectiveness-chart,reference/chlorine-effectiveness-chart.html,1,0,false,none
https://waterbalancetools.com/reference/chlorine-explained,reference/chlorine-explained.html,1,0,false,none
https://waterbalancetools.com/reference/combined-chlorine-explained,reference/combined-chlorine-explained.html,1,0,false,none
https://waterbalancetools.com/reference/common-pool-chemistry-mistakes,reference/common-pool-chemistry-mistakes.html,1,0,false,none
https://waterbalancetools.com/reference/cya-matrix,reference/cya-matrix.html,1,0,false,none
https://waterbalancetools.com/reference/cyanuric-acid-explained,reference/cyanuric-acid-explained.html,1,0,false,none
https://waterbalancetools.com/reference/datasets/chemical-properties/,reference/datasets/chemical-properties/index.html,0,0,false,none
https://waterbalancetools.com/reference/datasets/chemical-ranges/,reference/datasets/chemical-ranges/index.html,0,0,false,none
https://waterbalancetools.com/reference/datasets/compatibility/,reference/datasets/compatibility/index.html,0,0,false,none
https://waterbalancetools.com/reference/datasets/confidence-levels/,reference/datasets/confidence-levels/index.html,0,0,false,none
https://waterbalancetools.com/reference/datasets/conversion-factors/,reference/datasets/conversion-factors/index.html,0,0,false,none
https://waterbalancetools.com/reference/datasets/dosage-matrices/,reference/datasets/dosage-matrices/index.html,0,0,false,none
https://waterbalancetools.com/reference/datasets/hot-tub-ranges/,reference/datasets/hot-tub-ranges/index.html,0,0,false,none
https://waterbalancetools.com/reference/datasets/,reference/datasets/index.html,0,0,false,none
https://waterbalancetools.com/reference/datasets/maintenance-schedules/,reference/datasets/maintenance-schedules/index.html,0,0,false,none
https://waterbalancetools.com/reference/datasets/pool-types/,reference/datasets/pool-types/index.html,0,0,false,none
https://waterbalancetools.com/reference/datasets/temperature-guidelines/,reference/datasets/temperature-guidelines/index.html,0,0,false,none
https://waterbalancetools.com/reference/datasets/testing-frequency/,reference/datasets/testing-frequency/index.html,0,0,false,none
https://waterbalancetools.com/reference/datasets/units/,reference/datasets/units/index.html,0,0,false,none
https://waterbalancetools.com/reference/datasets/version/,reference/datasets/version/index.html,0,0,false,none
https://waterbalancetools.com/reference/datasets/water-balance/,reference/datasets/water-balance/index.html,0,0,false,none
https://waterbalancetools.com/reference/datasets/water-problems/,reference/datasets/water-problems/index.html,0,0,false,none
https://waterbalancetools.com/reference/emergency-recovery,reference/emergency-recovery.html,1,0,false,none
https://waterbalancetools.com/reference/filter-comparison,reference/filter-comparison.html,1,0,false,none
https://waterbalancetools.com/reference/free-chlorine-explained,reference/free-chlorine-explained.html,1,0,false,none
https://waterbalancetools.com/reference/ideal-pool-levels,reference/ideal-pool-levels.html,1,0,false,none
https://waterbalancetools.com/reference/ideal-spa-levels,reference/ideal-spa-levels.html,1,0,false,none
https://waterbalancetools.com/reference/,reference/index.html,1,0,false,none
https://waterbalancetools.com/reference/ph-table,reference/ph-table.html,1,0,false,none
https://waterbalancetools.com/reference/pool-chemical-timeline,reference/pool-chemical-timeline.html,1,0,false,none
https://waterbalancetools.com/reference/pool-chemicals-explained,reference/pool-chemicals-explained.html,1,0,false,none
https://waterbalancetools.com/reference/pool-chemistry-reference,reference/pool-chemistry-reference.html,1,0,false,none
https://waterbalancetools.com/reference/pool-shape-guide,reference/pool-shape-guide.html,1,0,false,none
https://waterbalancetools.com/reference/pool-volume-reference,reference/pool-volume-reference.html,1,0,false,none
https://waterbalancetools.com/reference/printable-resources-index,reference/printable-resources-index.html,1,0,false,none
https://waterbalancetools.com/reference/pump-sizing,reference/pump-sizing.html,1,0,false,none
https://waterbalancetools.com/reference/recommended-water-temperature,reference/recommended-water-temperature.html,1,0,false,none
https://waterbalancetools.com/reference/salt-matrix,reference/salt-matrix.html,1,0,false,none
https://waterbalancetools.com/reference/salt-water-generator-explained,reference/salt-water-generator-explained.html,1,0,false,none
https://waterbalancetools.com/reference/shock-dosage-matrix,reference/shock-dosage-matrix.html,1,0,false,none
https://waterbalancetools.com/reference/shock-treatment-explained,reference/shock-treatment-explained.html,1,0,false,none
https://waterbalancetools.com/reference/testing-frequency,reference/testing-frequency.html,1,0,false,none
https://waterbalancetools.com/reference/total-alkalinity-explained,reference/total-alkalinity-explained.html,1,0,false,none
https://waterbalancetools.com/reference/vacation-rental-maintenance-schedule,reference/vacation-rental-maintenance-schedule.html,1,0,false,none
https://waterbalancetools.com/reference/water-balance-checklist,reference/water-balance-checklist.html,1,0,false,none
https://waterbalancetools.com/reference/water-replacement-guidelines,reference/water-replacement-guidelines.html,1,0,false,none
https://waterbalancetools.com/releases/1.0.0,releases/1.0.0.html,0,0,false,none
https://waterbalancetools.com/releases/1.1.0,releases/1.1.0.html,0,0,false,none
https://waterbalancetools.com/releases/compatibility,releases/compatibility.html,0,0,false,none
https://waterbalancetools.com/releases/,releases/index.html,0,0,false,none
https://waterbalancetools.com/reports/accessibility,reports/accessibility.html,0,0,false,none
https://waterbalancetools.com/reports/ai-readiness,reports/ai-readiness.html,0,0,false,none
https://waterbalancetools.com/reports/architecture,reports/architecture.html,0,0,false,none
https://waterbalancetools.com/reports/calculators,reports/calculators.html,0,0,false,none
https://waterbalancetools.com/reports/content,reports/content.html,0,0,false,none
https://waterbalancetools.com/reports/datasets,reports/datasets.html,0,0,false,none
https://waterbalancetools.com/reports/entities,reports/entities.html,0,0,false,none
https://waterbalancetools.com/reports/indexing-intelligence,reports/indexing-intelligence.html,0,0,false,none
https://waterbalancetools.com/reports/links,reports/links.html,0,0,false,none
https://waterbalancetools.com/reports/mobile,reports/mobile.html,0,0,false,none
https://waterbalancetools.com/reports/performance,reports/performance.html,0,0,false,none
https://waterbalancetools.com/reports/schema,reports/schema.html,0,0,false,none
https://waterbalancetools.com/reports/seo,reports/seo.html,0,0,false,none
https://waterbalancetools.com/resources/airbnb-pool-turnover-checklist,resources/airbnb-pool-turnover-checklist.html,1,0,false,none
https://waterbalancetools.com/resources/hot-tub-maintenance-log,resources/hot-tub-maintenance-log.html,1,0,false,none
https://waterbalancetools.com/resources/,resources/index.html,1,0,false,none
https://waterbalancetools.com/resources/pool-chemical-log-sheet,resources/pool-chemical-log-sheet.html,1,0,false,none
https://waterbalancetools.com/resources/pool-closing-checklist,resources/pool-closing-checklist.html,1,0,false,none
https://waterbalancetools.com/resources/pool-maintenance-checklist,resources/pool-maintenance-checklist.html,1,0,false,none
https://waterbalancetools.com/resources/pool-opening-checklist,resources/pool-opening-checklist.html,1,0,false,none
https://waterbalancetools.com/resources/pool-shock-log,resources/pool-shock-log.html,1,0,false,none
https://waterbalancetools.com/resources/water-test-log,resources/water-test-log.html,1,0,false,none
https://waterbalancetools.com/revisions/,revisions/index.html,0,0,false,none
https://waterbalancetools.com/salt-water-pool-chemical-levels-chart,salt-water-pool-chemical-levels-chart.html,1,0,false,none
https://waterbalancetools.com/search/,search/index.html,1,0,false,none
https://waterbalancetools.com/tools/,tools/index.html,1,0,false,none
