parameter,calculator,chart,guide,troubleshooting,entity_glossary,programmatic,separation_status,notes
free_chlorine,pool-chlorine-calculator + hot-tub-chlorine-calculator,pool-chlorine-levels-chart + hot-tub-chlorine-levels-chart,guides/chlorine-guide + academy/sanitizers/understanding-free-chlorine,guides/chlorine/why-pool-wont-hold-chlorine + why-pool-chlorine-disappears-overnight,entities/free-chlorine + glossary/free-chlorine (consistently differentiated: entity 621w knowledge-graph node vs glossary 330w short definition),programmatic/chlorine/* (11 volume-specific pages),CLEAR,No collision found. Entity/glossary pair reviewed directly (not caught by the existing pairwise cannibalization tool, which does not do an exhaustive entity-vs-glossary sweep) -- confirmed consistently differentiated across a 19-pair sample.
shock_treatment,pool-shock-calculator + hot-tub-shock-calculator,pool-chlorine-levels-chart (algae row cited),academy/sanitizers/shock-treatments-explained,guides/edge-cases/over-shocking-pool-effects + swimming-after-shocking-pool,entities/shock-treatment (cited) + glossary/shock-treatment,programmatic/shock/* (6 volume-specific pages),CLEAR,pool-shock-calculator remains CALCULATOR_REVIEW_REQUIRED (unsourced breakpoint formula, unchanged from Phase 7E/7L) -- a formula-evidence gap, not an intent-separation problem.
ph,pool-ph-calculator + hot-tub-ph-calculator,pool-ph-levels-chart,guides/ph-guide + academy/water-balance/understanding-ph,guides/ph/{why-pool-ph-keeps-rising,how-to-lower-pool-ph,does-rain-lower-pool-ph,what-causes-high-pool-ph},entities/ph (cited) + glossary/ph,programmatic/ph/* (4 value-specific pages),CLEAR,4 distinct troubleshooting guides each target a genuinely different diagnostic query (rising vs lowering vs rain-caused vs general-causes) -- reviewed individually, no overlap in the specific question answered.
total_alkalinity,pool-alkalinity-calculator,pool-alkalinity-levels-chart (cited),academy/water-balance/understanding-total-alkalinity,programmatic/problems/low-alkalinity-symptoms.html,entities/alkalinity + glossary/total-alkalinity,programmatic/problems/low-alkalinity-symptoms.html,CLEAR,No dedicated troubleshooting guide beyond the programmatic problem page -- adequate given alkalinity issues are usually secondary to pH.
calcium_hardness,none dedicated (folded into chemical-calculator),none dedicated,academy/water-balance/understanding-calcium-hardness,academy/troubleshooting/{scaling,corrosion},entities/calcium-hardness + glossary/calcium-hardness + material-specific entities (vinyl-pool/fiberglass-pool/concrete-pool, cited Phase 7K),none,CLEAR,No calculator gap flagged -- calcium hardness is a monitoring parameter without a standalone dosing tool on this site; folded correctly into the all-in-one calculator.
cyanuric_acid,pool-cyanuric-acid-calculator,pool-cya-levels-chart,academy/water-balance/understanding-cyanuric-acid + guides/advanced/cya-stabilizer-explained,guides/edge-cases/high-cya-chlorine-lock,entities/cyanuric-acid + glossary/cyanuric-acid,entities/stabilizer (related concept),CLEAR,academy article and guides/advanced article both cover CYA but from different angles (parameter mechanics vs. the specific chlorine-lock failure mode) -- reviewed, no overlap in the specific claim/answer given.
salt,saltwater-pool-salt-calculator,salt-water-pool-chemical-levels-chart,academy/equipment/salt-systems,none dedicated,entities/salt + entities/salt-chlorinator + entities/saltwater-pool + glossary/salt,none,CLEAR,No troubleshooting guide for salt-specific issues -- logged as a lower-priority gap in SEARCH-DEMAND-GAPS.csv, not created this phase.
bromine,none dedicated,none dedicated,academy/sanitizers/bromine-vs-chlorine,none dedicated,entities/bromine + glossary/bromine,none,CLEAR,Comparison page (comparisons/chlorine-vs-bromine-hot-tub.html) covers the calculator-adjacent decision; no dedicated bromine calculator exists on the site (out of formula-engine scope, not an intent-separation issue).
temperature,none dedicated (input to LSI within chemical-calculator),none dedicated,academy/fundamentals/how-temperature-changes-water-chemistry,guides/edge-cases/pool-temperature-effect-chlorine,entities/temperature (cited Phase 7K/7L) + glossary/temperature,none,CLEAR,Academy article (general mechanism) and edge-case guide (chlorine-specific narrow effect) reviewed together -- distinct scope, no overlap.
water_balance_lsi,none dedicated (LSI computed within chemical-calculator),none dedicated,academy/water-balance/understanding-lsi,none dedicated,entities/lsi (WEAK-flagged in Phase 7M, correctly concise -- links to the academy article for depth),none,CLEAR,Confirmed the entity->academy link this phase (checked academyIds still resolves correctly after this phase's edits).
hot_tub_general,hot-tub-chlorine-calculator + hot-tub-ph-calculator + hot-tub-shock-calculator,hot-tub-chlorine-levels-chart (cited) + hot-tub-chemical-levels-chart,academy/hot-tubs/* (6 articles) + guides/hot-tub/* (5 pages),guides/hot-tub/{hot-tub-chlorine-too-high,hot-tub-chlorine-too-low,hot-tub-ph-too-low,hot-tub-alkalinity-too-high},entities/hot-tub + glossary/hot-tub,programmatic/hot-tubs/* (5 size-specific pages),CLEAR,Largest, most mature cluster on the site -- academy (year-round care) and guides/hot-tub (specific diagnostic symptoms) reviewed together, confirmed non-overlapping (mechanism/schedule vs. symptom-triage intent).
indoor_pool,none dedicated,none dedicated,academy/fundamentals/indoor-pool-chemistry.html (new Phase 7M),none dedicated,entities/indoor-pool (linked to the new academy article),none,CLEAR,Single-guide coverage, no competing page -- confirmed no cannibalization risk for this newly-created page.
evaporation,none dedicated,none dedicated,guides/edge-cases/evaporation-effect-on-pool-chemistry.html (new Phase 7M),none dedicated,none,none,CLEAR,Single-guide coverage; verified against its rain sibling (opposite mechanism, distinct title/H1, no overlap) in this phase's validator.
