url,page_type,primary_intent,secondary_intent,target_entity_parameter,search_stage,canonical_role
"https://waterbalancetools.com/about/","trust","trust","none_observed","about","REFERENCE","supporting_content"
"https://waterbalancetools.com/academy/equipment/automatic-chlorinators","academy-article","understand_equipment","find_calculator","academy/equipment","INFORMATIONAL","explainer"
"https://waterbalancetools.com/academy/equipment/","academy-article","understand_equipment","none_observed","academy/equipment","INFORMATIONAL","explainer"
"https://waterbalancetools.com/academy/equipment/pool-filters","academy-article","understand_equipment","find_calculator","academy/equipment","INFORMATIONAL","explainer"
"https://waterbalancetools.com/academy/equipment/pool-pumps","academy-article","understand_equipment","find_calculator","academy/equipment","INFORMATIONAL","explainer"
"https://waterbalancetools.com/academy/equipment/pool-skimmers","academy-article","understand_equipment","find_calculator","academy/equipment","INFORMATIONAL","explainer"
"https://waterbalancetools.com/academy/equipment/salt-systems","academy-article","understand_equipment","find_calculator","academy/equipment","INFORMATIONAL","explainer"
"https://waterbalancetools.com/academy/equipment/sand-vs-cartridge-filters","academy-article","understand_equipment","find_calculator","academy/equipment","INFORMATIONAL","explainer"
"https://waterbalancetools.com/academy/fundamentals/how-temperature-changes-water-chemistry","academy-article","understand_fundamentals","find_calculator","academy/fundamentals","INFORMATIONAL","explainer"
"https://waterbalancetools.com/academy/fundamentals/how-water-balance-works","academy-article","understand_fundamentals","find_calculator","academy/fundamentals","INFORMATIONAL","explainer"
"https://waterbalancetools.com/academy/fundamentals/","academy-article","understand_fundamentals","none_observed","academy/fundamentals","INFORMATIONAL","explainer"
"https://waterbalancetools.com/academy/fundamentals/indoor-pool-chemistry","academy-article","understand_fundamentals","find_calculator","academy/fundamentals","INFORMATIONAL","explainer"
"https://waterbalancetools.com/academy/fundamentals/pool-vs-hot-tub-chemistry","academy-article","understand_fundamentals","find_calculator","academy/fundamentals","INFORMATIONAL","explainer"
"https://waterbalancetools.com/academy/fundamentals/the-four-core-water-tests","academy-article","understand_fundamentals","find_calculator","academy/fundamentals","INFORMATIONAL","explainer"
"https://waterbalancetools.com/academy/fundamentals/understanding-pool-water-chemistry","academy-article","understand_fundamentals","find_calculator","academy/fundamentals","INFORMATIONAL","explainer"
"https://waterbalancetools.com/academy/fundamentals/why-water-testing-matters","academy-article","understand_fundamentals","find_calculator","academy/fundamentals","INFORMATIONAL","explainer"
"https://waterbalancetools.com/academy/hot-tubs/daily-spa-maintenance","academy-article","understand_hot-tubs","find_calculator","academy/hot-tubs","INFORMATIONAL","explainer"
"https://waterbalancetools.com/academy/hot-tubs/","academy-article","understand_hot-tubs","none_observed","academy/hot-tubs","INFORMATIONAL","explainer"
"https://waterbalancetools.com/academy/hot-tubs/monthly-spa-maintenance","academy-article","understand_hot-tubs","find_calculator","academy/hot-tubs","INFORMATIONAL","explainer"
"https://waterbalancetools.com/academy/hot-tubs/refilling-your-hot-tub","academy-article","understand_hot-tubs","find_calculator","academy/hot-tubs","INFORMATIONAL","explainer"
"https://waterbalancetools.com/academy/hot-tubs/shock-after-heavy-use","academy-article","understand_hot-tubs","find_calculator","academy/hot-tubs","INFORMATIONAL","explainer"
"https://waterbalancetools.com/academy/hot-tubs/weekly-spa-maintenance","academy-article","understand_hot-tubs","find_calculator","academy/hot-tubs","INFORMATIONAL","explainer"
"https://waterbalancetools.com/academy/hot-tubs/winter-spa-care","academy-article","understand_hot-tubs","find_calculator","academy/hot-tubs","INFORMATIONAL","explainer"
"https://waterbalancetools.com/academy/","academy-hub","academy-hub","none_observed","academy","DISCOVERY","supporting_content"
"https://waterbalancetools.com/academy/sanitizers/breakpoint-chlorination","academy-article","understand_sanitizers","find_calculator","academy/sanitizers","INFORMATIONAL","explainer"
"https://waterbalancetools.com/academy/sanitizers/bromine-vs-chlorine","academy-article","understand_sanitizers","find_calculator","academy/sanitizers","INFORMATIONAL","explainer"
"https://waterbalancetools.com/academy/sanitizers/combined-chlorine-explained","academy-article","understand_sanitizers","find_calculator","academy/sanitizers","INFORMATIONAL","explainer"
"https://waterbalancetools.com/academy/sanitizers/","academy-article","understand_sanitizers","none_observed","academy/sanitizers","INFORMATIONAL","explainer"
"https://waterbalancetools.com/academy/sanitizers/liquid-chlorine-vs-tablets","academy-article","understand_sanitizers","find_calculator","academy/sanitizers","INFORMATIONAL","explainer"
"https://waterbalancetools.com/academy/sanitizers/shock-treatments-explained","academy-article","understand_sanitizers","find_calculator","academy/sanitizers","INFORMATIONAL","explainer"
"https://waterbalancetools.com/academy/sanitizers/understanding-free-chlorine","academy-article","understand_sanitizers","find_calculator","academy/sanitizers","INFORMATIONAL","explainer"
"https://waterbalancetools.com/academy/testing/common-testing-mistakes","academy-article","understand_testing","find_calculator","academy/testing","INFORMATIONAL","explainer"
"https://waterbalancetools.com/academy/testing/digital-pool-testers","academy-article","understand_testing","find_calculator","academy/testing","INFORMATIONAL","explainer"
"https://waterbalancetools.com/academy/testing/how-often-to-test-water","academy-article","understand_testing","find_calculator","academy/testing","INFORMATIONAL","explainer"
"https://waterbalancetools.com/academy/testing/","academy-article","understand_testing","none_observed","academy/testing","INFORMATIONAL","explainer"
"https://waterbalancetools.com/academy/testing/understanding-test-results","academy-article","understand_testing","find_calculator","academy/testing","INFORMATIONAL","explainer"
"https://waterbalancetools.com/academy/testing/using-liquid-test-kits","academy-article","understand_testing","find_calculator","academy/testing","INFORMATIONAL","explainer"
"https://waterbalancetools.com/academy/testing/using-test-strips","academy-article","understand_testing","find_calculator","academy/testing","INFORMATIONAL","explainer"
"https://waterbalancetools.com/academy/troubleshooting/cloudy-water","academy-article","understand_troubleshooting","find_calculator","academy/troubleshooting","INFORMATIONAL","explainer"
"https://waterbalancetools.com/academy/troubleshooting/corrosion","academy-article","understand_troubleshooting","find_calculator","academy/troubleshooting","INFORMATIONAL","explainer"
"https://waterbalancetools.com/academy/troubleshooting/foaming-hot-tubs","academy-article","understand_troubleshooting","find_calculator","academy/troubleshooting","INFORMATIONAL","explainer"
"https://waterbalancetools.com/academy/troubleshooting/green-water","academy-article","understand_troubleshooting","find_calculator","academy/troubleshooting","INFORMATIONAL","explainer"
"https://waterbalancetools.com/academy/troubleshooting/","academy-article","understand_troubleshooting","none_observed","academy/troubleshooting","INFORMATIONAL","explainer"
"https://waterbalancetools.com/academy/troubleshooting/scaling","academy-article","understand_troubleshooting","find_calculator","academy/troubleshooting","INFORMATIONAL","explainer"
"https://waterbalancetools.com/academy/troubleshooting/strong-chlorine-smell","academy-article","understand_troubleshooting","find_calculator","academy/troubleshooting","INFORMATIONAL","explainer"
"https://waterbalancetools.com/academy/vacation-rentals/chemical-log-sheets","academy-article","understand_vacation-rentals","find_calculator","academy/vacation-rentals","INFORMATIONAL","explainer"
"https://waterbalancetools.com/academy/vacation-rentals/emergency-water-recovery","academy-article","understand_vacation-rentals","find_calculator","academy/vacation-rentals","INFORMATIONAL","explainer"
"https://waterbalancetools.com/academy/vacation-rentals/guest-safety","academy-article","understand_vacation-rentals","find_calculator","academy/vacation-rentals","INFORMATIONAL","explainer"
"https://waterbalancetools.com/academy/vacation-rentals/","academy-article","understand_vacation-rentals","none_observed","academy/vacation-rentals","INFORMATIONAL","explainer"
"https://waterbalancetools.com/academy/vacation-rentals/maintenance-schedule","academy-article","understand_vacation-rentals","find_calculator","academy/vacation-rentals","INFORMATIONAL","explainer"
"https://waterbalancetools.com/academy/vacation-rentals/turnover-checklist","academy-article","understand_vacation-rentals","find_calculator","academy/vacation-rentals","INFORMATIONAL","explainer"
"https://waterbalancetools.com/academy/vacation-rentals/weekly-inspection","academy-article","understand_vacation-rentals","find_calculator","academy/vacation-rentals","INFORMATIONAL","explainer"
"https://waterbalancetools.com/academy/water-balance/","academy-article","understand_water-balance","none_observed","academy/water-balance","INFORMATIONAL","explainer"
"https://waterbalancetools.com/academy/water-balance/understanding-calcium-hardness","academy-article","understand_water-balance","find_calculator","academy/water-balance","INFORMATIONAL","explainer"
"https://waterbalancetools.com/academy/water-balance/understanding-cyanuric-acid","academy-article","understand_water-balance","find_calculator","academy/water-balance","INFORMATIONAL","explainer"
"https://waterbalancetools.com/academy/water-balance/understanding-lsi","academy-article","understand_water-balance","find_calculator","academy/water-balance","INFORMATIONAL","explainer"
"https://waterbalancetools.com/academy/water-balance/understanding-ph","academy-article","understand_water-balance","find_calculator","academy/water-balance","INFORMATIONAL","explainer"
"https://waterbalancetools.com/academy/water-balance/understanding-total-alkalinity","academy-article","understand_water-balance","find_calculator","academy/water-balance","INFORMATIONAL","explainer"
"https://waterbalancetools.com/academy/water-balance/water-balance-order","academy-article","understand_water-balance","find_calculator","academy/water-balance","INFORMATIONAL","explainer"
"https://waterbalancetools.com/all-pages","crawl-hub","crawl-hub","none_observed","root","INFORMATIONAL","supporting_content"
"https://waterbalancetools.com/calculators/chemical-calculator","calculator","calculate_calculators","quick_answer","calculators","CALCULATOR","primary_tool"
"https://waterbalancetools.com/calculators/hot-tub-chlorine-calculator","calculator","calculate_calculators","quick_answer","calculators","CALCULATOR","primary_tool"
"https://waterbalancetools.com/calculators/hot-tub-ph-calculator","calculator","calculate_calculators","none_observed","calculators","CALCULATOR","primary_tool"
"https://waterbalancetools.com/calculators/hot-tub-shock-calculator","calculator","calculate_calculators","none_observed","calculators","CALCULATOR","primary_tool"
"https://waterbalancetools.com/calculators/","calculator-hub","calculator-hub","none_observed","calculators","CALCULATOR","supporting_content"
"https://waterbalancetools.com/calculators/pool-alkalinity-calculator","calculator","calculate_calculators","none_observed","calculators","CALCULATOR","primary_tool"
"https://waterbalancetools.com/calculators/pool-chlorine-calculator","calculator","calculate_calculators","quick_answer","calculators","CALCULATOR","primary_tool"
"https://waterbalancetools.com/calculators/pool-cyanuric-acid-calculator","calculator","calculate_calculators","none_observed","calculators","CALCULATOR","primary_tool"
"https://waterbalancetools.com/calculators/pool-ph-calculator","calculator","calculate_calculators","quick_answer","calculators","CALCULATOR","primary_tool"
"https://waterbalancetools.com/calculators/pool-shock-calculator","calculator","calculate_calculators","quick_answer","calculators","CALCULATOR","primary_tool"
"https://waterbalancetools.com/calculators/pool-turnover-rate-calculator","calculator","calculate_calculators","none_observed","calculators","CALCULATOR","primary_tool"
"https://waterbalancetools.com/calculators/pool-volume-calculator","calculator","calculate_calculators","none_observed","calculators","CALCULATOR","primary_tool"
"https://waterbalancetools.com/calculators/saltwater-pool-salt-calculator","calculator","calculate_calculators","none_observed","calculators","CALCULATOR","primary_tool"
"https://waterbalancetools.com/calculators/spa-volume-calculator","calculator","calculate_calculators","none_observed","calculators","CALCULATOR","primary_tool"
"https://waterbalancetools.com/charts/","chart","lookup_reference_range_charts","none_observed","charts","REFERENCE","reference_table"
"https://waterbalancetools.com/charts/pool-water-balance-chart","chart","lookup_reference_range_charts","none_observed","charts","REFERENCE","reference_table"
"https://waterbalancetools.com/comparisons/chlorine-vs-bromine-hot-tub","comparison","compare_options","none_observed","comparisons","COMPARISON","decision_support"
"https://waterbalancetools.com/comparisons/chlorine-vs-bromine","comparison","compare_options","reference_lookup","comparisons","COMPARISON","decision_support"
"https://waterbalancetools.com/comparisons/free-chlorine-vs-total-chlorine","comparison","compare_options","reference_lookup","comparisons","COMPARISON","decision_support"
"https://waterbalancetools.com/comparisons/","comparison-hub","comparison-hub","none_observed","comparisons","COMPARISON","supporting_content"
"https://waterbalancetools.com/comparisons/liquid-chlorine-vs-tablets","comparison","compare_options","reference_lookup","comparisons","COMPARISON","decision_support"
"https://waterbalancetools.com/comparisons/pool-shock-vs-chlorine","comparison","compare_options","reference_lookup","comparisons","COMPARISON","decision_support"
"https://waterbalancetools.com/comparisons/salt-water-pool-vs-chlorine-pool","comparison","compare_options","reference_lookup","comparisons","COMPARISON","decision_support"
"https://waterbalancetools.com/comparisons/saltwater-pool-vs-chlorine","comparison","compare_options","none_observed","comparisons","COMPARISON","decision_support"
"https://waterbalancetools.com/editorial/content-standards/","editorial-policy","editorial-policy","none_observed","editorial/content-standards","INFORMATIONAL","supporting_content"
"https://waterbalancetools.com/editorial/correction-policy/","editorial-policy","editorial-policy","none_observed","editorial/correction-policy","INFORMATIONAL","supporting_content"
"https://waterbalancetools.com/editorial/editorial-policy/","editorial-policy","editorial-policy","none_observed","editorial/editorial-policy","INFORMATIONAL","supporting_content"
"https://waterbalancetools.com/editorial/","editorial-policy","editorial-policy","none_observed","editorial","INFORMATIONAL","supporting_content"
"https://waterbalancetools.com/editorial/review-process/","editorial-policy","editorial-policy","none_observed","editorial/review-process","INFORMATIONAL","supporting_content"
"https://waterbalancetools.com/editorial/update-policy/","editorial-policy","editorial-policy","none_observed","editorial/update-policy","INFORMATIONAL","supporting_content"
"https://waterbalancetools.com/entities/algae","entity","define_term","none_observed","entities","REFERENCE","definition"
"https://waterbalancetools.com/entities/alkalinity","entity","define_term","none_observed","entities","REFERENCE","definition"
"https://waterbalancetools.com/entities/automatic-chlorinator","entity","define_term","none_observed","entities","REFERENCE","definition"
"https://waterbalancetools.com/entities/backwashing","entity","define_term","none_observed","entities","REFERENCE","definition"
"https://waterbalancetools.com/entities/baking-soda","entity","define_term","none_observed","entities","REFERENCE","definition"
"https://waterbalancetools.com/entities/balancing","entity","define_term","none_observed","entities","REFERENCE","definition"
"https://waterbalancetools.com/entities/biguanide","entity","define_term","none_observed","entities","REFERENCE","definition"
"https://waterbalancetools.com/entities/breakpoint-chlorination","entity","define_term","none_observed","entities","REFERENCE","definition"
"https://waterbalancetools.com/entities/bromine","entity","define_term","none_observed","entities","REFERENCE","definition"
"https://waterbalancetools.com/entities/calcium-chloride","entity","define_term","none_observed","entities","REFERENCE","definition"
"https://waterbalancetools.com/entities/calcium-hardness","entity","define_term","none_observed","entities","REFERENCE","definition"
"https://waterbalancetools.com/entities/calcium-hypochlorite","entity","define_term","none_observed","entities","REFERENCE","definition"
"https://waterbalancetools.com/entities/cartridge-filter","entity","define_term","none_observed","entities","REFERENCE","definition"
"https://waterbalancetools.com/entities/cdc","entity","define_term","none_observed","entities","REFERENCE","definition"
"https://waterbalancetools.com/entities/chemical-feeder","entity","define_term","none_observed","entities","REFERENCE","definition"
"https://waterbalancetools.com/entities/chemical-log","entity","define_term","none_observed","entities","REFERENCE","definition"
"https://waterbalancetools.com/entities/closing-checklist","entity","define_term","none_observed","entities","REFERENCE","definition"
"https://waterbalancetools.com/entities/cloudy-water","entity","define_term","none_observed","entities","REFERENCE","definition"
"https://waterbalancetools.com/entities/combined-chlorine","entity","define_term","none_observed","entities","REFERENCE","definition"
"https://waterbalancetools.com/entities/commercial-pool","entity","define_term","none_observed","entities","REFERENCE","definition"
"https://waterbalancetools.com/entities/concrete-pool","entity","define_term","none_observed","entities","REFERENCE","definition"
"https://waterbalancetools.com/entities/copper","entity","define_term","none_observed","entities","REFERENCE","definition"
"https://waterbalancetools.com/entities/corrosion","entity","define_term","none_observed","entities","REFERENCE","definition"
"https://waterbalancetools.com/entities/cover","entity","define_term","none_observed","entities","REFERENCE","definition"
"https://waterbalancetools.com/entities/cyanuric-acid","entity","define_term","none_observed","entities","REFERENCE","definition"
"https://waterbalancetools.com/entities/de-filter","entity","define_term","none_observed","entities","REFERENCE","definition"
"https://waterbalancetools.com/entities/emergency-reference","entity","define_term","none_observed","entities","REFERENCE","definition"
"https://waterbalancetools.com/entities/epa","entity","define_term","none_observed","entities","REFERENCE","definition"
"https://waterbalancetools.com/entities/eye-irritation","entity","define_term","none_observed","entities","REFERENCE","definition"
"https://waterbalancetools.com/entities/fiberglass-pool","entity","define_term","none_observed","entities","REFERENCE","definition"
"https://waterbalancetools.com/entities/filtration","entity","define_term","none_observed","entities","REFERENCE","definition"
"https://waterbalancetools.com/entities/flow-rate","entity","define_term","none_observed","entities","REFERENCE","definition"
"https://waterbalancetools.com/entities/foaming","entity","define_term","none_observed","entities","REFERENCE","definition"
"https://waterbalancetools.com/entities/free-chlorine","entity","define_term","none_observed","entities","REFERENCE","definition"
"https://waterbalancetools.com/entities/gallons","entity","define_term","none_observed","entities","REFERENCE","definition"
"https://waterbalancetools.com/entities/green-water","entity","define_term","none_observed","entities","REFERENCE","definition"
"https://waterbalancetools.com/entities/heater","entity","define_term","none_observed","entities","REFERENCE","definition"
"https://waterbalancetools.com/entities/high-chlorine","entity","define_term","none_observed","entities","REFERENCE","definition"
"https://waterbalancetools.com/entities/high-ph","entity","define_term","none_observed","entities","REFERENCE","definition"
"https://waterbalancetools.com/entities/hot-tub","entity","define_term","none_observed","entities","REFERENCE","definition"
"https://waterbalancetools.com/entities/hydrogen-peroxide","entity","define_term","none_observed","entities","REFERENCE","definition"
"https://waterbalancetools.com/entities/","entity","define_term","none_observed","entities","REFERENCE","definition"
"https://waterbalancetools.com/entities/indoor-pool","entity","define_term","none_observed","entities","REFERENCE","definition"
"https://waterbalancetools.com/entities/iron","entity","define_term","none_observed","entities","REFERENCE","definition"
"https://waterbalancetools.com/entities/lamotte","entity","define_term","none_observed","entities","REFERENCE","definition"
"https://waterbalancetools.com/entities/liquid-chlorine","entity","define_term","none_observed","entities","REFERENCE","definition"
"https://waterbalancetools.com/entities/liters","entity","define_term","none_observed","entities","REFERENCE","definition"
"https://waterbalancetools.com/entities/low-chlorine","entity","define_term","none_observed","entities","REFERENCE","definition"
"https://waterbalancetools.com/entities/low-ph","entity","define_term","none_observed","entities","REFERENCE","definition"
"https://waterbalancetools.com/entities/lsi","entity","define_term","none_observed","entities","REFERENCE","definition"
"https://waterbalancetools.com/entities/maintenance-checklist","entity","define_term","none_observed","entities","REFERENCE","definition"
"https://waterbalancetools.com/entities/maintenance-log","entity","define_term","none_observed","entities","REFERENCE","definition"
"https://waterbalancetools.com/entities/manganese","entity","define_term","none_observed","entities","REFERENCE","definition"
"https://waterbalancetools.com/entities/muriatic-acid","entity","define_term","none_observed","entities","REFERENCE","definition"
"https://waterbalancetools.com/entities/nsf","entity","define_term","none_observed","entities","REFERENCE","definition"
"https://waterbalancetools.com/entities/opening-checklist","entity","define_term","none_observed","entities","REFERENCE","definition"
"https://waterbalancetools.com/entities/orp","entity","define_term","none_observed","entities","REFERENCE","definition"
"https://waterbalancetools.com/entities/outdoor-pool","entity","define_term","none_observed","entities","REFERENCE","definition"
"https://waterbalancetools.com/entities/oxidation","entity","define_term","none_observed","entities","REFERENCE","definition"
"https://waterbalancetools.com/entities/ozone","entity","define_term","none_observed","entities","REFERENCE","definition"
"https://waterbalancetools.com/entities/ph","entity","define_term","none_observed","entities","REFERENCE","definition"
"https://waterbalancetools.com/entities/phosphate","entity","define_term","none_observed","entities","REFERENCE","definition"
"https://waterbalancetools.com/entities/phta","entity","define_term","none_observed","entities","REFERENCE","definition"
"https://waterbalancetools.com/entities/pool-opening","entity","define_term","none_observed","entities","REFERENCE","definition"
"https://waterbalancetools.com/entities/pool-salt","entity","define_term","none_observed","entities","REFERENCE","definition"
"https://waterbalancetools.com/entities/ppm","entity","define_term","none_observed","entities","REFERENCE","definition"
"https://waterbalancetools.com/entities/pump","entity","define_term","none_observed","entities","REFERENCE","definition"
"https://waterbalancetools.com/entities/salt-chlorinator","entity","define_term","none_observed","entities","REFERENCE","definition"
"https://waterbalancetools.com/entities/salt","entity","define_term","none_observed","entities","REFERENCE","definition"
"https://waterbalancetools.com/entities/saltwater-pool","entity","define_term","none_observed","entities","REFERENCE","definition"
"https://waterbalancetools.com/entities/sand-filter","entity","define_term","none_observed","entities","REFERENCE","definition"
"https://waterbalancetools.com/entities/sanitizing","entity","define_term","none_observed","entities","REFERENCE","definition"
"https://waterbalancetools.com/entities/scaling","entity","define_term","none_observed","entities","REFERENCE","definition"
"https://waterbalancetools.com/entities/shock-treatment","entity","define_term","none_observed","entities","REFERENCE","definition"
"https://waterbalancetools.com/entities/skimmer","entity","define_term","none_observed","entities","REFERENCE","definition"
"https://waterbalancetools.com/entities/skin-irritation","entity","define_term","none_observed","entities","REFERENCE","definition"
"https://waterbalancetools.com/entities/soda-ash","entity","define_term","none_observed","entities","REFERENCE","definition"
"https://waterbalancetools.com/entities/sodium-dichlor","entity","define_term","none_observed","entities","REFERENCE","definition"
"https://waterbalancetools.com/entities/stabilizer","entity","define_term","none_observed","entities","REFERENCE","definition"
"https://waterbalancetools.com/entities/strong-chlorine-smell","entity","define_term","none_observed","entities","REFERENCE","definition"
"https://waterbalancetools.com/entities/swim-spa","entity","define_term","none_observed","entities","REFERENCE","definition"
"https://waterbalancetools.com/entities/swimming-pool","entity","define_term","none_observed","entities","REFERENCE","definition"
"https://waterbalancetools.com/entities/taylor-technologies","entity","define_term","none_observed","entities","REFERENCE","definition"
"https://waterbalancetools.com/entities/temperature","entity","define_term","none_observed","entities","REFERENCE","definition"
"https://waterbalancetools.com/entities/testing","entity","define_term","none_observed","entities","REFERENCE","definition"
"https://waterbalancetools.com/entities/total-chlorine","entity","define_term","none_observed","entities","REFERENCE","definition"
"https://waterbalancetools.com/entities/total-dissolved-solids","entity","define_term","none_observed","entities","REFERENCE","definition"
"https://waterbalancetools.com/entities/trichlor-tablets","entity","define_term","none_observed","entities","REFERENCE","definition"
"https://waterbalancetools.com/entities/turnover-time","entity","define_term","none_observed","entities","REFERENCE","definition"
"https://waterbalancetools.com/entities/unit-celsius","entity","define_term","none_observed","entities","REFERENCE","definition"
"https://waterbalancetools.com/entities/unit-days","entity","define_term","none_observed","entities","REFERENCE","definition"
"https://waterbalancetools.com/entities/unit-fahrenheit","entity","define_term","none_observed","entities","REFERENCE","definition"
"https://waterbalancetools.com/entities/unit-gallons","entity","define_term","none_observed","entities","REFERENCE","definition"
"https://waterbalancetools.com/entities/unit-hours","entity","define_term","none_observed","entities","REFERENCE","definition"
"https://waterbalancetools.com/entities/unit-liters","entity","define_term","none_observed","entities","REFERENCE","definition"
"https://waterbalancetools.com/entities/unit-mg-l","entity","define_term","none_observed","entities","REFERENCE","definition"
"https://waterbalancetools.com/entities/unit-minutes","entity","define_term","none_observed","entities","REFERENCE","definition"
"https://waterbalancetools.com/entities/unit-months","entity","define_term","none_observed","entities","REFERENCE","definition"
"https://waterbalancetools.com/entities/unit-ppm","entity","define_term","none_observed","entities","REFERENCE","definition"
"https://waterbalancetools.com/entities/unit-weeks","entity","define_term","none_observed","entities","REFERENCE","definition"
"https://waterbalancetools.com/entities/vacation-rental-checklist","entity","define_term","none_observed","entities","REFERENCE","definition"
"https://waterbalancetools.com/entities/vinyl-pool","entity","define_term","none_observed","entities","REFERENCE","definition"
"https://waterbalancetools.com/entities/water-replacement","entity","define_term","none_observed","entities","REFERENCE","definition"
"https://waterbalancetools.com/entities/water-test-sheet","entity","define_term","none_observed","entities","REFERENCE","definition"
"https://waterbalancetools.com/entities/winterization","entity","define_term","none_observed","entities","REFERENCE","definition"
"https://waterbalancetools.com/formulas/alkalinity-formula","formula-page","formula-page","find_calculator","formulas","REFERENCE","supporting_content"
"https://waterbalancetools.com/formulas/cya-formula","formula-page","formula-page","find_calculator","formulas","REFERENCE","supporting_content"
"https://waterbalancetools.com/formulas/","formula-hub","formula-hub","none_observed","formulas","REFERENCE","supporting_content"
"https://waterbalancetools.com/formulas/liquid-chlorine-formula","formula-page","formula-page","find_calculator","formulas","REFERENCE","supporting_content"
"https://waterbalancetools.com/formulas/lsi-formula","formula-page","formula-page","find_calculator","formulas","REFERENCE","supporting_content"
"https://waterbalancetools.com/formulas/ph-adjustment-formula","formula-page","formula-page","find_calculator","formulas","REFERENCE","supporting_content"
"https://waterbalancetools.com/formulas/pool-volume-formula","formula-page","formula-page","find_calculator","formulas","REFERENCE","supporting_content"
"https://waterbalancetools.com/formulas/salt-formula","formula-page","formula-page","find_calculator","formulas","REFERENCE","supporting_content"
"https://waterbalancetools.com/formulas/shock-formula","formula-page","formula-page","find_calculator","formulas","REFERENCE","supporting_content"
"https://waterbalancetools.com/formulas/turnover-formula","formula-page","formula-page","find_calculator","formulas","REFERENCE","supporting_content"
"https://waterbalancetools.com/glossary/aggressive-water","glossary-term","define_term","none_observed","glossary","REFERENCE","definition"
"https://waterbalancetools.com/glossary/algae-bloom","glossary-term","define_term","none_observed","glossary","REFERENCE","definition"
"https://waterbalancetools.com/glossary/algaecide","glossary-term","define_term","none_observed","glossary","REFERENCE","definition"
"https://waterbalancetools.com/glossary/ammonia","glossary-term","define_term","none_observed","glossary","REFERENCE","definition"
"https://waterbalancetools.com/glossary/backwashing","glossary-term","define_term","none_observed","glossary","REFERENCE","definition"
"https://waterbalancetools.com/glossary/bather-load","glossary-term","define_term","none_observed","glossary","REFERENCE","definition"
"https://waterbalancetools.com/glossary/bcdmh","glossary-term","define_term","none_observed","glossary","REFERENCE","definition"
"https://waterbalancetools.com/glossary/bicarbonate-alkalinity","glossary-term","define_term","none_observed","glossary","REFERENCE","definition"
"https://waterbalancetools.com/glossary/biofilm","glossary-term","define_term","none_observed","glossary","REFERENCE","definition"
"https://waterbalancetools.com/glossary/black-algae","glossary-term","define_term","none_observed","glossary","REFERENCE","definition"
"https://waterbalancetools.com/glossary/breakpoint-chlorination","glossary-term","define_term","none_observed","glossary","REFERENCE","definition"
"https://waterbalancetools.com/glossary/breakpoint-dose","glossary-term","define_term","none_observed","glossary","REFERENCE","definition"
"https://waterbalancetools.com/glossary/bromine","glossary-term","define_term","none_observed","glossary","REFERENCE","definition"
"https://waterbalancetools.com/glossary/calcium-hardness","glossary-term","define_term","none_observed","glossary","REFERENCE","definition"
"https://waterbalancetools.com/glossary/calcium-hypochlorite","glossary-term","define_term","none_observed","glossary","REFERENCE","definition"
"https://waterbalancetools.com/glossary/carbon-dioxide","glossary-term","define_term","none_observed","glossary","REFERENCE","definition"
"https://waterbalancetools.com/glossary/cartridge-filter","glossary-term","define_term","none_observed","glossary","REFERENCE","definition"
"https://waterbalancetools.com/glossary/chemical-compatibility","glossary-term","define_term","none_observed","glossary","REFERENCE","definition"
"https://waterbalancetools.com/glossary/chemical-log","glossary-term","define_term","none_observed","glossary","REFERENCE","definition"
"https://waterbalancetools.com/glossary/chemical-storage","glossary-term","define_term","none_observed","glossary","REFERENCE","definition"
"https://waterbalancetools.com/glossary/chloramine","glossary-term","define_term","none_observed","glossary","REFERENCE","definition"
"https://waterbalancetools.com/glossary/chlorine-demand","glossary-term","define_term","none_observed","glossary","REFERENCE","definition"
"https://waterbalancetools.com/glossary/chlorine-stabilizer","glossary-term","define_term","none_observed","glossary","REFERENCE","definition"
"https://waterbalancetools.com/glossary/clarifier","glossary-term","define_term","none_observed","glossary","REFERENCE","definition"
"https://waterbalancetools.com/glossary/closing-chemical-kit","glossary-term","define_term","none_observed","glossary","REFERENCE","definition"
"https://waterbalancetools.com/glossary/colorimetric-test","glossary-term","define_term","none_observed","glossary","REFERENCE","definition"
"https://waterbalancetools.com/glossary/combined-chlorine","glossary-term","define_term","none_observed","glossary","REFERENCE","definition"
"https://waterbalancetools.com/glossary/conductivity","glossary-term","define_term","none_observed","glossary","REFERENCE","definition"
"https://waterbalancetools.com/glossary/copper","glossary-term","define_term","none_observed","glossary","REFERENCE","definition"
"https://waterbalancetools.com/glossary/cyanuric-acid","glossary-term","define_term","none_observed","glossary","REFERENCE","definition"
"https://waterbalancetools.com/glossary/de-filter","glossary-term","define_term","none_observed","glossary","REFERENCE","definition"
"https://waterbalancetools.com/glossary/dead-algae","glossary-term","define_term","none_observed","glossary","REFERENCE","definition"
"https://waterbalancetools.com/glossary/dichlor","glossary-term","define_term","none_observed","glossary","REFERENCE","definition"
"https://waterbalancetools.com/glossary/dilution","glossary-term","define_term","none_observed","glossary","REFERENCE","definition"
"https://waterbalancetools.com/glossary/dpd-test","glossary-term","define_term","none_observed","glossary","REFERENCE","definition"
"https://waterbalancetools.com/glossary/evaporation","glossary-term","define_term","none_observed","glossary","REFERENCE","definition"
"https://waterbalancetools.com/glossary/filter-pressure","glossary-term","define_term","none_observed","glossary","REFERENCE","definition"
"https://waterbalancetools.com/glossary/flocculant","glossary-term","define_term","none_observed","glossary","REFERENCE","definition"
"https://waterbalancetools.com/glossary/free-chlorine","glossary-term","define_term","none_observed","glossary","REFERENCE","definition"
"https://waterbalancetools.com/glossary/gpm","glossary-term","define_term","none_observed","glossary","REFERENCE","definition"
"https://waterbalancetools.com/glossary/green-algae","glossary-term","define_term","none_observed","glossary","REFERENCE","definition"
"https://waterbalancetools.com/glossary/hypochlorous-acid","glossary-term","define_term","none_observed","glossary","REFERENCE","definition"
"https://waterbalancetools.com/glossary/","glossary-term","define_term","none_observed","glossary","REFERENCE","definition"
"https://waterbalancetools.com/glossary/iron","glossary-term","define_term","none_observed","glossary","REFERENCE","definition"
"https://waterbalancetools.com/glossary/langelier-saturation-index","glossary-term","define_term","none_observed","glossary","REFERENCE","definition"
"https://waterbalancetools.com/glossary/main-drain","glossary-term","define_term","none_observed","glossary","REFERENCE","definition"
"https://waterbalancetools.com/glossary/metal-sequestrant","glossary-term","define_term","none_observed","glossary","REFERENCE","definition"
"https://waterbalancetools.com/glossary/multiport-valve","glossary-term","define_term","none_observed","glossary","REFERENCE","definition"
"https://waterbalancetools.com/glossary/muriatic-acid","glossary-term","define_term","none_observed","glossary","REFERENCE","definition"
"https://waterbalancetools.com/glossary/mustard-algae","glossary-term","define_term","none_observed","glossary","REFERENCE","definition"
"https://waterbalancetools.com/glossary/opening-chemical-kit","glossary-term","define_term","none_observed","glossary","REFERENCE","definition"
"https://waterbalancetools.com/glossary/orp","glossary-term","define_term","none_observed","glossary","REFERENCE","definition"
"https://waterbalancetools.com/glossary/oto-test","glossary-term","define_term","none_observed","glossary","REFERENCE","definition"
"https://waterbalancetools.com/glossary/oxidizer","glossary-term","define_term","none_observed","glossary","REFERENCE","definition"
"https://waterbalancetools.com/glossary/ozone","glossary-term","define_term","none_observed","glossary","REFERENCE","definition"
"https://waterbalancetools.com/glossary/partial-drain","glossary-term","define_term","none_observed","glossary","REFERENCE","definition"
"https://waterbalancetools.com/glossary/parts-per-million","glossary-term","define_term","none_observed","glossary","REFERENCE","definition"
"https://waterbalancetools.com/glossary/ph-bounce","glossary-term","define_term","none_observed","glossary","REFERENCE","definition"
"https://waterbalancetools.com/glossary/ph-increaser","glossary-term","define_term","none_observed","glossary","REFERENCE","definition"
"https://waterbalancetools.com/glossary/ph","glossary-term","define_term","none_observed","glossary","REFERENCE","definition"
"https://waterbalancetools.com/glossary/phosphates","glossary-term","define_term","none_observed","glossary","REFERENCE","definition"
"https://waterbalancetools.com/glossary/pink-slime","glossary-term","define_term","none_observed","glossary","REFERENCE","definition"
"https://waterbalancetools.com/glossary/pool-chemistry-reference","glossary-term","define_term","none_observed","glossary","REFERENCE","definition"
"https://waterbalancetools.com/glossary/pool-maintenance-schedule","glossary-term","define_term","none_observed","glossary","REFERENCE","definition"
"https://waterbalancetools.com/glossary/pool-pump","glossary-term","define_term","none_observed","glossary","REFERENCE","definition"
"https://waterbalancetools.com/glossary/pool-safety-equipment","glossary-term","define_term","none_observed","glossary","REFERENCE","definition"
"https://waterbalancetools.com/glossary/pool-shock-schedule","glossary-term","define_term","none_observed","glossary","REFERENCE","definition"
"https://waterbalancetools.com/glossary/pool-turnover-rate","glossary-term","define_term","none_observed","glossary","REFERENCE","definition"
"https://waterbalancetools.com/glossary/pool-volume-reference","glossary-term","define_term","none_observed","glossary","REFERENCE","definition"
"https://waterbalancetools.com/glossary/pool-volume","glossary-term","define_term","none_observed","glossary","REFERENCE","definition"
"https://waterbalancetools.com/glossary/pressure-gauge","glossary-term","define_term","none_observed","glossary","REFERENCE","definition"
"https://waterbalancetools.com/glossary/pump-turnover","glossary-term","define_term","none_observed","glossary","REFERENCE","definition"
"https://waterbalancetools.com/glossary/reagent","glossary-term","define_term","none_observed","glossary","REFERENCE","definition"
"https://waterbalancetools.com/glossary/return-jet","glossary-term","define_term","none_observed","glossary","REFERENCE","definition"
"https://waterbalancetools.com/glossary/salt-chlorination","glossary-term","define_term","none_observed","glossary","REFERENCE","definition"
"https://waterbalancetools.com/glossary/sand-filter","glossary-term","define_term","none_observed","glossary","REFERENCE","definition"
"https://waterbalancetools.com/glossary/sanitizer","glossary-term","define_term","none_observed","glossary","REFERENCE","definition"
"https://waterbalancetools.com/glossary/saturated-ph","glossary-term","define_term","none_observed","glossary","REFERENCE","definition"
"https://waterbalancetools.com/glossary/saturation-index","glossary-term","define_term","none_observed","glossary","REFERENCE","definition"
"https://waterbalancetools.com/glossary/scale-inhibitor","glossary-term","define_term","none_observed","glossary","REFERENCE","definition"
"https://waterbalancetools.com/glossary/scaling-water","glossary-term","define_term","none_observed","glossary","REFERENCE","definition"
"https://waterbalancetools.com/glossary/shock-dosage","glossary-term","define_term","none_observed","glossary","REFERENCE","definition"
"https://waterbalancetools.com/glossary/shock","glossary-term","define_term","none_observed","glossary","REFERENCE","definition"
"https://waterbalancetools.com/glossary/skimmer","glossary-term","define_term","none_observed","glossary","REFERENCE","definition"
"https://waterbalancetools.com/glossary/sodium-bicarbonate","glossary-term","define_term","none_observed","glossary","REFERENCE","definition"
"https://waterbalancetools.com/glossary/sodium-bisulfate","glossary-term","define_term","none_observed","glossary","REFERENCE","definition"
"https://waterbalancetools.com/glossary/sodium-carbonate","glossary-term","define_term","none_observed","glossary","REFERENCE","definition"
"https://waterbalancetools.com/glossary/sodium-hypochlorite","glossary-term","define_term","none_observed","glossary","REFERENCE","definition"
"https://waterbalancetools.com/glossary/superchlorination","glossary-term","define_term","none_observed","glossary","REFERENCE","definition"
"https://waterbalancetools.com/glossary/test-strip","glossary-term","define_term","none_observed","glossary","REFERENCE","definition"
"https://waterbalancetools.com/glossary/total-alkalinity","glossary-term","define_term","none_observed","glossary","REFERENCE","definition"
"https://waterbalancetools.com/glossary/total-chlorine","glossary-term","define_term","none_observed","glossary","REFERENCE","definition"
"https://waterbalancetools.com/glossary/total-dissolved-solids","glossary-term","define_term","none_observed","glossary","REFERENCE","definition"
"https://waterbalancetools.com/glossary/total-hardness","glossary-term","define_term","none_observed","glossary","REFERENCE","definition"
"https://waterbalancetools.com/glossary/trichlor","glossary-term","define_term","none_observed","glossary","REFERENCE","definition"
"https://waterbalancetools.com/glossary/turbidity","glossary-term","define_term","none_observed","glossary","REFERENCE","definition"
"https://waterbalancetools.com/glossary/uv-sanitization","glossary-term","define_term","none_observed","glossary","REFERENCE","definition"
"https://waterbalancetools.com/glossary/water-balance-checklist","glossary-term","define_term","none_observed","glossary","REFERENCE","definition"
"https://waterbalancetools.com/glossary/water-temperature","glossary-term","define_term","none_observed","glossary","REFERENCE","definition"
"https://waterbalancetools.com/glossary/water-test-log","glossary-term","define_term","none_observed","glossary","REFERENCE","definition"
"https://waterbalancetools.com/glossary/winterization","glossary-term","define_term","none_observed","glossary","REFERENCE","definition"
"https://waterbalancetools.com/guides/advanced/chlorine-breakdown-sunlight","guide","understand_advanced","quick_answer","guides/advanced","INFORMATIONAL","explainer"
"https://waterbalancetools.com/guides/advanced/chlorine-vs-saltwater","guide","understand_advanced","quick_answer","guides/advanced","INFORMATIONAL","explainer"
"https://waterbalancetools.com/guides/advanced/cya-stabilizer-explained","guide","understand_advanced","quick_answer","guides/advanced","INFORMATIONAL","explainer"
"https://waterbalancetools.com/guides/advanced/","guide","understand_advanced","none_observed","guides/advanced","INFORMATIONAL","explainer"
"https://waterbalancetools.com/guides/advanced/pool-chemistry-balance-explained","guide","understand_advanced","quick_answer","guides/advanced","INFORMATIONAL","explainer"
"https://waterbalancetools.com/guides/alkalinity-guide","guide","understand_guides","none_observed","guides","INFORMATIONAL","explainer"
"https://waterbalancetools.com/guides/chlorine-guide","guide","understand_guides","none_observed","guides","INFORMATIONAL","explainer"
"https://waterbalancetools.com/guides/chlorine/chlorine-too-high-after-shocking","guide","understand_chlorine","reference_lookup","guides/chlorine","INFORMATIONAL","explainer"
"https://waterbalancetools.com/guides/chlorine/free-chlorine-vs-total-chlorine","guide","understand_chlorine","reference_lookup","guides/chlorine","INFORMATIONAL","explainer"
"https://waterbalancetools.com/guides/chlorine/how-often-should-i-shock-my-pool","guide","understand_chlorine","reference_lookup","guides/chlorine","INFORMATIONAL","explainer"
"https://waterbalancetools.com/guides/chlorine/","guide","understand_chlorine","none_observed","guides/chlorine","INFORMATIONAL","explainer"
"https://waterbalancetools.com/guides/chlorine/why-pool-chlorine-disappears-overnight","guide","understand_chlorine","reference_lookup","guides/chlorine","INFORMATIONAL","explainer"
"https://waterbalancetools.com/guides/chlorine/why-pool-wont-hold-chlorine","guide","understand_chlorine","reference_lookup","guides/chlorine","INFORMATIONAL","explainer"
"https://waterbalancetools.com/guides/edge-cases/evaporation-effect-on-pool-chemistry","guide","understand_edge-cases","none_observed","guides/edge-cases","INFORMATIONAL","explainer"
"https://waterbalancetools.com/guides/edge-cases/high-cya-chlorine-lock","guide","understand_edge-cases","none_observed","guides/edge-cases","INFORMATIONAL","explainer"
"https://waterbalancetools.com/guides/edge-cases/","guide","understand_edge-cases","none_observed","guides/edge-cases","INFORMATIONAL","explainer"
"https://waterbalancetools.com/guides/edge-cases/over-shocking-pool-effects","guide","understand_edge-cases","none_observed","guides/edge-cases","INFORMATIONAL","explainer"
"https://waterbalancetools.com/guides/edge-cases/pool-temperature-effect-chlorine","guide","understand_edge-cases","none_observed","guides/edge-cases","INFORMATIONAL","explainer"
"https://waterbalancetools.com/guides/edge-cases/rain-effect-on-pool-chemistry","guide","understand_edge-cases","none_observed","guides/edge-cases","INFORMATIONAL","explainer"
"https://waterbalancetools.com/guides/edge-cases/swimming-after-shocking-pool","guide","understand_edge-cases","none_observed","guides/edge-cases","INFORMATIONAL","explainer"
"https://waterbalancetools.com/guides/hot-tub-chemistry","guide","understand_guides","none_observed","guides","INFORMATIONAL","explainer"
"https://waterbalancetools.com/guides/hot-tub-maintenance","guide","understand_guides","none_observed","guides","INFORMATIONAL","explainer"
"https://waterbalancetools.com/guides/hot-tub/hot-tub-alkalinity-too-high","guide","understand_hot-tub","reference_lookup","guides/hot-tub","INFORMATIONAL","explainer"
"https://waterbalancetools.com/guides/hot-tub/hot-tub-chlorine-too-high","guide","understand_hot-tub","reference_lookup","guides/hot-tub","INFORMATIONAL","explainer"
"https://waterbalancetools.com/guides/hot-tub/hot-tub-chlorine-too-low","guide","understand_hot-tub","reference_lookup","guides/hot-tub","INFORMATIONAL","explainer"
"https://waterbalancetools.com/guides/hot-tub/hot-tub-ph-too-low","guide","understand_hot-tub","reference_lookup","guides/hot-tub","INFORMATIONAL","explainer"
"https://waterbalancetools.com/guides/hot-tub/how-often-to-shock-a-hot-tub","guide","understand_hot-tub","reference_lookup","guides/hot-tub","INFORMATIONAL","explainer"
"https://waterbalancetools.com/guides/hot-tub/","guide","understand_hot-tub","none_observed","guides/hot-tub","INFORMATIONAL","explainer"
"https://waterbalancetools.com/guides/","guide-hub","guide-hub","none_observed","guides","DISCOVERY","supporting_content"
"https://waterbalancetools.com/guides/ph-guide","guide","understand_guides","none_observed","guides","INFORMATIONAL","explainer"
"https://waterbalancetools.com/guides/ph/can-you-swim-in-high-ph-water","guide","understand_ph","quick_answer","guides/ph","INFORMATIONAL","explainer"
"https://waterbalancetools.com/guides/ph/does-rain-lower-pool-ph","guide","understand_ph","quick_answer","guides/ph","INFORMATIONAL","explainer"
"https://waterbalancetools.com/guides/ph/how-to-lower-pool-ph","guide","understand_ph","quick_answer","guides/ph","INFORMATIONAL","explainer"
"https://waterbalancetools.com/guides/ph/","guide","understand_ph","none_observed","guides/ph","INFORMATIONAL","explainer"
"https://waterbalancetools.com/guides/ph/what-causes-high-pool-ph","guide","understand_ph","quick_answer","guides/ph","INFORMATIONAL","explainer"
"https://waterbalancetools.com/guides/ph/why-pool-ph-keeps-rising","guide","understand_ph","quick_answer","guides/ph","INFORMATIONAL","explainer"
"https://waterbalancetools.com/guides/pool-chemistry-basics","guide","understand_guides","none_observed","guides","INFORMATIONAL","explainer"
"https://waterbalancetools.com/guides/questions/can-rain-affect-pool-chemistry","question-page","answer_specific_question","quick_answer","guides/questions","DIAGNOSTIC","direct_answer"
"https://waterbalancetools.com/guides/questions/can-you-swim-after-shocking-a-pool","question-page","answer_specific_question","quick_answer","guides/questions","DIAGNOSTIC","direct_answer"
"https://waterbalancetools.com/guides/questions/","question-page","answer_specific_question","none_observed","guides/questions","DIAGNOSTIC","direct_answer"
"https://waterbalancetools.com/guides/questions/why-does-hot-tub-water-smell","question-page","answer_specific_question","quick_answer","guides/questions","DIAGNOSTIC","direct_answer"
"https://waterbalancetools.com/guides/questions/why-does-pool-water-turn-cloudy","question-page","answer_specific_question","quick_answer","guides/questions","DIAGNOSTIC","direct_answer"
"https://waterbalancetools.com/guides/questions/why-is-my-hot-tub-foamy","question-page","answer_specific_question","quick_answer","guides/questions","DIAGNOSTIC","direct_answer"
"https://waterbalancetools.com/guides/questions/why-is-my-pool-green-but-chlorine-is-high","question-page","answer_specific_question","quick_answer","guides/questions","DIAGNOSTIC","direct_answer"
"https://waterbalancetools.com/guides/seasonal/closing-pool-chemistry-winter","guide","understand_seasonal","none_observed","guides/seasonal","INFORMATIONAL","explainer"
"https://waterbalancetools.com/guides/seasonal/","guide","understand_seasonal","none_observed","guides/seasonal","INFORMATIONAL","explainer"
"https://waterbalancetools.com/guides/seasonal/opening-pool-chemistry-checklist","guide","understand_seasonal","none_observed","guides/seasonal","INFORMATIONAL","explainer"
"https://waterbalancetools.com/guides/seasonal/summer-high-chlorine-demand","guide","understand_seasonal","none_observed","guides/seasonal","INFORMATIONAL","explainer"
"https://waterbalancetools.com/guides/seasonal/winter-pool-maintenance-chemistry","guide","understand_seasonal","none_observed","guides/seasonal","INFORMATIONAL","explainer"
"https://waterbalancetools.com/hot-tub-chemical-levels-chart","chart","lookup_reference_range_root","quick_answer","root","REFERENCE","reference_table"
"https://waterbalancetools.com/hot-tub-chlorine-levels-chart","chart","lookup_reference_range_root","quick_answer","root","REFERENCE","reference_table"
"https://waterbalancetools.com/","homepage","homepage","quick_answer","root","DISCOVERY","supporting_content"
"https://waterbalancetools.com/legal/","legal","legal","none_observed","legal","REFERENCE","supporting_content"
"https://waterbalancetools.com/legal/legal","legal","legal","none_observed","legal","REFERENCE","supporting_content"
"https://waterbalancetools.com/legal/ownership","legal","legal","none_observed","legal","REFERENCE","supporting_content"
"https://waterbalancetools.com/maintenance/how-often-add-chlorine-pool","maintenance-guide","maintenance-guide","quick_answer","maintenance","INFORMATIONAL","supporting_content"
"https://waterbalancetools.com/maintenance/how-to-balance-pool-water","maintenance-guide","maintenance-guide","none_observed","maintenance","INFORMATIONAL","supporting_content"
"https://waterbalancetools.com/maintenance/how-to-fix-cloudy-hot-tub","maintenance-guide","maintenance-guide","none_observed","maintenance","INFORMATIONAL","supporting_content"
"https://waterbalancetools.com/maintenance/","maintenance-hub","maintenance-hub","none_observed","maintenance","DISCOVERY","supporting_content"
"https://waterbalancetools.com/methodology/calculation-assumptions/","methodology","methodology","none_observed","methodology/calculation-assumptions","INFORMATIONAL","supporting_content"
"https://waterbalancetools.com/methodology/calculation-methodology/","methodology","methodology","none_observed","methodology/calculation-methodology","INFORMATIONAL","supporting_content"
"https://waterbalancetools.com/methodology/confidence-system/","methodology","methodology","none_observed","methodology/confidence-system","INFORMATIONAL","supporting_content"
"https://waterbalancetools.com/methodology/formula-selection/","methodology","methodology","none_observed","methodology/formula-selection","INFORMATIONAL","supporting_content"
"https://waterbalancetools.com/methodology/","methodology","methodology","none_observed","methodology","INFORMATIONAL","supporting_content"
"https://waterbalancetools.com/methodology/known-limitations/","methodology","methodology","none_observed","methodology/known-limitations","INFORMATIONAL","supporting_content"
"https://waterbalancetools.com/methodology/precision-policy/","methodology","methodology","none_observed","methodology/precision-policy","INFORMATIONAL","supporting_content"
"https://waterbalancetools.com/methodology/rounding-policy/","methodology","methodology","none_observed","methodology/rounding-policy","INFORMATIONAL","supporting_content"
"https://waterbalancetools.com/pool-alkalinity-levels-chart","chart","lookup_reference_range_root","quick_answer","root","REFERENCE","reference_table"
"https://waterbalancetools.com/pool-chemical-levels-chart","chart","lookup_reference_range_root","quick_answer","root","REFERENCE","reference_table"
"https://waterbalancetools.com/pool-chemistry-system","chart","lookup_reference_range_root","reference_lookup","root","REFERENCE","reference_table"
"https://waterbalancetools.com/pool-chlorine-levels-chart","chart","lookup_reference_range_root","quick_answer","root","REFERENCE","reference_table"
"https://waterbalancetools.com/pool-cya-levels-chart","chart","lookup_reference_range_root","quick_answer","root","REFERENCE","reference_table"
"https://waterbalancetools.com/pool-ph-levels-chart","chart","lookup_reference_range_root","quick_answer","root","REFERENCE","reference_table"
"https://waterbalancetools.com/printable/maintenance-checklist","printable","printable","none_observed","printable","TRANSACTIONAL-ADJACENT","supporting_content"
"https://waterbalancetools.com/printables/airbnb-pool-turnover-checklist","printable","printable","none_observed","printables","TRANSACTIONAL-ADJACENT","supporting_content"
"https://waterbalancetools.com/printables/hot-tub-maintenance-log","printable","printable","reference_lookup","printables","TRANSACTIONAL-ADJACENT","supporting_content"
"https://waterbalancetools.com/printables/pool-maintenance-checklist","printable","printable","none_observed","printables","TRANSACTIONAL-ADJACENT","supporting_content"
"https://waterbalancetools.com/programmatic/behavior/how-often-to-shock-pool","programmatic-longtail","calculate_behavior_for_specific_input","quick_answer","programmatic/behavior","CALCULATOR","parametric_answer"
"https://waterbalancetools.com/programmatic/behavior/how-often-to-test-pool-water","programmatic-longtail","calculate_behavior_for_specific_input","quick_answer","programmatic/behavior","CALCULATOR","parametric_answer"
"https://waterbalancetools.com/programmatic/behavior/","programmatic-subhub","programmatic-subhub","none_observed","programmatic/behavior","DISCOVERY","supporting_content"
"https://waterbalancetools.com/programmatic/behavior/when-to-add-chlorine","programmatic-longtail","calculate_behavior_for_specific_input","quick_answer","programmatic/behavior","CALCULATOR","parametric_answer"
"https://waterbalancetools.com/programmatic/chlorine/how-much-chlorine-for-10000-gallon-pool","programmatic-longtail","calculate_chlorine_for_specific_input","quick_answer","programmatic/chlorine","CALCULATOR","parametric_answer"
"https://waterbalancetools.com/programmatic/chlorine/how-much-chlorine-for-12000-gallon-pool","programmatic-longtail","calculate_chlorine_for_specific_input","quick_answer","programmatic/chlorine","CALCULATOR","parametric_answer"
"https://waterbalancetools.com/programmatic/chlorine/how-much-chlorine-for-15000-gallon-pool","programmatic-longtail","calculate_chlorine_for_specific_input","quick_answer","programmatic/chlorine","CALCULATOR","parametric_answer"
"https://waterbalancetools.com/programmatic/chlorine/how-much-chlorine-for-18000-gallon-pool","programmatic-longtail","calculate_chlorine_for_specific_input","quick_answer","programmatic/chlorine","CALCULATOR","parametric_answer"
"https://waterbalancetools.com/programmatic/chlorine/how-much-chlorine-for-20000-gallon-pool","programmatic-longtail","calculate_chlorine_for_specific_input","quick_answer","programmatic/chlorine","CALCULATOR","parametric_answer"
"https://waterbalancetools.com/programmatic/chlorine/how-much-chlorine-for-25000-gallon-pool","programmatic-longtail","calculate_chlorine_for_specific_input","quick_answer","programmatic/chlorine","CALCULATOR","parametric_answer"
"https://waterbalancetools.com/programmatic/chlorine/how-much-chlorine-for-30000-gallon-pool","programmatic-longtail","calculate_chlorine_for_specific_input","quick_answer","programmatic/chlorine","CALCULATOR","parametric_answer"
"https://waterbalancetools.com/programmatic/chlorine/how-much-chlorine-for-5000-gallon-pool","programmatic-longtail","calculate_chlorine_for_specific_input","quick_answer","programmatic/chlorine","CALCULATOR","parametric_answer"
"https://waterbalancetools.com/programmatic/chlorine/how-much-chlorine-for-7000-gallon-pool","programmatic-longtail","calculate_chlorine_for_specific_input","quick_answer","programmatic/chlorine","CALCULATOR","parametric_answer"
"https://waterbalancetools.com/programmatic/chlorine/how-much-chlorine-for-8000-gallon-pool","programmatic-longtail","calculate_chlorine_for_specific_input","quick_answer","programmatic/chlorine","CALCULATOR","parametric_answer"
"https://waterbalancetools.com/programmatic/chlorine/how-much-chlorine-for-9000-gallon-pool","programmatic-longtail","calculate_chlorine_for_specific_input","quick_answer","programmatic/chlorine","CALCULATOR","parametric_answer"
"https://waterbalancetools.com/programmatic/chlorine/","programmatic-subhub","programmatic-subhub","none_observed","programmatic/chlorine","DISCOVERY","supporting_content"
"https://waterbalancetools.com/programmatic/explanations/","programmatic-subhub","programmatic-subhub","none_observed","programmatic/explanations","DISCOVERY","supporting_content"
"https://waterbalancetools.com/programmatic/explanations/what-is-pool-alkalinity","programmatic-longtail","calculate_explanations_for_specific_input","quick_answer","programmatic/explanations","CALCULATOR","parametric_answer"
"https://waterbalancetools.com/programmatic/explanations/why-ph-affects-chlorine","programmatic-longtail","calculate_explanations_for_specific_input","quick_answer","programmatic/explanations","CALCULATOR","parametric_answer"
"https://waterbalancetools.com/programmatic/explanations/why-shower-before-pool","programmatic-longtail","calculate_explanations_for_specific_input","quick_answer","programmatic/explanations","CALCULATOR","parametric_answer"
"https://waterbalancetools.com/programmatic/hot-tubs/hot-tub-chemicals-for-200-gallons","programmatic-longtail","calculate_hot-tubs_for_specific_input","quick_answer","programmatic/hot-tubs","CALCULATOR","parametric_answer"
"https://waterbalancetools.com/programmatic/hot-tubs/hot-tub-chemicals-for-300-gallons","programmatic-longtail","calculate_hot-tubs_for_specific_input","quick_answer","programmatic/hot-tubs","CALCULATOR","parametric_answer"
"https://waterbalancetools.com/programmatic/hot-tubs/hot-tub-chemicals-for-400-gallons","programmatic-longtail","calculate_hot-tubs_for_specific_input","quick_answer","programmatic/hot-tubs","CALCULATOR","parametric_answer"
"https://waterbalancetools.com/programmatic/hot-tubs/hot-tub-chemicals-for-500-gallons","programmatic-longtail","calculate_hot-tubs_for_specific_input","quick_answer","programmatic/hot-tubs","CALCULATOR","parametric_answer"
"https://waterbalancetools.com/programmatic/hot-tubs/hot-tub-chemicals-for-600-gallons","programmatic-longtail","calculate_hot-tubs_for_specific_input","quick_answer","programmatic/hot-tubs","CALCULATOR","parametric_answer"
"https://waterbalancetools.com/programmatic/hot-tubs/","programmatic-subhub","programmatic-subhub","none_observed","programmatic/hot-tubs","DISCOVERY","supporting_content"
"https://waterbalancetools.com/programmatic/","programmatic-hub","programmatic-hub","none_observed","programmatic","DISCOVERY","supporting_content"
"https://waterbalancetools.com/programmatic/ph/how-to-adjust-ph-from-6-8-to-7-2","programmatic-longtail","calculate_ph_for_specific_input","quick_answer","programmatic/ph","CALCULATOR","parametric_answer"
"https://waterbalancetools.com/programmatic/ph/how-to-adjust-ph-from-7-8-to-7-4","programmatic-longtail","calculate_ph_for_specific_input","quick_answer","programmatic/ph","CALCULATOR","parametric_answer"
"https://waterbalancetools.com/programmatic/ph/how-to-adjust-ph-from-7-to-7-4","programmatic-longtail","calculate_ph_for_specific_input","quick_answer","programmatic/ph","CALCULATOR","parametric_answer"
"https://waterbalancetools.com/programmatic/ph/how-to-adjust-ph-from-8-to-7-5","programmatic-longtail","calculate_ph_for_specific_input","quick_answer","programmatic/ph","CALCULATOR","parametric_answer"
"https://waterbalancetools.com/programmatic/ph/","programmatic-subhub","programmatic-subhub","none_observed","programmatic/ph","DISCOVERY","supporting_content"
"https://waterbalancetools.com/programmatic/problems/cloudy-pool-fix","programmatic-longtail","calculate_problems_for_specific_input","quick_answer","programmatic/problems","CALCULATOR","parametric_answer"
"https://waterbalancetools.com/programmatic/problems/green-pool-how-much-chlorine","programmatic-longtail","calculate_problems_for_specific_input","quick_answer","programmatic/problems","CALCULATOR","parametric_answer"
"https://waterbalancetools.com/programmatic/problems/high-chlorine-how-to-lower","programmatic-longtail","calculate_problems_for_specific_input","quick_answer","programmatic/problems","CALCULATOR","parametric_answer"
"https://waterbalancetools.com/programmatic/problems/","programmatic-subhub","programmatic-subhub","none_observed","programmatic/problems","DISCOVERY","supporting_content"
"https://waterbalancetools.com/programmatic/problems/low-alkalinity-symptoms","programmatic-longtail","calculate_problems_for_specific_input","quick_answer","programmatic/problems","CALCULATOR","parametric_answer"
"https://waterbalancetools.com/programmatic/shock/how-much-shock-for-10000-gallon-pool","programmatic-longtail","calculate_shock_for_specific_input","quick_answer","programmatic/shock","CALCULATOR","parametric_answer"
"https://waterbalancetools.com/programmatic/shock/how-much-shock-for-15000-gallon-pool","programmatic-longtail","calculate_shock_for_specific_input","quick_answer","programmatic/shock","CALCULATOR","parametric_answer"
"https://waterbalancetools.com/programmatic/shock/how-much-shock-for-20000-gallon-pool","programmatic-longtail","calculate_shock_for_specific_input","quick_answer","programmatic/shock","CALCULATOR","parametric_answer"
"https://waterbalancetools.com/programmatic/shock/how-much-shock-for-25000-gallon-pool","programmatic-longtail","calculate_shock_for_specific_input","quick_answer","programmatic/shock","CALCULATOR","parametric_answer"
"https://waterbalancetools.com/programmatic/shock/how-much-shock-for-30000-gallon-pool","programmatic-longtail","calculate_shock_for_specific_input","quick_answer","programmatic/shock","CALCULATOR","parametric_answer"
"https://waterbalancetools.com/programmatic/shock/how-much-shock-for-5000-gallon-pool","programmatic-longtail","calculate_shock_for_specific_input","quick_answer","programmatic/shock","CALCULATOR","parametric_answer"
"https://waterbalancetools.com/programmatic/shock/","programmatic-subhub","programmatic-subhub","none_observed","programmatic/shock","DISCOVERY","supporting_content"
"https://waterbalancetools.com/provenance/","provenance","provenance","reference_lookup","provenance","INFORMATIONAL","supporting_content"
"https://waterbalancetools.com/reference/alkalinity-table","reference-page","reference-page","find_calculator","reference","REFERENCE","reference_article"
"https://waterbalancetools.com/reference/calcium-hardness-explained","reference-page","reference-page","quick_answer","reference","REFERENCE","reference_article"
"https://waterbalancetools.com/reference/calculator-directory","reference-page","reference-page","find_calculator","reference","REFERENCE","reference_article"
"https://waterbalancetools.com/reference/chemical-compatibility","reference-page","reference-page","reference_lookup","reference","REFERENCE","reference_article"
"https://waterbalancetools.com/reference/chemical-conversion-tables","reference-page","reference-page","find_calculator","reference","REFERENCE","reference_article"
"https://waterbalancetools.com/reference/chemical-safety","reference-page","reference-page","none_observed","reference","REFERENCE","reference_article"
"https://waterbalancetools.com/reference/chemical-storage-guide","reference-page","reference-page","reference_lookup","reference","REFERENCE","reference_article"
"https://waterbalancetools.com/reference/chlorine-effectiveness-chart","reference-page","reference-page","find_calculator","reference","REFERENCE","reference_article"
"https://waterbalancetools.com/reference/chlorine-explained","reference-page","reference-page","quick_answer","reference","REFERENCE","reference_article"
"https://waterbalancetools.com/reference/combined-chlorine-explained","reference-page","reference-page","quick_answer","reference","REFERENCE","reference_article"
"https://waterbalancetools.com/reference/common-pool-chemistry-mistakes","reference-page","reference-page","none_observed","reference","REFERENCE","reference_article"
"https://waterbalancetools.com/reference/cya-matrix","reference-page","reference-page","find_calculator","reference","REFERENCE","reference_article"
"https://waterbalancetools.com/reference/cyanuric-acid-explained","reference-page","reference-page","quick_answer","reference","REFERENCE","reference_article"
"https://waterbalancetools.com/reference/emergency-recovery","reference-page","reference-page","find_calculator","reference","REFERENCE","reference_article"
"https://waterbalancetools.com/reference/filter-comparison","reference-page","reference-page","find_calculator","reference","REFERENCE","reference_article"
"https://waterbalancetools.com/reference/free-chlorine-explained","reference-page","reference-page","quick_answer","reference","REFERENCE","reference_article"
"https://waterbalancetools.com/reference/ideal-pool-levels","reference-page","reference-page","find_calculator","reference","REFERENCE","reference_article"
"https://waterbalancetools.com/reference/ideal-spa-levels","reference-page","reference-page","find_calculator","reference","REFERENCE","reference_article"
"https://waterbalancetools.com/reference/","reference-hub","reference-hub","none_observed","reference","REFERENCE","supporting_content"
"https://waterbalancetools.com/reference/ph-table","reference-page","reference-page","find_calculator","reference","REFERENCE","reference_article"
"https://waterbalancetools.com/reference/pool-chemical-timeline","reference-page","reference-page","find_calculator","reference","REFERENCE","reference_article"
"https://waterbalancetools.com/reference/pool-chemicals-explained","reference-page","reference-page","none_observed","reference","REFERENCE","reference_article"
"https://waterbalancetools.com/reference/pool-chemistry-reference","reference-page","reference-page","reference_lookup","reference","REFERENCE","reference_article"
"https://waterbalancetools.com/reference/pool-shape-guide","reference-page","reference-page","find_calculator","reference","REFERENCE","reference_article"
"https://waterbalancetools.com/reference/pool-volume-reference","reference-page","reference-page","find_calculator","reference","REFERENCE","reference_article"
"https://waterbalancetools.com/reference/printable-resources-index","reference-page","reference-page","reference_lookup","reference","REFERENCE","reference_article"
"https://waterbalancetools.com/reference/pump-sizing","reference-page","reference-page","find_calculator","reference","REFERENCE","reference_article"
"https://waterbalancetools.com/reference/recommended-water-temperature","reference-page","reference-page","find_calculator","reference","REFERENCE","reference_article"
"https://waterbalancetools.com/reference/salt-matrix","reference-page","reference-page","find_calculator","reference","REFERENCE","reference_article"
"https://waterbalancetools.com/reference/salt-water-generator-explained","reference-page","reference-page","quick_answer","reference","REFERENCE","reference_article"
"https://waterbalancetools.com/reference/shock-dosage-matrix","reference-page","reference-page","find_calculator","reference","REFERENCE","reference_article"
"https://waterbalancetools.com/reference/shock-treatment-explained","reference-page","reference-page","quick_answer","reference","REFERENCE","reference_article"
"https://waterbalancetools.com/reference/testing-frequency","reference-page","reference-page","find_calculator","reference","REFERENCE","reference_article"
"https://waterbalancetools.com/reference/total-alkalinity-explained","reference-page","reference-page","quick_answer","reference","REFERENCE","reference_article"
"https://waterbalancetools.com/reference/vacation-rental-maintenance-schedule","reference-page","reference-page","find_calculator","reference","REFERENCE","reference_article"
"https://waterbalancetools.com/reference/water-balance-checklist","reference-page","reference-page","find_calculator","reference","REFERENCE","reference_article"
"https://waterbalancetools.com/reference/water-replacement-guidelines","reference-page","reference-page","find_calculator","reference","REFERENCE","reference_article"
"https://waterbalancetools.com/releases/1.0.0","release-notes","release-notes","reference_lookup","releases","INFORMATIONAL","supporting_content"
"https://waterbalancetools.com/releases/1.1.0","release-notes","release-notes","reference_lookup","releases","INFORMATIONAL","supporting_content"
"https://waterbalancetools.com/releases/compatibility","release-notes","release-notes","reference_lookup","releases","INFORMATIONAL","supporting_content"
"https://waterbalancetools.com/releases/","release-notes","release-notes","none_observed","releases","INFORMATIONAL","supporting_content"
"https://waterbalancetools.com/resources/airbnb-pool-turnover-checklist","resource","resource","find_calculator","resources","TRANSACTIONAL-ADJACENT","supporting_content"
"https://waterbalancetools.com/resources/hot-tub-maintenance-log","resource","resource","find_calculator","resources","TRANSACTIONAL-ADJACENT","supporting_content"
"https://waterbalancetools.com/resources/","resource-hub","resource-hub","none_observed","resources","DISCOVERY","supporting_content"
"https://waterbalancetools.com/resources/pool-chemical-log-sheet","resource","resource","find_calculator","resources","TRANSACTIONAL-ADJACENT","supporting_content"
"https://waterbalancetools.com/resources/pool-closing-checklist","resource","resource","find_calculator","resources","TRANSACTIONAL-ADJACENT","supporting_content"
"https://waterbalancetools.com/resources/pool-maintenance-checklist","resource","resource","find_calculator","resources","TRANSACTIONAL-ADJACENT","supporting_content"
"https://waterbalancetools.com/resources/pool-opening-checklist","resource","resource","find_calculator","resources","TRANSACTIONAL-ADJACENT","supporting_content"
"https://waterbalancetools.com/resources/pool-shock-log","resource","resource","find_calculator","resources","TRANSACTIONAL-ADJACENT","supporting_content"
"https://waterbalancetools.com/resources/water-test-log","resource","resource","find_calculator","resources","TRANSACTIONAL-ADJACENT","supporting_content"
"https://waterbalancetools.com/revisions/","revision-log","revision-log","reference_lookup","revisions","INFORMATIONAL","supporting_content"
"https://waterbalancetools.com/salt-water-pool-chemical-levels-chart","chart","lookup_reference_range_root","quick_answer","root","REFERENCE","reference_table"
