topic,page,crawl_depth,inbound_links,in_primary_nav_or_hub,discoverability_status,note
hot tub (year-round),academy/hot-tubs/winter-spa-care.html + 5 sibling academy/hot-tubs articles,3,12 (winter-spa-care),Yes -- academy hub -> hot-tubs category -> article; also guides/hot-tub/ silo hub,ADEQUATE,Largest year-round cluster on the site; well-integrated into both academy and guides navigation.
indoor pool,academy/fundamentals/indoor-pool-chemistry.html (new Phase 7M),3,8,Yes -- academy hub -> fundamentals category -> article; also linked from entities/indoor-pool.html,ADEQUATE,Reasonable inbound count for a newly-created page one phase old; discoverable via both academy navigation and its companion entity.
temperature,academy/fundamentals/how-temperature-changes-water-chemistry.html,3,11,Yes -- academy hub -> fundamentals category,ADEQUATE,Also cross-linked from entities/temperature.html (cited Phase 7K/7L) and guides/edge-cases/pool-temperature-effect-chlorine.html.
evaporation,guides/edge-cases/evaporation-effect-on-pool-chemistry.html (new Phase 7M),2,3,Partial -- reachable via guides/edge-cases/ hub and its rain-page sibling, but not yet referenced from any academy article or entity page,PARTIALLY_INTEGRATED,"Lower inbound count than its rain sibling reflects its newness (created last phase) rather than a structural gap -- it is correctly registered in build-link-matrix.js's cross-link registry (fixed this phase) and appears in its hub listing."
winterization,"guides/seasonal/closing-pool-chemistry-winter.html, guides/seasonal/winter-pool-maintenance-chemistry.html, entities/winterization.html, entities/closing-checklist.html",2,4-5,Yes -- guides/seasonal/ hub,ADEQUATE,Comprehensive existing coverage confirmed in Phase 7M's audit; unchanged this phase.
reopening,guides/seasonal/opening-pool-chemistry-checklist.html + entities/pool-opening.html + entities/opening-checklist.html,2,5,Yes -- guides/seasonal/ hub,ADEQUATE,No gap found.
covered pool,entities/cover.html (concise definition only, no dedicated guide),3,3,Yes -- reachable via entities/ index and glossary,PARTIALLY_INTEGRATED,"Inbound count (3) is typical for an entity page (sitewide entity median is 5) -- not an integration defect. Confirmed in Phase 7M as an INVESTIGATE item (no dedicated guide) -- this phase did not create one, consistent with not reopening completed work merely to expand metrics."
water replacement / dilution,entities/water-replacement.html,3,11,Yes -- reachable via entities/ index, glossary, and the evaporation guide's ""What to do"" section,ADEQUATE,Inbound count improved incidentally this phase via the new evaporation guide's cross-reference.
climate-independent troubleshooting,"academy/troubleshooting/* (6 articles: cloudy-water, corrosion, foaming-hot-tubs, green-water, scaling, strong-chlorine-smell)",3,varies (9-15),Yes -- academy hub -> troubleshooting category,ADEQUATE,None of these are seasonally titled; all describe climate-independent mechanisms and symptoms, matching the brief's explicit "not calendar-specific" instruction.
