url,action,old_content_summary,new_content_summary,reason,intent,evidence_status,source_if_applicable,generator_or_static,validation_status
programmatic/chlorine/* (11 pages),DIFFERENTIATE,"Identical 6-item generic quick-tips list + 5-item FAQ (2 fully generic) repeated verbatim on every volume page",Removed quick-tips block; added real per-volume unit conversions (qt/lb); trimmed FAQ to 3 volume-specific items,"HIGH duplication risk (0.65 avg similarity) driven by repeated boilerplate blocks, not by the genuinely unique per-volume calculation",differentiate_programmatic_family,no_new_claims (pure arithmetic unit conversion),n/a,generator (generate-chlorine-pages.js),validate-programmatic-quality PASS
programmatic/shock/* (6 pages),DIFFERENTIATE,"Identical 6-item quick-tips list repeated verbatim; FAQ included 2 fully generic items",Removed quick-tips block; added real per-volume lb/bag-count conversions; replaced generic FAQ items with a bag-count question,Same duplication root cause as chlorine family,differentiate_programmatic_family,no_new_claims (pure arithmetic unit conversion),n/a,generator (generate-shock-pages.js),validate-programmatic-quality PASS
programmatic/ph/* (4 pages),DIFFERENTIATE,"Identical 6-item quick-tips list; 2 of 5 FAQ items fully generic and non-conditional on raise/lower direction (one nonsensically appeared on both raise and lower pages)",Removed quick-tips block; merged 2 generic FAQ items into one page-specific alkalinity-first question,Same duplication root cause; risk level dropped HIGH->MEDIUM after this change,differentiate_programmatic_family,no_new_claims,n/a,generator (generate-ph-pages.js),validate-programmatic-quality PASS
programmatic/hot-tubs/* (5 pages),DIFFERENTIATE,Identical 6-item quick-tips list; 2 generic FAQ items,Removed quick-tips block; added per-size oz-precision note; made bromine FAQ size-specific and cited the existing bromine target range,Same duplication root cause,differentiate_programmatic_family,restates_existing_verified_claim,claim-bromine-hottub (unchanged),generator (generate-hot-tub-pages.js),validate-programmatic-quality PASS
data/academy.json (new article fund-06),EXPAND,No dedicated Indoor Pool Chemistry academy article existed (only a 4-sentence entity definition),"Added 'Indoor Pool Chemistry' article (4 sections: no-CYA rationale, chloramine buildup, pH/CO2 drift, ventilation) synthesizing already-established site facts, no new numeric claims",Confirmed genuine gap after auditing all 48 existing academy articles and dozens of guides against Steps 5-7's topic list -- nearly every other suggested topic already had adequate coverage,close_confirmed_content_gap,restates_existing_verified_facts_only,none new (no citation architecture reopened per Step 13),generator (generate-academy.js),validate-schema-content-consistency PASS
data/graph/entity-index.json (indoor-pool academyIds),IMPROVE,indoor-pool entity linked to 1 academy article (pool-vs-hot-tub-chemistry),Added link to the new Indoor Pool Chemistry article,Connects the concise entity definition to its new deep-dive companion,strengthen_internal_link,n/a,n/a,generator (generate-entity-pages.js),validate-entities PASS
guides/edge-cases/evaporation-effect-on-pool-chemistry.html (new),EXPAND,"No page addressed evaporation's chemistry effect, despite its exact mirror (rain) already having a dedicated page",New ~330-word edge-case page explaining evaporation's concentrating effect on CYA/salt/calcium/TDS,Confirmed genuine gap; closes the rain/evaporation symmetry identified during the edge-case audit,close_confirmed_content_gap,restates_existing_verified_facts_only (CYA/salt/CH ranges unchanged),none new,static (matches existing guides/edge-cases template),check-broken-links PASS
scripts/build-link-matrix.js,IMPROVE,Edge-case registry did not include the new evaporation page,Registered the new page in DEPTH_SILO and EDGE_PAGES so it is cross-linked and appears in the hub,Required for the new page to be discoverable via the existing internal-linking architecture,strengthen_internal_link,n/a,n/a,generator,check-broken-links PASS
pool-chlorine-levels-chart.html + 4 programmatic generators (title/og:title),IMPROVE,"Titles double-stacked a redundant ' | Pool Water Chemistry Guide' segment with the automatic ' | WaterBalanceTools' brand suffix, producing 87-101 char titles",Removed the redundant middle segment (and trimmed parenthetical qualifiers on 4 families) so titles read 53-69 chars,"86 TITLE_TOO_LONG findings audited; 36 were this exact redundant-suffix pattern across 7 generators, fixed at the root cause rather than per-page",fix_title_length_debt,n/a,n/a,generator (7 files),0 duplicate-title regressions confirmed via forensic re-audit
