"url","priority","tier","type"
"/calculators","100","Tier 3","other"
"/calculators/chemical-calculator","100","Tier 1","calculator"
"/calculators/hot-tub-chlorine-calculator","100","Tier 1","calculator"
"/calculators/hot-tub-ph-calculator","100","Tier 1","calculator"
"/calculators/hot-tub-shock-calculator","100","Tier 1","calculator"
"/calculators/pool-alkalinity-calculator","100","Tier 1","calculator"
"/calculators/pool-chlorine-calculator","100","Tier 1","calculator"
"/calculators/pool-cyanuric-acid-calculator","100","Tier 1","calculator"
"/calculators/pool-ph-calculator","100","Tier 1","calculator"
"/calculators/pool-shock-calculator","100","Tier 1","calculator"
"/calculators/pool-turnover-rate-calculator","100","Tier 1","calculator"
"/calculators/pool-volume-calculator","100","Tier 1","calculator"
"/calculators/saltwater-pool-salt-calculator","100","Tier 1","calculator"
"/calculators/spa-volume-calculator","100","Tier 1","calculator"
"/es/calculators/chemical-calculator","100","Tier 3","other"
"/es/calculators/hot-tub-chlorine-calculator","100","Tier 3","other"
"/es/calculators/hot-tub-ph-calculator","100","Tier 3","other"
"/es/calculators/hot-tub-shock-calculator","100","Tier 3","other"
"/es/calculators/pool-alkalinity-calculator","100","Tier 3","other"
"/es/calculators/pool-chlorine-calculator","100","Tier 3","other"
"/es/calculators/pool-cyanuric-acid-calculator","100","Tier 3","other"
"/es/calculators/pool-ph-calculator","100","Tier 3","other"
"/es/calculators/pool-shock-calculator","100","Tier 3","other"
"/es/calculators/pool-turnover-rate-calculator","100","Tier 3","other"
"/es/calculators/pool-volume-calculator","100","Tier 3","other"
"/es/calculators/saltwater-pool-salt-calculator","100","Tier 3","other"
"/es/calculators/spa-volume-calculator","100","Tier 3","other"
"/charts/pool-water-balance-chart","100","Tier 1","chart"
"/resources","100","Tier 3","other"
"/resources/airbnb-pool-turnover-checklist","100","Tier 2","resource"
"/resources/hot-tub-maintenance-log","100","Tier 2","resource"
"/resources/pool-chemical-log-sheet","100","Tier 2","resource"
"/resources/pool-closing-checklist","100","Tier 2","resource"
"/resources/pool-maintenance-checklist","100","Tier 2","resource"
"/resources/pool-opening-checklist","100","Tier 2","resource"
"/resources/pool-shock-log","100","Tier 2","resource"
"/resources/water-test-log","100","Tier 2","resource"
"/academy","100","Tier 3","other"
"/academy/equipment","100","Tier 2","academy"
"/academy/equipment/automatic-chlorinators","100","Tier 2","academy"
"/academy/equipment/pool-filters","100","Tier 2","academy"
"/academy/equipment/pool-pumps","100","Tier 2","academy"
"/academy/equipment/pool-skimmers","100","Tier 2","academy"
"/academy/equipment/salt-systems","100","Tier 2","academy"
"/academy/equipment/sand-vs-cartridge-filters","100","Tier 2","academy"
"/academy/fundamentals","100","Tier 2","academy"
"/academy/fundamentals/how-temperature-changes-water-chemistry","100","Tier 2","academy"
"/academy/fundamentals/how-water-balance-works","100","Tier 2","academy"
"/academy/fundamentals/indoor-pool-chemistry","100","Tier 2","academy"
"/academy/fundamentals/new-pool-startup-chemistry","100","Tier 2","academy"
"/academy/fundamentals/pool-vs-hot-tub-chemistry","100","Tier 2","academy"
"/academy/fundamentals/the-four-core-water-tests","100","Tier 2","academy"
"/academy/fundamentals/understanding-pool-water-chemistry","100","Tier 2","academy"
"/academy/fundamentals/why-water-testing-matters","100","Tier 2","academy"
"/academy/hot-tubs","100","Tier 2","academy"
"/academy/hot-tubs/daily-spa-maintenance","100","Tier 2","academy"
"/academy/hot-tubs/monthly-spa-maintenance","100","Tier 2","academy"
"/academy/hot-tubs/refilling-your-hot-tub","100","Tier 2","academy"
"/academy/hot-tubs/shock-after-heavy-use","100","Tier 2","academy"
"/academy/hot-tubs/weekly-spa-maintenance","100","Tier 2","academy"
"/academy/hot-tubs/winter-spa-care","100","Tier 2","academy"
"/academy/sanitizers","100","Tier 2","academy"
"/academy/sanitizers/breakpoint-chlorination","100","Tier 2","academy"
"/academy/sanitizers/bromine-vs-chlorine","100","Tier 2","academy"
"/academy/sanitizers/combined-chlorine-explained","100","Tier 2","academy"
"/academy/sanitizers/liquid-chlorine-vs-tablets","100","Tier 2","academy"
"/academy/sanitizers/shock-treatments-explained","100","Tier 2","academy"
"/academy/sanitizers/understanding-free-chlorine","100","Tier 2","academy"
"/academy/testing","100","Tier 2","academy"
"/academy/testing/common-testing-mistakes","100","Tier 2","academy"
"/academy/testing/digital-pool-testers","100","Tier 2","academy"
"/academy/testing/how-often-to-test-water","100","Tier 2","academy"
"/academy/testing/understanding-test-results","100","Tier 2","academy"
"/academy/testing/using-liquid-test-kits","100","Tier 2","academy"
"/academy/testing/using-test-strips","100","Tier 2","academy"
"/academy/troubleshooting","100","Tier 2","academy"
"/academy/troubleshooting/cloudy-water","100","Tier 2","academy"
"/academy/troubleshooting/corrosion","100","Tier 2","academy"
"/academy/troubleshooting/foaming-hot-tubs","100","Tier 2","academy"
"/academy/troubleshooting/green-water","100","Tier 2","academy"
"/academy/troubleshooting/scaling","100","Tier 2","academy"
"/academy/troubleshooting/strong-chlorine-smell","100","Tier 2","academy"
"/academy/vacation-rentals","100","Tier 2","academy"
"/academy/vacation-rentals/chemical-log-sheets","100","Tier 2","academy"
"/academy/vacation-rentals/emergency-water-recovery","100","Tier 2","academy"
"/academy/vacation-rentals/guest-safety","100","Tier 2","academy"
"/academy/vacation-rentals/maintenance-schedule","100","Tier 2","academy"
"/academy/vacation-rentals/turnover-checklist","100","Tier 2","academy"
"/academy/vacation-rentals/weekly-inspection","100","Tier 2","academy"
"/academy/water-balance","100","Tier 2","academy"
"/academy/water-balance/understanding-calcium-hardness","100","Tier 2","academy"
"/academy/water-balance/understanding-cyanuric-acid","100","Tier 2","academy"
"/academy/water-balance/understanding-lsi","100","Tier 2","academy"
"/academy/water-balance/understanding-ph","100","Tier 2","academy"
"/academy/water-balance/understanding-total-alkalinity","100","Tier 2","academy"
"/academy/water-balance/water-balance-order","100","Tier 2","academy"
"/es/formulas/shock-formula","100","Tier 3","other"
"/formulas","100","Tier 3","other"
"/formulas/alkalinity-formula","100","Tier 2","formula"
"/formulas/cya-formula","100","Tier 2","formula"
"/formulas/liquid-chlorine-formula","100","Tier 2","formula"
"/formulas/lsi-formula","100","Tier 2","formula"
"/formulas/ph-adjustment-formula","100","Tier 2","formula"
"/formulas/pool-volume-formula","100","Tier 2","formula"
"/formulas/salt-formula","100","Tier 2","formula"
"/formulas/shock-formula","100","Tier 2","formula"
"/formulas/turnover-formula","100","Tier 2","formula"
"/glossary","100","Tier 3","other"
"/glossary/chloramine","100","Tier 3","glossary"
"/glossary/combined-chlorine","100","Tier 3","glossary"
"/glossary/cyanuric-acid","100","Tier 3","glossary"
"/glossary/filter-pressure","100","Tier 3","glossary"
"/glossary/free-chlorine","100","Tier 3","glossary"
"/glossary/ph","100","Tier 3","glossary"
"/glossary/pump-turnover","100","Tier 3","glossary"
"/glossary/salt-chlorination","100","Tier 3","glossary"
"/glossary/superchlorination","100","Tier 3","glossary"
"/glossary/trichlor","100","Tier 3","glossary"
"/reference","100","Tier 3","other"
"/reference/alkalinity-table","100","Tier 2","reference"
"/reference/calcium-hardness-explained","100","Tier 2","reference"
"/reference/calculator-directory","100","Tier 2","reference"
"/reference/chemical-compatibility","100","Tier 2","reference"
"/reference/chemical-conversion-tables","100","Tier 2","reference"
"/reference/chemical-safety","100","Tier 2","reference"
"/reference/chemical-storage-guide","100","Tier 2","reference"
"/reference/chlorine-effectiveness-chart","100","Tier 2","reference"
"/reference/chlorine-explained","100","Tier 2","reference"
"/reference/combined-chlorine-explained","100","Tier 2","reference"
"/reference/common-pool-chemistry-mistakes","100","Tier 2","reference"
"/reference/cya-matrix","100","Tier 2","reference"
"/reference/cyanuric-acid-explained","100","Tier 2","reference"
"/reference/datasets","100","Tier 2","reference"
"/reference/datasets/chemical-properties","100","Tier 2","reference"
"/reference/datasets/chemical-ranges","100","Tier 2","reference"
"/reference/datasets/compatibility","100","Tier 2","reference"
"/reference/datasets/confidence-levels","100","Tier 2","reference"
"/reference/datasets/conversion-factors","100","Tier 2","reference"
"/reference/datasets/dosage-matrices","100","Tier 2","reference"
"/reference/datasets/hot-tub-ranges","100","Tier 2","reference"
"/reference/datasets/maintenance-schedules","100","Tier 2","reference"
"/reference/datasets/pool-types","100","Tier 2","reference"
"/reference/datasets/units","100","Tier 2","reference"
"/reference/emergency-recovery","100","Tier 2","reference"
"/reference/filter-comparison","100","Tier 2","reference"
"/reference/free-chlorine-explained","100","Tier 2","reference"
"/reference/ideal-pool-levels","100","Tier 2","reference"
"/reference/ideal-spa-levels","100","Tier 2","reference"
"/reference/ph-table","100","Tier 2","reference"
"/reference/pool-chemical-timeline","100","Tier 2","reference"
