url,file_path,page_type,sources_present,source_type,external_authority_link_count,unsupported_numeric_claims,claims_requiring_verification
https://waterbalancetools.com/academy/equipment/automatic-chlorinators,academy/equipment/automatic-chlorinators.html,academy-article,false,"internal ""last reviewed"" stamp only (no external citation)",0,5,5
https://waterbalancetools.com/academy/equipment/,academy/equipment/index.html,academy-article,false,none,0,0,0
https://waterbalancetools.com/academy/equipment/pool-filters,academy/equipment/pool-filters.html,academy-article,false,"internal ""last reviewed"" stamp only (no external citation)",0,0,0
https://waterbalancetools.com/academy/equipment/pool-pumps,academy/equipment/pool-pumps.html,academy-article,false,"internal ""last reviewed"" stamp only (no external citation)",0,1,1
https://waterbalancetools.com/academy/equipment/pool-skimmers,academy/equipment/pool-skimmers.html,academy-article,false,"internal ""last reviewed"" stamp only (no external citation)",0,0,0
https://waterbalancetools.com/academy/equipment/salt-systems,academy/equipment/salt-systems.html,academy-article,false,"internal ""last reviewed"" stamp only (no external citation)",0,6,6
https://waterbalancetools.com/academy/equipment/sand-vs-cartridge-filters,academy/equipment/sand-vs-cartridge-filters.html,academy-article,false,"internal ""last reviewed"" stamp only (no external citation)",0,0,0
https://waterbalancetools.com/academy/fundamentals/how-temperature-changes-water-chemistry,academy/fundamentals/how-temperature-changes-water-chemistry.html,academy-article,false,"internal ""last reviewed"" stamp only (no external citation)",0,4,4
https://waterbalancetools.com/academy/fundamentals/how-water-balance-works,academy/fundamentals/how-water-balance-works.html,academy-article,false,"internal ""last reviewed"" stamp only (no external citation)",0,2,2
https://waterbalancetools.com/academy/fundamentals/,academy/fundamentals/index.html,academy-article,false,none,0,0,0
https://waterbalancetools.com/academy/fundamentals/indoor-pool-chemistry,academy/fundamentals/indoor-pool-chemistry.html,academy-article,false,"internal ""last reviewed"" stamp only (no external citation)",0,0,0
https://waterbalancetools.com/academy/fundamentals/new-pool-startup-chemistry,academy/fundamentals/new-pool-startup-chemistry.html,academy-article,false,"internal ""last reviewed"" stamp only (no external citation)",0,6,6
https://waterbalancetools.com/academy/fundamentals/pool-vs-hot-tub-chemistry,academy/fundamentals/pool-vs-hot-tub-chemistry.html,academy-article,false,"internal ""last reviewed"" stamp only (no external citation)",0,3,3
https://waterbalancetools.com/academy/fundamentals/the-four-core-water-tests,academy/fundamentals/the-four-core-water-tests.html,academy-article,false,"internal ""last reviewed"" stamp only (no external citation)",0,6,6
https://waterbalancetools.com/academy/fundamentals/understanding-pool-water-chemistry,academy/fundamentals/understanding-pool-water-chemistry.html,academy-article,false,"internal ""last reviewed"" stamp only (no external citation)",0,7,7
https://waterbalancetools.com/academy/fundamentals/why-water-testing-matters,academy/fundamentals/why-water-testing-matters.html,academy-article,false,"internal ""last reviewed"" stamp only (no external citation)",0,3,3
https://waterbalancetools.com/academy/hot-tubs/daily-spa-maintenance,academy/hot-tubs/daily-spa-maintenance.html,academy-article,false,"internal ""last reviewed"" stamp only (no external citation)",0,3,3
https://waterbalancetools.com/academy/hot-tubs/,academy/hot-tubs/index.html,academy-article,false,none,0,0,0
https://waterbalancetools.com/academy/hot-tubs/monthly-spa-maintenance,academy/hot-tubs/monthly-spa-maintenance.html,academy-article,false,"internal ""last reviewed"" stamp only (no external citation)",0,1,1
https://waterbalancetools.com/academy/hot-tubs/refilling-your-hot-tub,academy/hot-tubs/refilling-your-hot-tub.html,academy-article,false,"internal ""last reviewed"" stamp only (no external citation)",0,4,4
https://waterbalancetools.com/academy/hot-tubs/shock-after-heavy-use,academy/hot-tubs/shock-after-heavy-use.html,academy-article,false,"internal ""last reviewed"" stamp only (no external citation)",0,1,1
https://waterbalancetools.com/academy/hot-tubs/weekly-spa-maintenance,academy/hot-tubs/weekly-spa-maintenance.html,academy-article,false,"internal ""last reviewed"" stamp only (no external citation)",0,2,2
https://waterbalancetools.com/academy/hot-tubs/winter-spa-care,academy/hot-tubs/winter-spa-care.html,academy-article,false,"internal ""last reviewed"" stamp only (no external citation)",0,3,3
https://waterbalancetools.com/academy/sanitizers/breakpoint-chlorination,academy/sanitizers/breakpoint-chlorination.html,academy-article,false,"internal ""last reviewed"" stamp only (no external citation)",0,1,1
https://waterbalancetools.com/academy/sanitizers/bromine-vs-chlorine,academy/sanitizers/bromine-vs-chlorine.html,academy-article,false,"internal ""last reviewed"" stamp only (no external citation)",0,1,1
https://waterbalancetools.com/academy/sanitizers/combined-chlorine-explained,academy/sanitizers/combined-chlorine-explained.html,academy-article,false,"internal ""last reviewed"" stamp only (no external citation)",0,1,1
https://waterbalancetools.com/academy/sanitizers/,academy/sanitizers/index.html,academy-article,false,none,0,0,0
https://waterbalancetools.com/academy/sanitizers/liquid-chlorine-vs-tablets,academy/sanitizers/liquid-chlorine-vs-tablets.html,academy-article,false,"internal ""last reviewed"" stamp only (no external citation)",0,6,6
https://waterbalancetools.com/academy/sanitizers/shock-treatments-explained,academy/sanitizers/shock-treatments-explained.html,academy-article,false,"internal ""last reviewed"" stamp only (no external citation)",0,1,1
https://waterbalancetools.com/academy/sanitizers/understanding-free-chlorine,academy/sanitizers/understanding-free-chlorine.html,academy-article,false,"internal ""last reviewed"" stamp only (no external citation)",0,3,3
https://waterbalancetools.com/academy/testing/common-testing-mistakes,academy/testing/common-testing-mistakes.html,academy-article,false,"internal ""last reviewed"" stamp only (no external citation)",0,2,2
https://waterbalancetools.com/academy/testing/digital-pool-testers,academy/testing/digital-pool-testers.html,academy-article,false,"internal ""last reviewed"" stamp only (no external citation)",0,0,0
https://waterbalancetools.com/academy/testing/how-often-to-test-water,academy/testing/how-often-to-test-water.html,academy-article,false,"internal ""last reviewed"" stamp only (no external citation)",0,1,1
https://waterbalancetools.com/academy/testing/,academy/testing/index.html,academy-article,false,none,0,0,0
https://waterbalancetools.com/academy/testing/understanding-test-results,academy/testing/understanding-test-results.html,academy-article,false,"internal ""last reviewed"" stamp only (no external citation)",0,6,6
https://waterbalancetools.com/academy/testing/using-liquid-test-kits,academy/testing/using-liquid-test-kits.html,academy-article,false,"internal ""last reviewed"" stamp only (no external citation)",0,4,4
https://waterbalancetools.com/academy/testing/using-test-strips,academy/testing/using-test-strips.html,academy-article,false,"internal ""last reviewed"" stamp only (no external citation)",0,1,1
https://waterbalancetools.com/academy/troubleshooting/cloudy-water,academy/troubleshooting/cloudy-water.html,academy-article,false,"internal ""last reviewed"" stamp only (no external citation)",0,5,5
https://waterbalancetools.com/academy/troubleshooting/corrosion,academy/troubleshooting/corrosion.html,academy-article,false,"internal ""last reviewed"" stamp only (no external citation)",0,4,4
https://waterbalancetools.com/academy/troubleshooting/foaming-hot-tubs,academy/troubleshooting/foaming-hot-tubs.html,academy-article,false,"internal ""last reviewed"" stamp only (no external citation)",0,2,2
https://waterbalancetools.com/academy/troubleshooting/green-water,academy/troubleshooting/green-water.html,academy-article,false,"internal ""last reviewed"" stamp only (no external citation)",0,3,3
https://waterbalancetools.com/academy/troubleshooting/,academy/troubleshooting/index.html,academy-article,false,none,0,0,0
https://waterbalancetools.com/academy/troubleshooting/scaling,academy/troubleshooting/scaling.html,academy-article,false,"internal ""last reviewed"" stamp only (no external citation)",0,4,4
https://waterbalancetools.com/academy/troubleshooting/strong-chlorine-smell,academy/troubleshooting/strong-chlorine-smell.html,academy-article,false,"internal ""last reviewed"" stamp only (no external citation)",0,2,2
https://waterbalancetools.com/academy/vacation-rentals/chemical-log-sheets,academy/vacation-rentals/chemical-log-sheets.html,academy-article,false,"internal ""last reviewed"" stamp only (no external citation)",0,1,1
https://waterbalancetools.com/academy/vacation-rentals/emergency-water-recovery,academy/vacation-rentals/emergency-water-recovery.html,academy-article,false,"internal ""last reviewed"" stamp only (no external citation)",0,4,4
https://waterbalancetools.com/academy/vacation-rentals/guest-safety,academy/vacation-rentals/guest-safety.html,academy-article,false,"internal ""last reviewed"" stamp only (no external citation)",0,0,0
https://waterbalancetools.com/academy/vacation-rentals/,academy/vacation-rentals/index.html,academy-article,false,none,0,0,0
https://waterbalancetools.com/academy/vacation-rentals/maintenance-schedule,academy/vacation-rentals/maintenance-schedule.html,academy-article,false,"internal ""last reviewed"" stamp only (no external citation)",0,0,0
https://waterbalancetools.com/academy/vacation-rentals/turnover-checklist,academy/vacation-rentals/turnover-checklist.html,academy-article,false,"internal ""last reviewed"" stamp only (no external citation)",0,5,5
https://waterbalancetools.com/academy/vacation-rentals/weekly-inspection,academy/vacation-rentals/weekly-inspection.html,academy-article,false,"internal ""last reviewed"" stamp only (no external citation)",0,1,1
https://waterbalancetools.com/academy/water-balance/,academy/water-balance/index.html,academy-article,false,none,0,0,0
https://waterbalancetools.com/academy/water-balance/understanding-calcium-hardness,academy/water-balance/understanding-calcium-hardness.html,academy-article,false,"internal ""last reviewed"" stamp only (no external citation)",0,4,4
https://waterbalancetools.com/academy/water-balance/understanding-cyanuric-acid,academy/water-balance/understanding-cyanuric-acid.html,academy-article,false,"internal ""last reviewed"" stamp only (no external citation)",0,6,6
https://waterbalancetools.com/academy/water-balance/understanding-lsi,academy/water-balance/understanding-lsi.html,academy-article,false,"internal ""last reviewed"" stamp only (no external citation)",0,2,2
https://waterbalancetools.com/academy/water-balance/understanding-ph,academy/water-balance/understanding-ph.html,academy-article,false,"internal ""last reviewed"" stamp only (no external citation)",0,7,7
https://waterbalancetools.com/academy/water-balance/understanding-total-alkalinity,academy/water-balance/understanding-total-alkalinity.html,academy-article,false,"internal ""last reviewed"" stamp only (no external citation)",0,3,3
https://waterbalancetools.com/academy/water-balance/water-balance-order,academy/water-balance/water-balance-order.html,academy-article,false,"internal ""last reviewed"" stamp only (no external citation)",0,3,3
https://waterbalancetools.com/comparisons/chlorine-vs-bromine-hot-tub,comparisons/chlorine-vs-bromine-hot-tub.html,comparison,false,none,0,2,2
https://waterbalancetools.com/comparisons/chlorine-vs-bromine,comparisons/chlorine-vs-bromine.html,comparison,false,none,0,2,2
https://waterbalancetools.com/comparisons/free-chlorine-vs-total-chlorine,comparisons/free-chlorine-vs-total-chlorine.html,comparison,false,none,0,5,5
https://waterbalancetools.com/comparisons/liquid-chlorine-vs-tablets,comparisons/liquid-chlorine-vs-tablets.html,comparison,false,none,0,3,3
https://waterbalancetools.com/comparisons/pool-shock-vs-chlorine,comparisons/pool-shock-vs-chlorine.html,comparison,false,none,0,3,3
https://waterbalancetools.com/comparisons/salt-water-pool-vs-chlorine-pool,comparisons/salt-water-pool-vs-chlorine-pool.html,comparison,false,none,0,2,2
https://waterbalancetools.com/comparisons/saltwater-pool-vs-chlorine,comparisons/saltwater-pool-vs-chlorine.html,comparison,false,none,0,3,3
https://waterbalancetools.com/entities/algae,entities/algae.html,entity,false,none,0,0,0
https://waterbalancetools.com/entities/alkalinity,entities/alkalinity.html,entity,false,none,0,3,3
https://waterbalancetools.com/entities/automatic-chlorinator,entities/automatic-chlorinator.html,entity,false,none,0,3,3
https://waterbalancetools.com/entities/backwashing,entities/backwashing.html,entity,false,none,0,0,0
https://waterbalancetools.com/entities/baking-soda,entities/baking-soda.html,entity,false,none,0,1,1
https://waterbalancetools.com/entities/balancing,entities/balancing.html,entity,false,none,0,0,0
https://waterbalancetools.com/entities/biguanide,entities/biguanide.html,entity,false,none,0,2,2
https://waterbalancetools.com/entities/breakpoint-chlorination,entities/breakpoint-chlorination.html,entity,false,none,0,1,1
https://waterbalancetools.com/entities/bromine,entities/bromine.html,entity,false,none,0,2,2
https://waterbalancetools.com/entities/calcium-chloride,entities/calcium-chloride.html,entity,false,none,0,1,1
https://waterbalancetools.com/entities/calcium-hardness,entities/calcium-hardness.html,entity,false,none,0,4,4
https://waterbalancetools.com/entities/calcium-hypochlorite,entities/calcium-hypochlorite.html,entity,false,none,0,4,4
https://waterbalancetools.com/entities/cartridge-filter,entities/cartridge-filter.html,entity,false,none,0,0,0
https://waterbalancetools.com/entities/cdc,entities/cdc.html,entity,false,none,0,0,0
https://waterbalancetools.com/entities/chemical-feeder,entities/chemical-feeder.html,entity,false,none,0,0,0
https://waterbalancetools.com/entities/chemical-log,entities/chemical-log.html,entity,false,none,0,0,0
https://waterbalancetools.com/entities/closing-checklist,entities/closing-checklist.html,entity,false,none,0,0,0
https://waterbalancetools.com/entities/cloudy-water,entities/cloudy-water.html,entity,false,none,0,0,0
https://waterbalancetools.com/entities/combined-chlorine,entities/combined-chlorine.html,entity,false,none,0,3,3
https://waterbalancetools.com/entities/commercial-pool,entities/commercial-pool.html,entity,false,none,0,0,0
https://waterbalancetools.com/entities/concrete-pool,entities/concrete-pool.html,entity,false,none,0,2,2
https://waterbalancetools.com/entities/copper,entities/copper.html,entity,false,none,0,3,3
https://waterbalancetools.com/entities/corrosion,entities/corrosion.html,entity,false,none,0,1,1
https://waterbalancetools.com/entities/cover,entities/cover.html,entity,false,none,0,1,1
https://waterbalancetools.com/entities/cyanuric-acid,entities/cyanuric-acid.html,entity,false,none,0,3,3
https://waterbalancetools.com/entities/de-filter,entities/de-filter.html,entity,false,none,0,0,0
https://waterbalancetools.com/entities/emergency-reference,entities/emergency-reference.html,entity,false,none,0,0,0
https://waterbalancetools.com/entities/epa,entities/epa.html,entity,false,none,0,0,0
https://waterbalancetools.com/entities/eye-irritation,entities/eye-irritation.html,entity,false,none,0,0,0
https://waterbalancetools.com/entities/fiberglass-pool,entities/fiberglass-pool.html,entity,false,none,0,1,1
https://waterbalancetools.com/entities/filtration,entities/filtration.html,entity,false,none,0,0,0
https://waterbalancetools.com/entities/flow-rate,entities/flow-rate.html,entity,false,none,0,0,0
https://waterbalancetools.com/entities/foaming,entities/foaming.html,entity,false,none,0,0,0
https://waterbalancetools.com/entities/free-chlorine,entities/free-chlorine.html,entity,false,none,0,2,2
https://waterbalancetools.com/entities/gallons,entities/gallons.html,entity,false,none,0,1,1
https://waterbalancetools.com/entities/green-water,entities/green-water.html,entity,false,none,0,1,1
https://waterbalancetools.com/entities/heater,entities/heater.html,entity,false,none,0,0,0
https://waterbalancetools.com/entities/high-chlorine,entities/high-chlorine.html,entity,false,none,0,3,3
https://waterbalancetools.com/entities/high-ph,entities/high-ph.html,entity,false,none,0,2,2
https://waterbalancetools.com/entities/hot-tub,entities/hot-tub.html,entity,false,none,0,0,0
https://waterbalancetools.com/entities/hydrogen-peroxide,entities/hydrogen-peroxide.html,entity,false,none,0,2,2
https://waterbalancetools.com/entities/,entities/index.html,entity,false,none,0,0,0
https://waterbalancetools.com/entities/indoor-pool,entities/indoor-pool.html,entity,false,none,0,0,0
https://waterbalancetools.com/entities/iron,entities/iron.html,entity,false,none,0,2,2
https://waterbalancetools.com/entities/lamotte,entities/lamotte.html,entity,false,none,0,0,0
https://waterbalancetools.com/entities/liquid-chlorine,entities/liquid-chlorine.html,entity,false,none,0,3,3
https://waterbalancetools.com/entities/liters,entities/liters.html,entity,false,none,0,0,0
https://waterbalancetools.com/entities/low-chlorine,entities/low-chlorine.html,entity,false,none,0,1,1
https://waterbalancetools.com/entities/low-ph,entities/low-ph.html,entity,false,none,0,0,0
https://waterbalancetools.com/entities/lsi,entities/lsi.html,entity,false,none,0,0,0
https://waterbalancetools.com/entities/maintenance-checklist,entities/maintenance-checklist.html,entity,false,none,0,0,0
https://waterbalancetools.com/entities/maintenance-log,entities/maintenance-log.html,entity,false,none,0,0,0
https://waterbalancetools.com/entities/manganese,entities/manganese.html,entity,false,none,0,2,2
https://waterbalancetools.com/entities/muriatic-acid,entities/muriatic-acid.html,entity,false,none,0,2,2
https://waterbalancetools.com/entities/nsf,entities/nsf.html,entity,false,none,0,0,0
https://waterbalancetools.com/entities/opening-checklist,entities/opening-checklist.html,entity,false,none,0,0,0
https://waterbalancetools.com/entities/orp,entities/orp.html,entity,false,none,0,0,0
https://waterbalancetools.com/entities/outdoor-pool,entities/outdoor-pool.html,entity,false,none,0,0,0
https://waterbalancetools.com/entities/oxidation,entities/oxidation.html,entity,false,none,0,0,0
https://waterbalancetools.com/entities/ozone,entities/ozone.html,entity,false,none,0,2,2
https://waterbalancetools.com/entities/ph,entities/ph.html,entity,false,none,0,2,2
https://waterbalancetools.com/entities/phosphate,entities/phosphate.html,entity,false,none,0,0,0
https://waterbalancetools.com/entities/phta,entities/phta.html,entity,false,none,0,0,0
https://waterbalancetools.com/entities/pool-opening,entities/pool-opening.html,entity,false,none,0,0,0
https://waterbalancetools.com/entities/pool-salt,entities/pool-salt.html,entity,false,none,0,3,3
https://waterbalancetools.com/entities/ppm,entities/ppm.html,entity,false,none,0,2,2
https://waterbalancetools.com/entities/pump,entities/pump.html,entity,false,none,0,1,1
https://waterbalancetools.com/entities/salt-chlorinator,entities/salt-chlorinator.html,entity,false,none,0,3,3
https://waterbalancetools.com/entities/salt,entities/salt.html,entity,false,none,0,3,3
https://waterbalancetools.com/entities/saltwater-pool,entities/saltwater-pool.html,entity,false,none,0,2,2
https://waterbalancetools.com/entities/sand-filter,entities/sand-filter.html,entity,false,none,0,0,0
https://waterbalancetools.com/entities/sanitizing,entities/sanitizing.html,entity,false,none,0,0,0
https://waterbalancetools.com/entities/scaling,entities/scaling.html,entity,false,none,0,1,1
https://waterbalancetools.com/entities/shock-treatment,entities/shock-treatment.html,entity,false,none,0,7,7
https://waterbalancetools.com/entities/skimmer,entities/skimmer.html,entity,false,none,0,0,0
https://waterbalancetools.com/entities/skin-irritation,entities/skin-irritation.html,entity,false,none,0,1,1
https://waterbalancetools.com/entities/soda-ash,entities/soda-ash.html,entity,false,none,0,0,0
https://waterbalancetools.com/entities/sodium-dichlor,entities/sodium-dichlor.html,entity,false,none,0,3,3
https://waterbalancetools.com/entities/stabilizer,entities/stabilizer.html,entity,false,none,0,1,1
https://waterbalancetools.com/entities/strong-chlorine-smell,entities/strong-chlorine-smell.html,entity,false,none,0,2,2
https://waterbalancetools.com/entities/swim-spa,entities/swim-spa.html,entity,false,none,0,0,0
https://waterbalancetools.com/entities/swimming-pool,entities/swimming-pool.html,entity,false,none,0,1,1
https://waterbalancetools.com/entities/taylor-technologies,entities/taylor-technologies.html,entity,false,none,0,0,0
https://waterbalancetools.com/entities/temperature,entities/temperature.html,entity,false,none,0,4,4
https://waterbalancetools.com/entities/testing,entities/testing.html,entity,false,none,0,0,0
https://waterbalancetools.com/entities/total-chlorine,entities/total-chlorine.html,entity,false,none,0,0,0
https://waterbalancetools.com/entities/total-dissolved-solids,entities/total-dissolved-solids.html,entity,false,none,0,3,3
https://waterbalancetools.com/entities/trichlor-tablets,entities/trichlor-tablets.html,entity,false,none,0,4,4
https://waterbalancetools.com/entities/turnover-time,entities/turnover-time.html,entity,false,none,0,0,0
https://waterbalancetools.com/entities/unit-celsius,entities/unit-celsius.html,entity,false,none,0,1,1
https://waterbalancetools.com/entities/unit-days,entities/unit-days.html,entity,false,none,0,0,0
https://waterbalancetools.com/entities/unit-fahrenheit,entities/unit-fahrenheit.html,entity,false,none,0,1,1
https://waterbalancetools.com/entities/unit-gallons,entities/unit-gallons.html,entity,false,none,0,0,0
https://waterbalancetools.com/entities/unit-hours,entities/unit-hours.html,entity,false,none,0,0,0
https://waterbalancetools.com/entities/unit-liters,entities/unit-liters.html,entity,false,none,0,0,0
https://waterbalancetools.com/entities/unit-mg-l,entities/unit-mg-l.html,entity,false,none,0,1,1
https://waterbalancetools.com/entities/unit-minutes,entities/unit-minutes.html,entity,false,none,0,0,0
https://waterbalancetools.com/entities/unit-months,entities/unit-months.html,entity,false,none,0,0,0
https://waterbalancetools.com/entities/unit-ppm,entities/unit-ppm.html,entity,false,none,0,1,1
https://waterbalancetools.com/entities/unit-weeks,entities/unit-weeks.html,entity,false,none,0,0,0
https://waterbalancetools.com/entities/vacation-rental-checklist,entities/vacation-rental-checklist.html,entity,false,none,0,0,0
https://waterbalancetools.com/entities/vinyl-pool,entities/vinyl-pool.html,entity,false,none,0,1,1
https://waterbalancetools.com/entities/water-replacement,entities/water-replacement.html,entity,false,none,0,2,2
https://waterbalancetools.com/entities/water-test-sheet,entities/water-test-sheet.html,entity,false,none,0,0,0
https://waterbalancetools.com/entities/winterization,entities/winterization.html,entity,false,none,0,0,0
https://waterbalancetools.com/formulas/alkalinity-formula,formulas/alkalinity-formula.html,formula-page,false,"internal ""last reviewed"" stamp only (no external citation)",0,3,3
https://waterbalancetools.com/formulas/cya-formula,formulas/cya-formula.html,formula-page,false,"internal ""last reviewed"" stamp only (no external citation)",0,6,6
https://waterbalancetools.com/formulas/liquid-chlorine-formula,formulas/liquid-chlorine-formula.html,formula-page,false,"internal ""last reviewed"" stamp only (no external citation)",0,9,9
https://waterbalancetools.com/formulas/lsi-formula,formulas/lsi-formula.html,formula-page,false,"internal ""last reviewed"" stamp only (no external citation)",0,1,1
https://waterbalancetools.com/formulas/ph-adjustment-formula,formulas/ph-adjustment-formula.html,formula-page,false,"internal ""last reviewed"" stamp only (no external citation)",0,4,4
https://waterbalancetools.com/formulas/pool-volume-formula,formulas/pool-volume-formula.html,formula-page,false,"internal ""last reviewed"" stamp only (no external citation)",0,0,0
https://waterbalancetools.com/formulas/salt-formula,formulas/salt-formula.html,formula-page,false,"internal ""last reviewed"" stamp only (no external citation)",0,5,5
https://waterbalancetools.com/formulas/shock-formula,formulas/shock-formula.html,formula-page,false,"internal ""last reviewed"" stamp only (no external citation)",0,6,6
https://waterbalancetools.com/formulas/turnover-formula,formulas/turnover-formula.html,formula-page,false,"internal ""last reviewed"" stamp only (no external citation)",0,0,0
https://waterbalancetools.com/glossary/aggressive-water,glossary/aggressive-water.html,glossary-term,false,"internal ""last reviewed"" stamp only (no external citation)",0,0,0
https://waterbalancetools.com/glossary/algae-bloom,glossary/algae-bloom.html,glossary-term,false,"internal ""last reviewed"" stamp only (no external citation)",0,2,2
https://waterbalancetools.com/glossary/algaecide,glossary/algaecide.html,glossary-term,false,"internal ""last reviewed"" stamp only (no external citation)",0,0,0
https://waterbalancetools.com/glossary/ammonia,glossary/ammonia.html,glossary-term,false,"internal ""last reviewed"" stamp only (no external citation)",0,0,0
https://waterbalancetools.com/glossary/backwashing,glossary/backwashing.html,glossary-term,false,"internal ""last reviewed"" stamp only (no external citation)",0,0,0
https://waterbalancetools.com/glossary/bather-load,glossary/bather-load.html,glossary-term,false,"internal ""last reviewed"" stamp only (no external citation)",0,0,0
https://waterbalancetools.com/glossary/bcdmh,glossary/bcdmh.html,glossary-term,false,"internal ""last reviewed"" stamp only (no external citation)",0,3,3
https://waterbalancetools.com/glossary/bicarbonate-alkalinity,glossary/bicarbonate-alkalinity.html,glossary-term,false,"internal ""last reviewed"" stamp only (no external citation)",0,3,3
https://waterbalancetools.com/glossary/biofilm,glossary/biofilm.html,glossary-term,false,"internal ""last reviewed"" stamp only (no external citation)",0,0,0
https://waterbalancetools.com/glossary/black-algae,glossary/black-algae.html,glossary-term,false,"internal ""last reviewed"" stamp only (no external citation)",0,3,3
https://waterbalancetools.com/glossary/breakpoint-chlorination,glossary/breakpoint-chlorination.html,glossary-term,false,"internal ""last reviewed"" stamp only (no external citation)",0,0,0
https://waterbalancetools.com/glossary/breakpoint-dose,glossary/breakpoint-dose.html,glossary-term,false,"internal ""last reviewed"" stamp only (no external citation)",0,4,4
https://waterbalancetools.com/glossary/bromine,glossary/bromine.html,glossary-term,false,"internal ""last reviewed"" stamp only (no external citation)",0,4,4
https://waterbalancetools.com/glossary/calcium-hardness,glossary/calcium-hardness.html,glossary-term,false,"internal ""last reviewed"" stamp only (no external citation)",0,5,5
https://waterbalancetools.com/glossary/calcium-hypochlorite,glossary/calcium-hypochlorite.html,glossary-term,false,"internal ""last reviewed"" stamp only (no external citation)",0,4,4
https://waterbalancetools.com/glossary/carbon-dioxide,glossary/carbon-dioxide.html,glossary-term,false,"internal ""last reviewed"" stamp only (no external citation)",0,0,0
https://waterbalancetools.com/glossary/cartridge-filter,glossary/cartridge-filter.html,glossary-term,false,"internal ""last reviewed"" stamp only (no external citation)",0,0,0
https://waterbalancetools.com/glossary/chemical-compatibility,glossary/chemical-compatibility.html,glossary-term,false,"internal ""last reviewed"" stamp only (no external citation)",0,0,0
https://waterbalancetools.com/glossary/chemical-log,glossary/chemical-log.html,glossary-term,false,"internal ""last reviewed"" stamp only (no external citation)",0,0,0
https://waterbalancetools.com/glossary/chemical-storage,glossary/chemical-storage.html,glossary-term,false,"internal ""last reviewed"" stamp only (no external citation)",0,0,0
https://waterbalancetools.com/glossary/chloramine,glossary/chloramine.html,glossary-term,false,"internal ""last reviewed"" stamp only (no external citation)",0,3,3
https://waterbalancetools.com/glossary/chlorine-demand,glossary/chlorine-demand.html,glossary-term,false,"internal ""last reviewed"" stamp only (no external citation)",0,0,0
https://waterbalancetools.com/glossary/chlorine-stabilizer,glossary/chlorine-stabilizer.html,glossary-term,false,"internal ""last reviewed"" stamp only (no external citation)",0,3,3
https://waterbalancetools.com/glossary/clarifier,glossary/clarifier.html,glossary-term,false,"internal ""last reviewed"" stamp only (no external citation)",0,0,0
https://waterbalancetools.com/glossary/closing-chemical-kit,glossary/closing-chemical-kit.html,glossary-term,false,"internal ""last reviewed"" stamp only (no external citation)",0,0,0
https://waterbalancetools.com/glossary/colorimetric-test,glossary/colorimetric-test.html,glossary-term,false,"internal ""last reviewed"" stamp only (no external citation)",0,0,0
https://waterbalancetools.com/glossary/combined-chlorine,glossary/combined-chlorine.html,glossary-term,false,"internal ""last reviewed"" stamp only (no external citation)",0,4,4
https://waterbalancetools.com/glossary/conductivity,glossary/conductivity.html,glossary-term,false,"internal ""last reviewed"" stamp only (no external citation)",0,2,2
https://waterbalancetools.com/glossary/copper,glossary/copper.html,glossary-term,false,"internal ""last reviewed"" stamp only (no external citation)",0,3,3
https://waterbalancetools.com/glossary/cyanuric-acid,glossary/cyanuric-acid.html,glossary-term,false,"internal ""last reviewed"" stamp only (no external citation)",0,5,5
https://waterbalancetools.com/glossary/de-filter,glossary/de-filter.html,glossary-term,false,"internal ""last reviewed"" stamp only (no external citation)",0,0,0
https://waterbalancetools.com/glossary/dead-algae,glossary/dead-algae.html,glossary-term,false,"internal ""last reviewed"" stamp only (no external citation)",0,0,0
https://waterbalancetools.com/glossary/dichlor,glossary/dichlor.html,glossary-term,false,"internal ""last reviewed"" stamp only (no external citation)",0,3,3
https://waterbalancetools.com/glossary/dilution,glossary/dilution.html,glossary-term,false,"internal ""last reviewed"" stamp only (no external citation)",0,1,1
https://waterbalancetools.com/glossary/dpd-test,glossary/dpd-test.html,glossary-term,false,"internal ""last reviewed"" stamp only (no external citation)",0,0,0
https://waterbalancetools.com/glossary/evaporation,glossary/evaporation.html,glossary-term,false,"internal ""last reviewed"" stamp only (no external citation)",0,0,0
https://waterbalancetools.com/glossary/filter-pressure,glossary/filter-pressure.html,glossary-term,false,"internal ""last reviewed"" stamp only (no external citation)",0,0,0
https://waterbalancetools.com/glossary/flocculant,glossary/flocculant.html,glossary-term,false,"internal ""last reviewed"" stamp only (no external citation)",0,0,0
https://waterbalancetools.com/glossary/free-chlorine,glossary/free-chlorine.html,glossary-term,false,"internal ""last reviewed"" stamp only (no external citation)",0,4,4
https://waterbalancetools.com/glossary/gpm,glossary/gpm.html,glossary-term,false,"internal ""last reviewed"" stamp only (no external citation)",0,0,0
https://waterbalancetools.com/glossary/green-algae,glossary/green-algae.html,glossary-term,false,"internal ""last reviewed"" stamp only (no external citation)",0,2,2
https://waterbalancetools.com/glossary/hypochlorous-acid,glossary/hypochlorous-acid.html,glossary-term,false,"internal ""last reviewed"" stamp only (no external citation)",0,3,3
https://waterbalancetools.com/glossary/,glossary/index.html,glossary-term,false,none,0,0,0
https://waterbalancetools.com/glossary/iron,glossary/iron.html,glossary-term,false,"internal ""last reviewed"" stamp only (no external citation)",0,3,3
https://waterbalancetools.com/glossary/langelier-saturation-index,glossary/langelier-saturation-index.html,glossary-term,false,"internal ""last reviewed"" stamp only (no external citation)",0,1,1
https://waterbalancetools.com/glossary/main-drain,glossary/main-drain.html,glossary-term,false,"internal ""last reviewed"" stamp only (no external citation)",0,0,0
https://waterbalancetools.com/glossary/metal-sequestrant,glossary/metal-sequestrant.html,glossary-term,false,"internal ""last reviewed"" stamp only (no external citation)",0,0,0
https://waterbalancetools.com/glossary/multiport-valve,glossary/multiport-valve.html,glossary-term,false,"internal ""last reviewed"" stamp only (no external citation)",0,0,0
https://waterbalancetools.com/glossary/muriatic-acid,glossary/muriatic-acid.html,glossary-term,false,"internal ""last reviewed"" stamp only (no external citation)",0,3,3
https://waterbalancetools.com/glossary/mustard-algae,glossary/mustard-algae.html,glossary-term,false,"internal ""last reviewed"" stamp only (no external citation)",0,3,3
https://waterbalancetools.com/glossary/opening-chemical-kit,glossary/opening-chemical-kit.html,glossary-term,false,"internal ""last reviewed"" stamp only (no external citation)",0,0,0
https://waterbalancetools.com/glossary/orp,glossary/orp.html,glossary-term,false,"internal ""last reviewed"" stamp only (no external citation)",0,0,0
https://waterbalancetools.com/glossary/oto-test,glossary/oto-test.html,glossary-term,false,"internal ""last reviewed"" stamp only (no external citation)",0,0,0
https://waterbalancetools.com/glossary/oxidizer,glossary/oxidizer.html,glossary-term,false,"internal ""last reviewed"" stamp only (no external citation)",0,0,0
https://waterbalancetools.com/glossary/ozone,glossary/ozone.html,glossary-term,false,"internal ""last reviewed"" stamp only (no external citation)",0,3,3
https://waterbalancetools.com/glossary/partial-drain,glossary/partial-drain.html,glossary-term,false,"internal ""last reviewed"" stamp only (no external citation)",0,5,5
https://waterbalancetools.com/glossary/parts-per-million,glossary/parts-per-million.html,glossary-term,false,"internal ""last reviewed"" stamp only (no external citation)",0,2,2
https://waterbalancetools.com/glossary/ph-bounce,glossary/ph-bounce.html,glossary-term,false,"internal ""last reviewed"" stamp only (no external citation)",0,3,3
https://waterbalancetools.com/glossary/ph-increaser,glossary/ph-increaser.html,glossary-term,false,"internal ""last reviewed"" stamp only (no external citation)",0,0,0
https://waterbalancetools.com/glossary/ph,glossary/ph.html,glossary-term,false,"internal ""last reviewed"" stamp only (no external citation)",0,2,2
https://waterbalancetools.com/glossary/phosphates,glossary/phosphates.html,glossary-term,false,"internal ""last reviewed"" stamp only (no external citation)",0,0,0
https://waterbalancetools.com/glossary/pink-slime,glossary/pink-slime.html,glossary-term,false,"internal ""last reviewed"" stamp only (no external citation)",0,0,0
https://waterbalancetools.com/glossary/pool-chemistry-reference,glossary/pool-chemistry-reference.html,glossary-term,false,"internal ""last reviewed"" stamp only (no external citation)",0,1,1
https://waterbalancetools.com/glossary/pool-maintenance-schedule,glossary/pool-maintenance-schedule.html,glossary-term,false,"internal ""last reviewed"" stamp only (no external citation)",0,0,0
https://waterbalancetools.com/glossary/pool-pump,glossary/pool-pump.html,glossary-term,false,"internal ""last reviewed"" stamp only (no external citation)",0,0,0
https://waterbalancetools.com/glossary/pool-safety-equipment,glossary/pool-safety-equipment.html,glossary-term,false,"internal ""last reviewed"" stamp only (no external citation)",0,0,0
https://waterbalancetools.com/glossary/pool-shock-schedule,glossary/pool-shock-schedule.html,glossary-term,false,"internal ""last reviewed"" stamp only (no external citation)",0,3,3
https://waterbalancetools.com/glossary/pool-turnover-rate,glossary/pool-turnover-rate.html,glossary-term,false,"internal ""last reviewed"" stamp only (no external citation)",0,0,0
https://waterbalancetools.com/glossary/pool-volume-reference,glossary/pool-volume-reference.html,glossary-term,false,"internal ""last reviewed"" stamp only (no external citation)",0,0,0
https://waterbalancetools.com/glossary/pool-volume,glossary/pool-volume.html,glossary-term,false,"internal ""last reviewed"" stamp only (no external citation)",0,1,1
https://waterbalancetools.com/glossary/pressure-gauge,glossary/pressure-gauge.html,glossary-term,false,"internal ""last reviewed"" stamp only (no external citation)",0,0,0
https://waterbalancetools.com/glossary/pump-turnover,glossary/pump-turnover.html,glossary-term,false,"internal ""last reviewed"" stamp only (no external citation)",0,0,0
https://waterbalancetools.com/glossary/reagent,glossary/reagent.html,glossary-term,false,"internal ""last reviewed"" stamp only (no external citation)",0,0,0
https://waterbalancetools.com/glossary/return-jet,glossary/return-jet.html,glossary-term,false,"internal ""last reviewed"" stamp only (no external citation)",0,0,0
https://waterbalancetools.com/glossary/salt-chlorination,glossary/salt-chlorination.html,glossary-term,false,"internal ""last reviewed"" stamp only (no external citation)",0,2,2
https://waterbalancetools.com/glossary/sand-filter,glossary/sand-filter.html,glossary-term,false,"internal ""last reviewed"" stamp only (no external citation)",0,0,0
https://waterbalancetools.com/glossary/sanitizer,glossary/sanitizer.html,glossary-term,false,"internal ""last reviewed"" stamp only (no external citation)",0,2,2
https://waterbalancetools.com/glossary/saturated-ph,glossary/saturated-ph.html,glossary-term,false,"internal ""last reviewed"" stamp only (no external citation)",0,0,0
https://waterbalancetools.com/glossary/saturation-index,glossary/saturation-index.html,glossary-term,false,"internal ""last reviewed"" stamp only (no external citation)",0,0,0
https://waterbalancetools.com/glossary/scale-inhibitor,glossary/scale-inhibitor.html,glossary-term,false,"internal ""last reviewed"" stamp only (no external citation)",0,0,0
https://waterbalancetools.com/glossary/scaling-water,glossary/scaling-water.html,glossary-term,false,"internal ""last reviewed"" stamp only (no external citation)",0,0,0
https://waterbalancetools.com/glossary/shock-dosage,glossary/shock-dosage.html,glossary-term,false,"internal ""last reviewed"" stamp only (no external citation)",0,3,3
https://waterbalancetools.com/glossary/shock,glossary/shock.html,glossary-term,false,"internal ""last reviewed"" stamp only (no external citation)",0,4,4
https://waterbalancetools.com/glossary/skimmer,glossary/skimmer.html,glossary-term,false,"internal ""last reviewed"" stamp only (no external citation)",0,0,0
https://waterbalancetools.com/glossary/sodium-bicarbonate,glossary/sodium-bicarbonate.html,glossary-term,false,"internal ""last reviewed"" stamp only (no external citation)",0,3,3
https://waterbalancetools.com/glossary/sodium-bisulfate,glossary/sodium-bisulfate.html,glossary-term,false,"internal ""last reviewed"" stamp only (no external citation)",0,2,2
https://waterbalancetools.com/glossary/sodium-carbonate,glossary/sodium-carbonate.html,glossary-term,false,"internal ""last reviewed"" stamp only (no external citation)",0,0,0
https://waterbalancetools.com/glossary/sodium-hypochlorite,glossary/sodium-hypochlorite.html,glossary-term,false,"internal ""last reviewed"" stamp only (no external citation)",0,3,3
https://waterbalancetools.com/glossary/superchlorination,glossary/superchlorination.html,glossary-term,false,"internal ""last reviewed"" stamp only (no external citation)",0,4,4
https://waterbalancetools.com/glossary/test-strip,glossary/test-strip.html,glossary-term,false,"internal ""last reviewed"" stamp only (no external citation)",0,2,2
https://waterbalancetools.com/glossary/total-alkalinity,glossary/total-alkalinity.html,glossary-term,false,"internal ""last reviewed"" stamp only (no external citation)",0,6,6
https://waterbalancetools.com/glossary/total-chlorine,glossary/total-chlorine.html,glossary-term,false,"internal ""last reviewed"" stamp only (no external citation)",0,0,0
https://waterbalancetools.com/glossary/total-dissolved-solids,glossary/total-dissolved-solids.html,glossary-term,false,"internal ""last reviewed"" stamp only (no external citation)",0,4,4
https://waterbalancetools.com/glossary/total-hardness,glossary/total-hardness.html,glossary-term,false,"internal ""last reviewed"" stamp only (no external citation)",0,3,3
https://waterbalancetools.com/glossary/trichlor,glossary/trichlor.html,glossary-term,false,"internal ""last reviewed"" stamp only (no external citation)",0,3,3
https://waterbalancetools.com/glossary/turbidity,glossary/turbidity.html,glossary-term,false,"internal ""last reviewed"" stamp only (no external citation)",0,0,0
https://waterbalancetools.com/glossary/uv-sanitization,glossary/uv-sanitization.html,glossary-term,false,"internal ""last reviewed"" stamp only (no external citation)",0,3,3
https://waterbalancetools.com/glossary/water-balance-checklist,glossary/water-balance-checklist.html,glossary-term,false,"internal ""last reviewed"" stamp only (no external citation)",0,1,1
https://waterbalancetools.com/glossary/water-temperature,glossary/water-temperature.html,glossary-term,false,"internal ""last reviewed"" stamp only (no external citation)",0,4,4
https://waterbalancetools.com/glossary/water-test-log,glossary/water-test-log.html,glossary-term,false,"internal ""last reviewed"" stamp only (no external citation)",0,0,0
https://waterbalancetools.com/glossary/winterization,glossary/winterization.html,glossary-term,false,"internal ""last reviewed"" stamp only (no external citation)",0,2,2
https://waterbalancetools.com/guides/advanced/chlorine-breakdown-sunlight,guides/advanced/chlorine-breakdown-sunlight.html,guide,false,none,0,1,1
https://waterbalancetools.com/guides/advanced/chlorine-vs-saltwater,guides/advanced/chlorine-vs-saltwater.html,guide,false,none,0,2,2
https://waterbalancetools.com/guides/advanced/cya-stabilizer-explained,guides/advanced/cya-stabilizer-explained.html,guide,false,none,0,1,1
https://waterbalancetools.com/guides/advanced/,guides/advanced/index.html,guide,false,none,0,1,1
https://waterbalancetools.com/guides/advanced/pool-chemistry-balance-explained,guides/advanced/pool-chemistry-balance-explained.html,guide,false,none,0,0,0
https://waterbalancetools.com/guides/alkalinity-guide,guides/alkalinity-guide.html,guide,false,none,0,2,2
https://waterbalancetools.com/guides/chlorine-guide,guides/chlorine-guide.html,guide,false,none,0,2,2
https://waterbalancetools.com/guides/chlorine/chlorine-too-high-after-shocking,guides/chlorine/chlorine-too-high-after-shocking.html,guide,false,none,0,8,8
https://waterbalancetools.com/guides/chlorine/free-chlorine-vs-total-chlorine,guides/chlorine/free-chlorine-vs-total-chlorine.html,guide,false,none,0,7,7
https://waterbalancetools.com/guides/chlorine/how-often-should-i-shock-my-pool,guides/chlorine/how-often-should-i-shock-my-pool.html,guide,false,none,0,5,5
https://waterbalancetools.com/guides/chlorine/,guides/chlorine/index.html,guide,false,none,0,1,1
https://waterbalancetools.com/guides/chlorine/why-pool-chlorine-disappears-overnight,guides/chlorine/why-pool-chlorine-disappears-overnight.html,guide,false,none,0,7,7
https://waterbalancetools.com/guides/chlorine/why-pool-wont-hold-chlorine,guides/chlorine/why-pool-wont-hold-chlorine.html,guide,false,none,0,6,6
https://waterbalancetools.com/guides/edge-cases/evaporation-effect-on-pool-chemistry,guides/edge-cases/evaporation-effect-on-pool-chemistry.html,guide,false,none,0,1,1
https://waterbalancetools.com/guides/edge-cases/high-cya-chlorine-lock,guides/edge-cases/high-cya-chlorine-lock.html,guide,false,none,0,1,1
https://waterbalancetools.com/guides/edge-cases/,guides/edge-cases/index.html,guide,false,none,0,0,0
https://waterbalancetools.com/guides/edge-cases/over-shocking-pool-effects,guides/edge-cases/over-shocking-pool-effects.html,guide,false,none,0,2,2
https://waterbalancetools.com/guides/edge-cases/pool-temperature-effect-chlorine,guides/edge-cases/pool-temperature-effect-chlorine.html,guide,false,none,0,3,3
https://waterbalancetools.com/guides/edge-cases/rain-effect-on-pool-chemistry,guides/edge-cases/rain-effect-on-pool-chemistry.html,guide,false,none,0,2,2
https://waterbalancetools.com/guides/edge-cases/swimming-after-shocking-pool,guides/edge-cases/swimming-after-shocking-pool.html,guide,false,none,0,2,2
https://waterbalancetools.com/guides/hot-tub-chemistry,guides/hot-tub-chemistry.html,guide,false,none,0,1,1
https://waterbalancetools.com/guides/hot-tub-maintenance,guides/hot-tub-maintenance.html,guide,false,none,0,2,2
https://waterbalancetools.com/guides/hot-tub/hot-tub-alkalinity-too-high,guides/hot-tub/hot-tub-alkalinity-too-high.html,guide,false,none,0,4,4
https://waterbalancetools.com/guides/hot-tub/hot-tub-chlorine-too-high,guides/hot-tub/hot-tub-chlorine-too-high.html,guide,false,none,0,7,7
https://waterbalancetools.com/guides/hot-tub/hot-tub-chlorine-too-low,guides/hot-tub/hot-tub-chlorine-too-low.html,guide,false,none,0,8,8
https://waterbalancetools.com/guides/hot-tub/hot-tub-ph-too-low,guides/hot-tub/hot-tub-ph-too-low.html,guide,false,none,0,2,2
https://waterbalancetools.com/guides/hot-tub/how-often-to-shock-a-hot-tub,guides/hot-tub/how-often-to-shock-a-hot-tub.html,guide,false,none,0,2,2
https://waterbalancetools.com/guides/hot-tub/,guides/hot-tub/index.html,guide,false,none,0,3,3
https://waterbalancetools.com/guides/ph-guide,guides/ph-guide.html,guide,false,none,0,1,1
https://waterbalancetools.com/guides/ph/can-you-swim-in-high-ph-water,guides/ph/can-you-swim-in-high-ph-water.html,guide,false,none,0,4,4
https://waterbalancetools.com/guides/ph/does-rain-lower-pool-ph,guides/ph/does-rain-lower-pool-ph.html,guide,false,none,0,0,0
https://waterbalancetools.com/guides/ph/how-to-lower-pool-ph,guides/ph/how-to-lower-pool-ph.html,guide,false,none,0,4,4
https://waterbalancetools.com/guides/ph/,guides/ph/index.html,guide,false,none,0,0,0
https://waterbalancetools.com/guides/ph/what-causes-high-pool-ph,guides/ph/what-causes-high-pool-ph.html,guide,false,none,0,3,3
https://waterbalancetools.com/guides/ph/why-pool-ph-keeps-rising,guides/ph/why-pool-ph-keeps-rising.html,guide,false,none,0,3,3
https://waterbalancetools.com/guides/pool-chemistry-basics,guides/pool-chemistry-basics.html,guide,false,none,0,3,3
https://waterbalancetools.com/guides/questions/can-rain-affect-pool-chemistry,guides/questions/can-rain-affect-pool-chemistry.html,question-page,false,none,0,3,3
https://waterbalancetools.com/guides/questions/can-you-swim-after-shocking-a-pool,guides/questions/can-you-swim-after-shocking-a-pool.html,question-page,false,none,0,8,8
https://waterbalancetools.com/guides/questions/,guides/questions/index.html,question-page,false,none,0,1,1
https://waterbalancetools.com/guides/questions/why-does-hot-tub-water-smell,guides/questions/why-does-hot-tub-water-smell.html,question-page,false,none,0,4,4
https://waterbalancetools.com/guides/questions/why-does-pool-water-turn-cloudy,guides/questions/why-does-pool-water-turn-cloudy.html,question-page,false,none,0,3,3
https://waterbalancetools.com/guides/questions/why-is-my-hot-tub-foamy,guides/questions/why-is-my-hot-tub-foamy.html,question-page,false,none,0,5,5
https://waterbalancetools.com/guides/questions/why-is-my-pool-green-but-chlorine-is-high,guides/questions/why-is-my-pool-green-but-chlorine-is-high.html,question-page,false,none,0,7,7
https://waterbalancetools.com/guides/seasonal/closing-pool-chemistry-winter,guides/seasonal/closing-pool-chemistry-winter.html,guide,false,none,0,1,1
https://waterbalancetools.com/guides/seasonal/,guides/seasonal/index.html,guide,false,none,0,1,1
https://waterbalancetools.com/guides/seasonal/opening-pool-chemistry-checklist,guides/seasonal/opening-pool-chemistry-checklist.html,guide,false,none,0,2,2
https://waterbalancetools.com/guides/seasonal/summer-high-chlorine-demand,guides/seasonal/summer-high-chlorine-demand.html,guide,false,none,0,1,1
https://waterbalancetools.com/guides/seasonal/winter-pool-maintenance-chemistry,guides/seasonal/winter-pool-maintenance-chemistry.html,guide,false,none,0,1,1
https://waterbalancetools.com/programmatic/behavior/how-often-to-shock-pool,programmatic/behavior/how-often-to-shock-pool.html,programmatic-longtail,false,none,0,1,1
https://waterbalancetools.com/programmatic/behavior/how-often-to-test-pool-water,programmatic/behavior/how-often-to-test-pool-water.html,programmatic-longtail,false,none,0,1,1
https://waterbalancetools.com/programmatic/behavior/when-to-add-chlorine,programmatic/behavior/when-to-add-chlorine.html,programmatic-longtail,false,none,0,1,1
https://waterbalancetools.com/programmatic/chlorine/how-much-chlorine-for-10000-gallon-pool,programmatic/chlorine/how-much-chlorine-for-10000-gallon-pool.html,programmatic-longtail,false,none,0,7,7
https://waterbalancetools.com/programmatic/chlorine/how-much-chlorine-for-12000-gallon-pool,programmatic/chlorine/how-much-chlorine-for-12000-gallon-pool.html,programmatic-longtail,false,none,0,7,7
https://waterbalancetools.com/programmatic/chlorine/how-much-chlorine-for-15000-gallon-pool,programmatic/chlorine/how-much-chlorine-for-15000-gallon-pool.html,programmatic-longtail,false,none,0,7,7
https://waterbalancetools.com/programmatic/chlorine/how-much-chlorine-for-18000-gallon-pool,programmatic/chlorine/how-much-chlorine-for-18000-gallon-pool.html,programmatic-longtail,false,none,0,7,7
https://waterbalancetools.com/programmatic/chlorine/how-much-chlorine-for-20000-gallon-pool,programmatic/chlorine/how-much-chlorine-for-20000-gallon-pool.html,programmatic-longtail,false,none,0,7,7
https://waterbalancetools.com/programmatic/chlorine/how-much-chlorine-for-25000-gallon-pool,programmatic/chlorine/how-much-chlorine-for-25000-gallon-pool.html,programmatic-longtail,false,none,0,7,7
https://waterbalancetools.com/programmatic/chlorine/how-much-chlorine-for-30000-gallon-pool,programmatic/chlorine/how-much-chlorine-for-30000-gallon-pool.html,programmatic-longtail,false,none,0,7,7
https://waterbalancetools.com/programmatic/chlorine/how-much-chlorine-for-5000-gallon-pool,programmatic/chlorine/how-much-chlorine-for-5000-gallon-pool.html,programmatic-longtail,false,none,0,7,7
https://waterbalancetools.com/programmatic/chlorine/how-much-chlorine-for-7000-gallon-pool,programmatic/chlorine/how-much-chlorine-for-7000-gallon-pool.html,programmatic-longtail,false,none,0,7,7
https://waterbalancetools.com/programmatic/chlorine/how-much-chlorine-for-8000-gallon-pool,programmatic/chlorine/how-much-chlorine-for-8000-gallon-pool.html,programmatic-longtail,false,none,0,7,7
https://waterbalancetools.com/programmatic/chlorine/how-much-chlorine-for-9000-gallon-pool,programmatic/chlorine/how-much-chlorine-for-9000-gallon-pool.html,programmatic-longtail,false,none,0,7,7
https://waterbalancetools.com/programmatic/explanations/what-is-pool-alkalinity,programmatic/explanations/what-is-pool-alkalinity.html,programmatic-longtail,false,none,0,1,1
https://waterbalancetools.com/programmatic/explanations/why-ph-affects-chlorine,programmatic/explanations/why-ph-affects-chlorine.html,programmatic-longtail,false,none,0,1,1
https://waterbalancetools.com/programmatic/explanations/why-shower-before-pool,programmatic/explanations/why-shower-before-pool.html,programmatic-longtail,false,none,0,3,3
https://waterbalancetools.com/programmatic/hot-tubs/hot-tub-chemicals-for-200-gallons,programmatic/hot-tubs/hot-tub-chemicals-for-200-gallons.html,programmatic-longtail,false,none,0,5,5
https://waterbalancetools.com/programmatic/hot-tubs/hot-tub-chemicals-for-300-gallons,programmatic/hot-tubs/hot-tub-chemicals-for-300-gallons.html,programmatic-longtail,false,none,0,5,5
https://waterbalancetools.com/programmatic/hot-tubs/hot-tub-chemicals-for-400-gallons,programmatic/hot-tubs/hot-tub-chemicals-for-400-gallons.html,programmatic-longtail,false,none,0,5,5
https://waterbalancetools.com/programmatic/hot-tubs/hot-tub-chemicals-for-500-gallons,programmatic/hot-tubs/hot-tub-chemicals-for-500-gallons.html,programmatic-longtail,false,none,0,5,5
https://waterbalancetools.com/programmatic/hot-tubs/hot-tub-chemicals-for-600-gallons,programmatic/hot-tubs/hot-tub-chemicals-for-600-gallons.html,programmatic-longtail,false,none,0,5,5
https://waterbalancetools.com/programmatic/ph/how-to-adjust-ph-from-6-8-to-7-2,programmatic/ph/how-to-adjust-ph-from-6-8-to-7-2.html,programmatic-longtail,false,none,0,1,1
https://waterbalancetools.com/programmatic/ph/how-to-adjust-ph-from-7-8-to-7-4,programmatic/ph/how-to-adjust-ph-from-7-8-to-7-4.html,programmatic-longtail,false,none,0,1,1
https://waterbalancetools.com/programmatic/ph/how-to-adjust-ph-from-7-to-7-4,programmatic/ph/how-to-adjust-ph-from-7-to-7-4.html,programmatic-longtail,false,none,0,1,1
https://waterbalancetools.com/programmatic/ph/how-to-adjust-ph-from-8-to-7-5,programmatic/ph/how-to-adjust-ph-from-8-to-7-5.html,programmatic-longtail,false,none,0,1,1
https://waterbalancetools.com/programmatic/problems/cloudy-pool-fix,programmatic/problems/cloudy-pool-fix.html,programmatic-longtail,false,none,0,1,1
https://waterbalancetools.com/programmatic/problems/green-pool-how-much-chlorine,programmatic/problems/green-pool-how-much-chlorine.html,programmatic-longtail,false,none,0,3,3
https://waterbalancetools.com/programmatic/problems/high-chlorine-how-to-lower,programmatic/problems/high-chlorine-how-to-lower.html,programmatic-longtail,false,none,0,1,1
https://waterbalancetools.com/programmatic/problems/low-alkalinity-symptoms,programmatic/problems/low-alkalinity-symptoms.html,programmatic-longtail,false,none,0,3,3
https://waterbalancetools.com/programmatic/shock/how-much-shock-for-10000-gallon-pool,programmatic/shock/how-much-shock-for-10000-gallon-pool.html,programmatic-longtail,false,none,0,2,2
https://waterbalancetools.com/programmatic/shock/how-much-shock-for-15000-gallon-pool,programmatic/shock/how-much-shock-for-15000-gallon-pool.html,programmatic-longtail,false,none,0,2,2
https://waterbalancetools.com/programmatic/shock/how-much-shock-for-20000-gallon-pool,programmatic/shock/how-much-shock-for-20000-gallon-pool.html,programmatic-longtail,false,none,0,2,2
https://waterbalancetools.com/programmatic/shock/how-much-shock-for-25000-gallon-pool,programmatic/shock/how-much-shock-for-25000-gallon-pool.html,programmatic-longtail,false,none,0,2,2
https://waterbalancetools.com/programmatic/shock/how-much-shock-for-30000-gallon-pool,programmatic/shock/how-much-shock-for-30000-gallon-pool.html,programmatic-longtail,false,none,0,2,2
https://waterbalancetools.com/programmatic/shock/how-much-shock-for-5000-gallon-pool,programmatic/shock/how-much-shock-for-5000-gallon-pool.html,programmatic-longtail,false,none,0,2,2
https://waterbalancetools.com/reference/alkalinity-table,reference/alkalinity-table.html,reference-page,false,"internal ""last reviewed"" stamp only (no external citation)",0,1,1
https://waterbalancetools.com/reference/calcium-hardness-explained,reference/calcium-hardness-explained.html,reference-page,false,none,0,7,7
https://waterbalancetools.com/reference/calculator-directory,reference/calculator-directory.html,reference-page,false,"internal ""last reviewed"" stamp only (no external citation)",0,0,0
https://waterbalancetools.com/reference/chemical-compatibility,reference/chemical-compatibility.html,reference-page,false,"internal ""last reviewed"" stamp only (no external citation)",0,0,0
https://waterbalancetools.com/reference/chemical-conversion-tables,reference/chemical-conversion-tables.html,reference-page,false,"internal ""last reviewed"" stamp only (no external citation)",0,1,1
https://waterbalancetools.com/reference/chemical-safety,reference/chemical-safety.html,reference-page,false,"internal ""last reviewed"" stamp only (no external citation)",0,0,0
https://waterbalancetools.com/reference/chemical-storage-guide,reference/chemical-storage-guide.html,reference-page,false,"internal ""last reviewed"" stamp only (no external citation)",0,1,1
https://waterbalancetools.com/reference/chlorine-effectiveness-chart,reference/chlorine-effectiveness-chart.html,reference-page,false,"internal ""last reviewed"" stamp only (no external citation)",0,1,1
https://waterbalancetools.com/reference/chlorine-explained,reference/chlorine-explained.html,reference-page,false,none,0,7,7
https://waterbalancetools.com/reference/combined-chlorine-explained,reference/combined-chlorine-explained.html,reference-page,false,none,0,5,5
https://waterbalancetools.com/reference/common-pool-chemistry-mistakes,reference/common-pool-chemistry-mistakes.html,reference-page,false,none,0,2,2
https://waterbalancetools.com/reference/cya-matrix,reference/cya-matrix.html,reference-page,false,"internal ""last reviewed"" stamp only (no external citation)",0,2,2
https://waterbalancetools.com/reference/cyanuric-acid-explained,reference/cyanuric-acid-explained.html,reference-page,false,none,0,7,7
https://waterbalancetools.com/reference/datasets/chemical-properties/,reference/datasets/chemical-properties/index.html,dataset-page,false,"internal ""last reviewed"" stamp only (no external citation)",0,1,1
https://waterbalancetools.com/reference/datasets/chemical-ranges/,reference/datasets/chemical-ranges/index.html,dataset-page,false,"internal ""last reviewed"" stamp only (no external citation)",0,5,5
https://waterbalancetools.com/reference/datasets/compatibility/,reference/datasets/compatibility/index.html,dataset-page,false,"internal ""last reviewed"" stamp only (no external citation)",0,0,0
https://waterbalancetools.com/reference/datasets/confidence-levels/,reference/datasets/confidence-levels/index.html,dataset-page,false,"internal ""last reviewed"" stamp only (no external citation)",0,0,0
https://waterbalancetools.com/reference/datasets/conversion-factors/,reference/datasets/conversion-factors/index.html,dataset-page,false,"internal ""last reviewed"" stamp only (no external citation)",0,1,1
https://waterbalancetools.com/reference/datasets/dosage-matrices/,reference/datasets/dosage-matrices/index.html,dataset-page,false,"internal ""last reviewed"" stamp only (no external citation)",0,11,11
https://waterbalancetools.com/reference/datasets/hot-tub-ranges/,reference/datasets/hot-tub-ranges/index.html,dataset-page,false,"internal ""last reviewed"" stamp only (no external citation)",0,1,1
https://waterbalancetools.com/reference/datasets/,reference/datasets/index.html,dataset-page,false,none,0,0,0
https://waterbalancetools.com/reference/datasets/maintenance-schedules/,reference/datasets/maintenance-schedules/index.html,dataset-page,false,"internal ""last reviewed"" stamp only (no external citation)",0,1,1
https://waterbalancetools.com/reference/datasets/pool-types/,reference/datasets/pool-types/index.html,dataset-page,false,"internal ""last reviewed"" stamp only (no external citation)",0,0,0
https://waterbalancetools.com/reference/datasets/temperature-guidelines/,reference/datasets/temperature-guidelines/index.html,dataset-page,false,"internal ""last reviewed"" stamp only (no external citation)",0,6,6
https://waterbalancetools.com/reference/datasets/testing-frequency/,reference/datasets/testing-frequency/index.html,dataset-page,false,"internal ""last reviewed"" stamp only (no external citation)",0,3,3
https://waterbalancetools.com/reference/datasets/units/,reference/datasets/units/index.html,dataset-page,false,"internal ""last reviewed"" stamp only (no external citation)",0,1,1
https://waterbalancetools.com/reference/datasets/version/,reference/datasets/version/index.html,dataset-page,false,none,0,0,0
https://waterbalancetools.com/reference/datasets/water-balance/,reference/datasets/water-balance/index.html,dataset-page,false,"internal ""last reviewed"" stamp only (no external citation)",0,2,2
https://waterbalancetools.com/reference/datasets/water-problems/,reference/datasets/water-problems/index.html,dataset-page,false,"internal ""last reviewed"" stamp only (no external citation)",0,1,1
https://waterbalancetools.com/reference/emergency-recovery,reference/emergency-recovery.html,reference-page,false,"internal ""last reviewed"" stamp only (no external citation)",0,4,4
https://waterbalancetools.com/reference/filter-comparison,reference/filter-comparison.html,reference-page,false,"internal ""last reviewed"" stamp only (no external citation)",0,0,0
https://waterbalancetools.com/reference/free-chlorine-explained,reference/free-chlorine-explained.html,reference-page,false,none,0,5,5
https://waterbalancetools.com/reference/ideal-pool-levels,reference/ideal-pool-levels.html,reference-page,false,"internal ""last reviewed"" stamp only (no external citation)",0,2,2
https://waterbalancetools.com/reference/ideal-spa-levels,reference/ideal-spa-levels.html,reference-page,false,"internal ""last reviewed"" stamp only (no external citation)",0,2,2
https://waterbalancetools.com/reference/ph-table,reference/ph-table.html,reference-page,false,"internal ""last reviewed"" stamp only (no external citation)",0,2,2
https://waterbalancetools.com/reference/pool-chemical-timeline,reference/pool-chemical-timeline.html,reference-page,false,"internal ""last reviewed"" stamp only (no external citation)",0,2,2
https://waterbalancetools.com/reference/pool-chemicals-explained,reference/pool-chemicals-explained.html,reference-page,false,none,0,2,2
https://waterbalancetools.com/reference/pool-chemistry-reference,reference/pool-chemistry-reference.html,reference-page,false,none,0,5,5
https://waterbalancetools.com/reference/pool-shape-guide,reference/pool-shape-guide.html,reference-page,false,"internal ""last reviewed"" stamp only (no external citation)",0,1,1
https://waterbalancetools.com/reference/pool-volume-reference,reference/pool-volume-reference.html,reference-page,false,"internal ""last reviewed"" stamp only (no external citation)",0,0,0
https://waterbalancetools.com/reference/printable-resources-index,reference/printable-resources-index.html,reference-page,false,"internal ""last reviewed"" stamp only (no external citation)",0,0,0
https://waterbalancetools.com/reference/pump-sizing,reference/pump-sizing.html,reference-page,false,"internal ""last reviewed"" stamp only (no external citation)",0,0,0
https://waterbalancetools.com/reference/recommended-water-temperature,reference/recommended-water-temperature.html,reference-page,false,"internal ""last reviewed"" stamp only (no external citation)",0,2,2
https://waterbalancetools.com/reference/salt-matrix,reference/salt-matrix.html,reference-page,false,"internal ""last reviewed"" stamp only (no external citation)",0,1,1
https://waterbalancetools.com/reference/salt-water-generator-explained,reference/salt-water-generator-explained.html,reference-page,false,none,0,5,5
https://waterbalancetools.com/reference/shock-dosage-matrix,reference/shock-dosage-matrix.html,reference-page,false,"internal ""last reviewed"" stamp only (no external citation)",0,7,7
https://waterbalancetools.com/reference/shock-treatment-explained,reference/shock-treatment-explained.html,reference-page,false,none,0,8,8
https://waterbalancetools.com/reference/testing-frequency,reference/testing-frequency.html,reference-page,false,"internal ""last reviewed"" stamp only (no external citation)",0,0,0
https://waterbalancetools.com/reference/total-alkalinity-explained,reference/total-alkalinity-explained.html,reference-page,false,none,0,5,5
https://waterbalancetools.com/reference/vacation-rental-maintenance-schedule,reference/vacation-rental-maintenance-schedule.html,reference-page,false,"internal ""last reviewed"" stamp only (no external citation)",0,1,1
https://waterbalancetools.com/reference/water-balance-checklist,reference/water-balance-checklist.html,reference-page,false,"internal ""last reviewed"" stamp only (no external citation)",0,2,2
https://waterbalancetools.com/reference/water-replacement-guidelines,reference/water-replacement-guidelines.html,reference-page,false,"internal ""last reviewed"" stamp only (no external citation)",0,1,1
